Id,nomePaciente,Idade,estado,Cidade,LocalDeAtendimento,Especialidade,Diagnostico,DataAtendimento,Sexo,TipoAtendimento,PlanoSaude
1,Joaquim Borges,95,RJ,Rio de Janeiro,Pronto-Socorro,Ortopedia,Dor abdominal,2023-11-13,Masculino,Consulta,SulAmérica
2,Dom Sá,76,SC,Florianópolis,Laboratório,Clínica Geral,Hipertensão,2024-06-04,Masculino,Retorno,SUS
3,Sra. Cecília Dias,72,SC,Florianópolis,Clínica Particular,Endocrinologia,Gastrite,2024-11-24,Masculino,Exame,Bradesco Saúde
4,Bruno da Luz,21,RS,Porto Alegre,Laboratório,Ginecologia,Enxaqueca,2025-07-14,Masculino,Retorno,Unimed
5,Asafe Cavalcanti,49,RJ,Rio de Janeiro,UBS,Ginecologia,Dermatite,2024-10-26,Feminino,Urgência,Particular
6,Clarice Moura,49,CE,Fortaleza,UBS,Endocrinologia,Enxaqueca,2025-01-22,Feminino,Retorno,SulAmérica
7,Cauê Vieira,85,RJ,Rio de Janeiro,Clínica Particular,Dermatologia,Diabetes,2023-12-22,Masculino,Consulta,Amil
8,Mariana Borges,82,RS,Santa Maria,Centro Médico,Pediatria,Lombalgia,2024-01-05,Feminino,Retorno,SulAmérica
9,João Pedro Nogueira,78,RS,Porto Alegre,UPA,Endocrinologia,Asma,2025-02-09,Masculino,Retorno,Amil
10,Ana da Cruz,82,PE,Caruaru,Clínica Particular,Ginecologia,Dermatite,2026-06-19,Masculino,Retorno,Particular
11,Ísis da Mata,35,BA,Ilhéus,UBS,Ortopedia,Ansiedade,2025-02-05,Feminino,Retorno,SulAmérica
12,Mirella Macedo,83,CE,Sobral,Unidade de Saúde da Família,Pediatria,Enxaqueca,2025-02-07,Masculino,Retorno,SulAmérica
13,Luiz Miguel Guerra,75,SC,Blumenau,Laboratório,Psiquiatria,Gastrite,2025-10-27,Feminino,Retorno,SUS
14,Sra. Ana Lívia Silveira,12,SC,Chapecó,Hospital,Cardiologia,Infecção respiratória,2024-03-09,Masculino,Exame,Bradesco Saúde
15,Dr. Dante Moura,49,RJ,Volta Redonda,Unidade de Saúde da Família,Endocrinologia,Enxaqueca,2026-05-06,Masculino,Consulta,SulAmérica
16,Kamilly da Paz,83,SC,Blumenau,Centro Médico,Cardiologia,Enxaqueca,2026-04-15,Feminino,Retorno,Amil
17,Davi Miguel Cavalcanti,65,SP,Santos,UPA,Endocrinologia,Ansiedade,2024-01-03,Masculino,Urgência,SulAmérica
18,Heitor Pires,20,SC,Joinville,Centro Médico,Pediatria,Artrite,2024-07-24,Masculino,Urgência,Amil
19,Sofia da Paz,47,SP,São Paulo,Pronto-Socorro,Ortopedia,Hipertensão,2023-09-29,Masculino,Consulta,Particular
20,Sarah da Cunha,69,CE,Fortaleza,UPA,Pediatria,Infecção urinária,2024-06-06,Feminino,Retorno,Unimed
21,Gael Vasconcelos,28,SC,Chapecó,Clínica Particular,Dermatologia,Gastrite,2024-01-11,Feminino,Exame,Bradesco Saúde
22,Noah Rodrigues,32,CE,Fortaleza,Clínica Particular,Cardiologia,Lombalgia,2024-11-15,Masculino,Retorno,Bradesco Saúde
23,Emanuel Nunes,10,PR,Curitiba,Hospital,Ortopedia,Diabetes,2024-08-14,Masculino,Urgência,Particular
24,Dr. Ravy Leão,36,SC,Joinville,Unidade de Saúde da Família,Ortopedia,Artrite,2024-07-31,Masculino,Exame,SUS
25,Isaque Lopes,25,CE,Sobral,UBS,Cardiologia,Infecção urinária,2024-01-11,Feminino,Urgência,Amil
26,Léo Castro,94,PE,Petrolina,Hospital,Cardiologia,Hipertensão,2025-07-02,Feminino,Urgência,Particular
27,Dr. Arthur Miguel Lopes,25,PR,Londrina,Unidade de Saúde da Família,Pediatria,Gastrite,2024-09-05,Masculino,Urgência,Amil
28,Bárbara Sales,57,PR,Curitiba,UBS,Clínica Geral,Infecção urinária,2026-02-24,Masculino,Consulta,SUS
29,Dr. Arthur Miguel Mendes,63,MG,Contagem,Unidade de Saúde da Família,Ortopedia,Dermatite,2025-10-23,Feminino,Consulta,SUS
30,André Casa Grande,50,PE,Recife,Pronto-Socorro,Neurologia,Enxaqueca,2025-03-25,Feminino,Exame,SUS
31,Ravy Campos,28,PR,Maringá,Hospital,Psiquiatria,Asma,2023-11-01,Masculino,Urgência,Particular
32,Enzo Gabriel Garcia,62,SP,São José dos Campos,UPA,Clínica Geral,Artrite,2023-08-28,Masculino,Retorno,Particular
33,Srta. Letícia Araújo,87,GO,Goiânia,Clínica Particular,Oftalmologia,Diabetes,2025-05-25,Masculino,Consulta,Bradesco Saúde
34,Davi Lucas Vieira,85,RJ,Volta Redonda,Centro Médico,Dermatologia,Dor abdominal,2024-04-23,Feminino,Retorno,Unimed
35,Marcelo da Rocha,86,PE,Olinda,Pronto-Socorro,Neurologia,Lombalgia,2023-12-12,Masculino,Consulta,Amil
36,Luiz Gustavo Silveira,10,GO,Goiânia,Clínica Particular,Endocrinologia,Enxaqueca,2025-09-19,Masculino,Urgência,Particular
37,Sophie Farias,37,PR,Maringá,UPA,Neurologia,Dermatite,2025-10-21,Feminino,Consulta,SulAmérica
38,Dante Alves,85,SC,Blumenau,UBS,Pediatria,Enxaqueca,2024-11-18,Masculino,Consulta,SulAmérica
39,José Castro,35,SC,Joinville,Pronto-Socorro,Psiquiatria,Dor abdominal,2024-04-25,Feminino,Retorno,SulAmérica
40,Luana Cirino,33,RS,Santa Maria,Hospital,Cardiologia,Infecção urinária,2025-07-19,Feminino,Urgência,Particular
41,Yan Nascimento,17,SP,Santos,Pronto-Socorro,Pediatria,Asma,2025-03-30,Feminino,Exame,Bradesco Saúde
42,Bianca Barros,10,SP,São Paulo,UPA,Endocrinologia,Hipertensão,2023-10-07,Feminino,Retorno,Amil
43,Juliana Ramos,40,MG,Belo Horizonte,Centro Médico,Clínica Geral,Ansiedade,2024-10-04,Feminino,Retorno,SulAmérica
44,Anna Liz Novaes,46,PR,Curitiba,Laboratório,Psiquiatria,Asma,2026-07-06,Masculino,Retorno,SUS
45,Mathias Brito,4,MG,Contagem,UPA,Ginecologia,Colesterol elevado,2026-05-13,Feminino,Retorno,Unimed
46,Maria Fernanda Almeida,49,MG,Belo Horizonte,Hospital,Neurologia,Dor abdominal,2025-04-27,Masculino,Exame,Unimed
47,Júlia Pires,29,RS,Caxias do Sul,Hospital,Ortopedia,Gastrite,2023-10-24,Feminino,Urgência,Particular
48,Marina Rodrigues,83,RS,Pelotas,Laboratório,Endocrinologia,Lombalgia,2023-12-11,Masculino,Consulta,Unimed
49,Srta. Lavínia Guerra,5,MG,Juiz de Fora,UBS,Psiquiatria,Gastrite,2024-06-12,Feminino,Urgência,Amil
50,Juliana da Mata,50,GO,Goiânia,Clínica Particular,Dermatologia,Hipertensão,2026-06-08,Feminino,Consulta,Bradesco Saúde
51,Juliana Nascimento,47,SC,Joinville,Laboratório,Cardiologia,Infecção urinária,2024-06-12,Feminino,Urgência,SulAmérica
52,Dra. Valentina Macedo,65,RJ,Petrópolis,Pronto-Socorro,Oftalmologia,Lombalgia,2026-03-11,Feminino,Urgência,Bradesco Saúde
53,Clara da Cruz,54,MG,Uberlândia,Laboratório,Pediatria,Consulta de rotina,2026-01-12,Feminino,Exame,Bradesco Saúde
54,Juan Pereira,37,SP,Santos,Clínica Particular,Oftalmologia,Colesterol elevado,2025-06-18,Feminino,Exame,Amil
55,André Borges,66,CE,Caucaia,Unidade de Saúde da Família,Pediatria,Infecção urinária,2023-10-25,Masculino,Urgência,Bradesco Saúde
56,Maria Helena Marques,12,GO,Anápolis,Clínica Particular,Dermatologia,Dor abdominal,2025-08-13,Masculino,Retorno,Particular
57,Francisco da Rocha,61,SP,Campinas,UBS,Neurologia,Gastrite,2024-09-15,Masculino,Exame,Amil
58,Juan Fonseca,19,PE,Olinda,Hospital,Cardiologia,Colesterol elevado,2024-08-17,Feminino,Retorno,SUS
59,Miguel Macedo,7,SC,Chapecó,Clínica Particular,Cardiologia,Alergia,2025-10-23,Masculino,Exame,SulAmérica
60,Mariah Guerra,57,SC,Blumenau,Laboratório,Endocrinologia,Alergia,2026-05-20,Masculino,Exame,Amil
61,Sr. Benicio Vargas,82,RS,Caxias do Sul,Pronto-Socorro,Endocrinologia,Alergia,2026-02-02,Masculino,Urgência,Amil
62,Eduarda Cassiano,31,RJ,Petrópolis,Pronto-Socorro,Ginecologia,Lombalgia,2025-05-18,Masculino,Retorno,SUS
63,Rafael da Luz,89,PR,Cascavel,UPA,Ortopedia,Diabetes,2024-09-23,Feminino,Exame,Unimed
64,Dr. Heitor Garcia,54,SC,Chapecó,Hospital,Ortopedia,Dermatite,2024-11-25,Feminino,Exame,Bradesco Saúde
65,Mariana Mendonça,49,SP,São José dos Campos,Unidade de Saúde da Família,Clínica Geral,Lombalgia,2024-06-19,Feminino,Exame,Amil
66,Dr. Pedro Lucas Mendonça,63,SC,Joinville,Clínica Particular,Dermatologia,Gastrite,2025-04-15,Feminino,Consulta,Amil
67,Otto Casa Grande,93,BA,Ilhéus,UPA,Neurologia,Ansiedade,2025-07-19,Masculino,Consulta,Amil
68,Davi Lucca Freitas,11,GO,Goiânia,Laboratório,Pediatria,Dermatite,2025-08-02,Feminino,Retorno,Particular
69,Sra. Cecília Sampaio,42,RS,Santa Maria,Clínica Particular,Neurologia,Lombalgia,2025-08-11,Feminino,Exame,Unimed
70,Samuel Jesus,11,PE,Caruaru,Unidade de Saúde da Família,Clínica Geral,Asma,2024-01-20,Masculino,Urgência,SUS
71,Eloá da Conceição,4,RJ,Rio de Janeiro,Clínica Particular,Ortopedia,Dermatite,2026-03-24,Masculino,Retorno,SUS
72,Leandro Sousa,86,MG,Contagem,UBS,Psiquiatria,Dor abdominal,2026-07-25,Feminino,Urgência,Unimed
73,Milena Nunes,21,MG,Belo Horizonte,Pronto-Socorro,Cardiologia,Consulta de rotina,2025-04-21,Masculino,Urgência,Bradesco Saúde
74,Isabelly Sá,92,PE,Petrolina,Clínica Particular,Cardiologia,Consulta de rotina,2024-11-06,Masculino,Consulta,SulAmérica
75,Sr. Alexandre Rodrigues,73,RS,Porto Alegre,Hospital,Ginecologia,Artrite,2024-01-29,Feminino,Urgência,Particular
76,Isabela Borges,2,SC,Blumenau,Laboratório,Neurologia,Diabetes,2024-12-31,Feminino,Urgência,SulAmérica
77,Giovanna Rios,56,CE,Caucaia,UPA,Endocrinologia,Infecção urinária,2026-08-09,Feminino,Exame,Amil
78,Beatriz Farias,42,PE,Caruaru,Clínica Particular,Cardiologia,Enxaqueca,2023-10-27,Feminino,Retorno,Amil
79,Eloah Marques,44,GO,Rio Verde,Hospital,Neurologia,Dermatite,2025-03-25,Feminino,Retorno,Amil
80,Jade da Costa,34,PR,Maringá,Centro Médico,Dermatologia,Ansiedade,2026-01-29,Feminino,Consulta,Bradesco Saúde
81,Pedro Lucas Sales,31,PR,Curitiba,Laboratório,Neurologia,Artrite,2026-05-08,Masculino,Exame,SulAmérica
82,Isabella da Cruz,3,CE,Sobral,UBS,Dermatologia,Dor abdominal,2026-07-25,Feminino,Retorno,Unimed
83,Thales Borges,61,GO,Anápolis,Centro Médico,Oftalmologia,Asma,2024-07-17,Feminino,Urgência,SulAmérica
84,Letícia Cavalcanti,40,CE,Juazeiro do Norte,Pronto-Socorro,Ortopedia,Diabetes,2026-01-08,Masculino,Urgência,Particular
85,Lavínia Guerra,25,SC,Joinville,Clínica Particular,Neurologia,Enxaqueca,2026-01-19,Feminino,Consulta,SUS
86,Raquel Dias,47,RS,Caxias do Sul,UPA,Dermatologia,Hipertensão,2026-06-18,Masculino,Urgência,Particular
87,Sr. Erick da Cunha,38,SP,São José dos Campos,UPA,Neurologia,Diabetes,2025-02-04,Masculino,Urgência,Amil
88,Arthur Miguel Sousa,44,CE,Sobral,UPA,Clínica Geral,Enxaqueca,2024-07-14,Feminino,Consulta,Particular
89,Ana Sophia Moraes,10,PE,Petrolina,Hospital,Pediatria,Infecção respiratória,2024-08-06,Feminino,Consulta,SUS
90,Luiz Otávio Andrade,78,RJ,Volta Redonda,Clínica Particular,Endocrinologia,Gastrite,2025-11-22,Feminino,Exame,Unimed
91,João Gabriel Monteiro,40,GO,Rio Verde,Hospital,Psiquiatria,Asma,2025-03-03,Masculino,Retorno,SulAmérica
92,Dom Guerra,85,PR,Maringá,UBS,Pediatria,Dor abdominal,2025-12-13,Masculino,Consulta,SUS
93,Joana da Conceição,58,SP,Ribeirão Preto,Unidade de Saúde da Família,Dermatologia,Hipertensão,2024-10-30,Masculino,Urgência,SulAmérica
94,Ana Sophia Costela,10,RS,Santa Maria,Clínica Particular,Dermatologia,Colesterol elevado,2024-09-15,Masculino,Exame,Particular
95,Joaquim da Mata,83,SC,Joinville,UPA,Dermatologia,Dermatite,2024-10-19,Masculino,Consulta,Particular
96,Enzo Gabriel Porto,77,MG,Juiz de Fora,Pronto-Socorro,Neurologia,Diabetes,2024-03-11,Feminino,Urgência,SulAmérica
97,Srta. Emilly Borges,65,PE,Caruaru,Unidade de Saúde da Família,Neurologia,Diabetes,2024-06-21,Masculino,Exame,SulAmérica
98,Sr. Rael Câmara,4,BA,Vitória da Conquista,UBS,Ortopedia,Infecção urinária,2025-06-30,Masculino,Urgência,Bradesco Saúde
99,Kevin Santos,61,SP,Campinas,Unidade de Saúde da Família,Dermatologia,Infecção respiratória,2026-03-02,Feminino,Exame,Particular
100,Thomas Cavalcanti,53,CE,Juazeiro do Norte,Centro Médico,Ginecologia,Infecção urinária,2025-03-31,Masculino,Retorno,Unimed
101,Emanuella Silveira,37,PE,Petrolina,Laboratório,Endocrinologia,Hipertensão,2025-09-28,Feminino,Consulta,Unimed
102,Milena Rios,15,RS,Pelotas,Laboratório,Endocrinologia,Dermatite,2025-01-18,Masculino,Exame,Amil
103,Mateus Cassiano,67,SP,Campinas,Centro Médico,Psiquiatria,Colesterol elevado,2024-02-26,Feminino,Exame,Particular
104,Lucas Gabriel Abreu,71,PR,Maringá,UPA,Dermatologia,Alergia,2025-06-07,Feminino,Consulta,Particular
105,Helena da Rocha,91,GO,Aparecida de Goiânia,UPA,Dermatologia,Artrite,2024-09-02,Masculino,Exame,Particular
106,Amanda da Cruz,60,PR,Curitiba,UBS,Pediatria,Alergia,2024-02-13,Feminino,Urgência,Amil
107,João Farias,32,CE,Sobral,Unidade de Saúde da Família,Endocrinologia,Infecção respiratória,2025-06-24,Feminino,Retorno,Bradesco Saúde
108,Daniel Lima,9,SC,Joinville,Pronto-Socorro,Oftalmologia,Lombalgia,2025-12-20,Feminino,Consulta,Unimed
109,Bella Gonçalves,20,RS,Santa Maria,Unidade de Saúde da Família,Endocrinologia,Alergia,2024-10-19,Feminino,Urgência,Bradesco Saúde
110,Allana Lima,59,SC,Chapecó,Centro Médico,Ortopedia,Asma,2025-09-18,Masculino,Exame,SUS
111,Maria Júlia Almeida,41,PE,Recife,Unidade de Saúde da Família,Oftalmologia,Gastrite,2026-02-17,Masculino,Exame,Particular
112,Ravi Lucca Casa Grande,13,MG,Juiz de Fora,Unidade de Saúde da Família,Cardiologia,Artrite,2025-08-01,Feminino,Consulta,SulAmérica
113,Isabella Costela,84,MG,Contagem,UPA,Cardiologia,Alergia,2024-08-16,Feminino,Urgência,Bradesco Saúde
114,Valentim Sampaio,43,PE,Recife,Laboratório,Ginecologia,Infecção urinária,2023-10-16,Feminino,Consulta,Bradesco Saúde
115,Cauê Aparecida,81,RJ,Niterói,Pronto-Socorro,Ortopedia,Asma,2024-12-06,Masculino,Exame,Particular
116,Rafael Correia,22,RJ,Volta Redonda,Pronto-Socorro,Clínica Geral,Hipertensão,2026-07-12,Feminino,Consulta,Unimed
117,Maria Vitória Brito,56,BA,Vitória da Conquista,UPA,Ortopedia,Artrite,2025-12-01,Feminino,Retorno,SUS
118,Leonardo Nogueira,79,MG,Belo Horizonte,Laboratório,Psiquiatria,Infecção urinária,2026-01-27,Masculino,Exame,Bradesco Saúde
119,Vicente Costa,60,MG,Uberlândia,Pronto-Socorro,Neurologia,Enxaqueca,2024-09-24,Masculino,Exame,Unimed
120,Arthur Miguel Rodrigues,10,SC,Joinville,Unidade de Saúde da Família,Ginecologia,Consulta de rotina,2026-04-19,Feminino,Exame,SulAmérica
121,Pietra Ferreira,39,RS,Santa Maria,Clínica Particular,Oftalmologia,Dermatite,2025-02-11,Feminino,Consulta,SUS
122,Lucca Souza,74,PE,Caruaru,Pronto-Socorro,Dermatologia,Hipertensão,2025-05-23,Feminino,Urgência,Particular
123,Srta. Jade da Cruz,78,GO,Goiânia,Unidade de Saúde da Família,Dermatologia,Colesterol elevado,2025-07-15,Masculino,Urgência,SUS
124,Melina Casa Grande,87,PR,Maringá,UPA,Cardiologia,Ansiedade,2024-08-18,Masculino,Urgência,Amil
125,Ana Beatriz Rios,47,SP,São José dos Campos,UPA,Cardiologia,Ansiedade,2025-02-22,Feminino,Urgência,SulAmérica
126,Gustavo Henrique Sousa,26,PE,Olinda,UPA,Endocrinologia,Ansiedade,2026-05-22,Feminino,Urgência,SUS
127,André Sousa,38,RS,Santa Maria,Centro Médico,Cardiologia,Alergia,2023-11-05,Masculino,Retorno,SUS
128,Gustavo Henrique Aparecida,12,PE,Caruaru,Laboratório,Clínica Geral,Enxaqueca,2023-09-21,Masculino,Exame,Unimed
129,Maria Porto,82,RS,Santa Maria,Centro Médico,Cardiologia,Infecção urinária,2024-10-30,Masculino,Exame,Particular
130,Valentim Rezende,79,GO,Anápolis,Clínica Particular,Cardiologia,Infecção urinária,2026-01-10,Feminino,Urgência,SulAmérica
131,Valentina Carvalho,18,PE,Recife,Hospital,Clínica Geral,Enxaqueca,2025-08-09,Feminino,Consulta,Particular
132,Antonella Mendonça,50,PR,Londrina,Unidade de Saúde da Família,Ginecologia,Infecção urinária,2025-12-08,Feminino,Retorno,Amil
133,Srta. Maria Isis Mendonça,79,RJ,Volta Redonda,Laboratório,Dermatologia,Hipertensão,2023-12-23,Feminino,Retorno,Amil
134,Dra. Júlia da Rosa,47,CE,Caucaia,UBS,Ginecologia,Artrite,2023-08-24,Feminino,Consulta,Amil
135,Laís Cirino,16,RS,Caxias do Sul,Unidade de Saúde da Família,Cardiologia,Infecção urinária,2023-11-04,Masculino,Consulta,Particular
136,Luiz Otávio Novaes,17,BA,Feira de Santana,Clínica Particular,Cardiologia,Dermatite,2024-06-08,Masculino,Retorno,SUS
137,Laura Souza,77,BA,Feira de Santana,Hospital,Dermatologia,Dermatite,2025-08-26,Masculino,Retorno,Bradesco Saúde
138,Nicole da Mota,15,RS,Caxias do Sul,Hospital,Pediatria,Hipertensão,2024-09-01,Feminino,Retorno,Bradesco Saúde
139,Milena Moreira,23,BA,Salvador,Pronto-Socorro,Clínica Geral,Infecção respiratória,2026-03-13,Feminino,Consulta,SulAmérica
140,Yasmin Cirino,58,RJ,Volta Redonda,Centro Médico,Endocrinologia,Consulta de rotina,2024-03-31,Masculino,Exame,Bradesco Saúde
141,Heitor da Rocha,94,PR,Curitiba,Pronto-Socorro,Neurologia,Infecção urinária,2024-03-27,Masculino,Consulta,Amil
142,Clara Camargo,88,PE,Petrolina,UBS,Neurologia,Asma,2023-08-23,Feminino,Consulta,Particular
143,Caleb Gomes,9,BA,Feira de Santana,UPA,Dermatologia,Consulta de rotina,2024-12-23,Feminino,Exame,Bradesco Saúde
144,Apollo Rodrigues,59,SC,Blumenau,Laboratório,Cardiologia,Colesterol elevado,2025-11-06,Masculino,Retorno,Amil
145,Gabrielly Correia,53,CE,Caucaia,Centro Médico,Neurologia,Gastrite,2025-02-12,Feminino,Consulta,Unimed
146,Maria Lima,86,PE,Caruaru,Pronto-Socorro,Ginecologia,Infecção respiratória,2023-08-29,Feminino,Consulta,Particular
147,Davi Miguel Barros,56,RJ,Rio de Janeiro,UBS,Ginecologia,Colesterol elevado,2024-12-25,Masculino,Consulta,Bradesco Saúde
148,Dra. Kamilly Araújo,86,SC,Blumenau,UBS,Oftalmologia,Lombalgia,2025-04-30,Feminino,Consulta,Unimed
149,Nina da Luz,46,GO,Anápolis,UBS,Psiquiatria,Artrite,2023-11-16,Masculino,Retorno,SulAmérica
150,Isaque Cassiano,14,CE,Caucaia,Centro Médico,Endocrinologia,Lombalgia,2024-06-14,Masculino,Urgência,Bradesco Saúde
151,Joaquim Viana,72,PR,Cascavel,Hospital,Psiquiatria,Ansiedade,2023-11-02,Feminino,Consulta,SUS
152,Milena Pacheco,44,RS,Pelotas,Centro Médico,Clínica Geral,Infecção respiratória,2023-10-16,Masculino,Exame,Particular
153,Luiza Nascimento,12,MG,Belo Horizonte,Clínica Particular,Oftalmologia,Gastrite,2025-02-03,Feminino,Urgência,SUS
154,Joaquim Novais,93,BA,Vitória da Conquista,Centro Médico,Psiquiatria,Consulta de rotina,2024-10-29,Masculino,Consulta,SUS
155,Olivia Sampaio,87,MG,Belo Horizonte,UBS,Dermatologia,Alergia,2025-01-28,Feminino,Exame,Bradesco Saúde
156,Arthur Gabriel Fonseca,35,CE,Sobral,Clínica Particular,Endocrinologia,Diabetes,2025-12-11,Feminino,Exame,Particular
157,Ana Júlia da Mata,68,RS,Santa Maria,Pronto-Socorro,Clínica Geral,Dor abdominal,2026-02-24,Feminino,Consulta,Particular
158,Maria Isis Macedo,28,PR,Maringá,UPA,Dermatologia,Enxaqueca,2023-11-04,Feminino,Consulta,Particular
159,Ian Moura,23,CE,Sobral,UPA,Oftalmologia,Artrite,2025-06-06,Masculino,Urgência,Particular
160,Natália Campos,56,PE,Recife,Hospital,Neurologia,Ansiedade,2026-04-14,Masculino,Urgência,Bradesco Saúde
161,Eloá Peixoto,91,PE,Petrolina,Laboratório,Dermatologia,Diabetes,2024-04-24,Feminino,Consulta,Unimed
162,Arthur Gabriel Costa,89,MG,Contagem,Centro Médico,Cardiologia,Gastrite,2024-08-06,Masculino,Retorno,Amil
163,Maria Azevedo,68,GO,Rio Verde,UBS,Oftalmologia,Dermatite,2024-02-14,Feminino,Urgência,SUS
164,Agatha Costela,10,BA,Feira de Santana,UBS,Endocrinologia,Artrite,2024-07-30,Masculino,Urgência,Unimed
165,Srta. Maria Fernanda Cavalcanti,14,MG,Uberlândia,UPA,Dermatologia,Dor abdominal,2026-02-09,Masculino,Retorno,SulAmérica
166,Esther Guerra,81,RJ,Niterói,Unidade de Saúde da Família,Neurologia,Colesterol elevado,2025-10-28,Feminino,Urgência,SulAmérica
167,Sr. Antony Gomes,57,BA,Feira de Santana,UBS,Neurologia,Alergia,2026-06-11,Feminino,Urgência,Bradesco Saúde
168,Ana Julia Cardoso,65,SP,Santos,UBS,Dermatologia,Alergia,2024-07-26,Feminino,Consulta,Particular
169,Liz Pereira,10,BA,Vitória da Conquista,UBS,Psiquiatria,Consulta de rotina,2023-08-31,Feminino,Exame,Bradesco Saúde
170,Sr. Davi Novais,58,SC,Florianópolis,Clínica Particular,Ginecologia,Consulta de rotina,2024-02-23,Feminino,Retorno,Particular
171,Luigi Albuquerque,44,CE,Fortaleza,UBS,Endocrinologia,Infecção urinária,2025-05-27,Masculino,Consulta,SUS
172,Ana Vitória Rocha,68,CE,Sobral,UPA,Ginecologia,Lombalgia,2025-09-18,Feminino,Exame,Amil
173,Dom Costela,81,BA,Salvador,Centro Médico,Cardiologia,Lombalgia,2026-03-16,Masculino,Exame,Unimed
174,Sra. Caroline Camargo,43,RS,Caxias do Sul,UBS,Psiquiatria,Infecção urinária,2026-06-07,Masculino,Urgência,Unimed
175,Caleb Peixoto,77,PE,Olinda,UBS,Dermatologia,Artrite,2024-05-31,Feminino,Urgência,SUS
176,Cauã da Rocha,83,SC,Florianópolis,Laboratório,Endocrinologia,Lombalgia,2025-11-22,Masculino,Urgência,Unimed
177,Manuella Gonçalves,44,MG,Uberlândia,Unidade de Saúde da Família,Ortopedia,Dor abdominal,2026-03-17,Masculino,Retorno,Particular
178,João Lucas Aragão,65,RS,Porto Alegre,Hospital,Ginecologia,Ansiedade,2024-04-29,Masculino,Exame,SUS
179,Sra. Maria Luiza Martins,89,MG,Uberlândia,UPA,Neurologia,Hipertensão,2024-05-17,Feminino,Urgência,SulAmérica
180,Sra. Heloísa Sá,79,PR,Cascavel,Pronto-Socorro,Neurologia,Dor abdominal,2024-12-23,Masculino,Urgência,Amil
181,Maria Cecília Pimenta,87,PR,Maringá,Unidade de Saúde da Família,Neurologia,Colesterol elevado,2025-12-04,Feminino,Exame,Bradesco Saúde
182,André da Rocha,21,SC,Chapecó,Clínica Particular,Psiquiatria,Infecção respiratória,2024-09-02,Feminino,Consulta,SulAmérica
183,Carolina Sá,71,CE,Juazeiro do Norte,UBS,Endocrinologia,Dermatite,2024-07-12,Masculino,Urgência,Particular
184,Evelyn Moraes,58,MG,Juiz de Fora,UPA,Oftalmologia,Diabetes,2025-12-05,Masculino,Exame,Unimed
185,João Gabriel da Paz,7,SP,Ribeirão Preto,Laboratório,Endocrinologia,Lombalgia,2025-02-01,Masculino,Exame,Particular
186,Gael Henrique Vieira,4,BA,Feira de Santana,Centro Médico,Cardiologia,Dermatite,2025-07-19,Feminino,Retorno,SUS
187,Manuella Cassiano,61,SP,Santos,UPA,Neurologia,Alergia,2025-04-26,Masculino,Consulta,Particular
188,Juliana das Neves,20,RS,Caxias do Sul,Laboratório,Cardiologia,Colesterol elevado,2024-06-24,Feminino,Retorno,Unimed
189,Raul Moreira,31,RJ,Rio de Janeiro,Laboratório,Psiquiatria,Alergia,2025-03-29,Masculino,Consulta,Amil
190,Srta. Maria Nascimento,81,GO,Goiânia,Clínica Particular,Pediatria,Enxaqueca,2024-12-02,Feminino,Consulta,Bradesco Saúde
191,Luiz Miguel Pires,74,BA,Feira de Santana,Laboratório,Pediatria,Infecção urinária,2026-04-24,Masculino,Urgência,Particular
192,Miguel Vargas,50,SC,Florianópolis,Unidade de Saúde da Família,Clínica Geral,Infecção urinária,2026-06-10,Feminino,Urgência,Unimed
193,Eduarda Sousa,9,SP,Santos,Centro Médico,Ortopedia,Asma,2025-01-30,Masculino,Urgência,SUS
194,Olívia Camargo,70,SP,Santos,Centro Médico,Pediatria,Dermatite,2026-06-09,Feminino,Exame,SulAmérica
195,Thales Casa Grande,9,MG,Uberlândia,Unidade de Saúde da Família,Clínica Geral,Enxaqueca,2026-01-17,Masculino,Consulta,SUS
196,Gustavo Henrique Fogaça,40,SP,Santos,Laboratório,Endocrinologia,Alergia,2025-09-15,Feminino,Consulta,SulAmérica
197,Dra. Ana Beatriz Rocha,46,PR,Maringá,Hospital,Ginecologia,Enxaqueca,2026-01-31,Masculino,Urgência,Amil
198,Dr. Luiz Felipe Cassiano,50,PE,Petrolina,Centro Médico,Pediatria,Alergia,2024-01-27,Feminino,Urgência,Bradesco Saúde
199,Sra. Ana Vitória Ribeiro,94,RS,Porto Alegre,Laboratório,Cardiologia,Gastrite,2024-12-18,Masculino,Urgência,Unimed
200,Maysa Andrade,42,RJ,Rio de Janeiro,Pronto-Socorro,Dermatologia,Alergia,2025-04-20,Feminino,Retorno,SulAmérica
201,José Miguel Rocha,58,CE,Juazeiro do Norte,Hospital,Ginecologia,Consulta de rotina,2024-01-21,Feminino,Urgência,SulAmérica
202,Isis Oliveira,86,SP,São Paulo,Laboratório,Ginecologia,Artrite,2024-02-29,Masculino,Consulta,SUS
203,Maitê Moraes,5,GO,Rio Verde,UPA,Cardiologia,Dor abdominal,2025-06-28,Feminino,Urgência,Amil
204,Maria Eduarda Alves,78,GO,Goiânia,UPA,Neurologia,Lombalgia,2024-01-04,Feminino,Exame,Particular
205,Sarah Freitas,68,GO,Aparecida de Goiânia,Centro Médico,Oftalmologia,Lombalgia,2025-08-03,Feminino,Retorno,Particular
206,Sabrina da Mata,64,SP,Campinas,Laboratório,Endocrinologia,Diabetes,2026-02-15,Feminino,Urgência,SulAmérica
207,Dr. Leonardo Barbosa,79,CE,Caucaia,Pronto-Socorro,Neurologia,Dor abdominal,2024-06-08,Masculino,Retorno,Particular
208,Benicio Fonseca,92,CE,Caucaia,Unidade de Saúde da Família,Cardiologia,Colesterol elevado,2023-10-10,Feminino,Urgência,SulAmérica
209,Valentina Moreira,39,RJ,Petrópolis,UPA,Pediatria,Colesterol elevado,2026-08-10,Feminino,Retorno,Particular
210,João Guilherme Machado,31,PR,Londrina,Unidade de Saúde da Família,Clínica Geral,Lombalgia,2026-07-16,Feminino,Exame,Bradesco Saúde
211,Antonella Andrade,9,MG,Belo Horizonte,Pronto-Socorro,Oftalmologia,Asma,2024-06-14,Feminino,Exame,Amil
212,Mariah Alves,17,GO,Goiânia,Centro Médico,Cardiologia,Alergia,2025-12-29,Feminino,Urgência,SUS
213,Alícia Melo,17,SC,Joinville,Laboratório,Endocrinologia,Ansiedade,2026-04-24,Masculino,Consulta,Bradesco Saúde
214,Luiz Gustavo Guerra,22,MG,Juiz de Fora,UPA,Ginecologia,Ansiedade,2024-05-19,Masculino,Urgência,Bradesco Saúde
215,José Miguel Barros,33,RS,Porto Alegre,Clínica Particular,Endocrinologia,Enxaqueca,2025-03-28,Masculino,Urgência,Bradesco Saúde
216,Ana Liz Novaes,65,SC,Florianópolis,UPA,Psiquiatria,Consulta de rotina,2024-10-22,Masculino,Retorno,SulAmérica
217,Antonella Cirino,73,GO,Anápolis,Hospital,Clínica Geral,Diabetes,2024-01-18,Masculino,Urgência,SulAmérica
218,João Costela,80,PR,Cascavel,Hospital,Neurologia,Ansiedade,2024-01-19,Feminino,Urgência,Amil
219,Isabela Campos,39,PR,Cascavel,Unidade de Saúde da Família,Cardiologia,Asma,2024-12-04,Masculino,Retorno,Amil
220,Carolina Moreira,60,PE,Petrolina,Clínica Particular,Ginecologia,Consulta de rotina,2024-09-08,Masculino,Urgência,SulAmérica
221,Clarice Lima,52,BA,Vitória da Conquista,UPA,Ginecologia,Artrite,2025-01-07,Masculino,Urgência,SUS
222,Sr. Otávio da Luz,35,CE,Fortaleza,Unidade de Saúde da Família,Ortopedia,Infecção respiratória,2026-01-01,Masculino,Consulta,Unimed
223,Bernardo Almeida,32,PE,Petrolina,UPA,Ginecologia,Ansiedade,2024-10-20,Feminino,Retorno,SUS
224,Dr. Renan Moura,64,CE,Sobral,Pronto-Socorro,Neurologia,Hipertensão,2025-08-29,Masculino,Exame,Bradesco Saúde
225,Lunna da Mata,28,CE,Caucaia,Centro Médico,Clínica Geral,Hipertensão,2026-05-28,Feminino,Exame,Bradesco Saúde
226,Raquel Caldeira,69,CE,Juazeiro do Norte,Hospital,Cardiologia,Gastrite,2025-01-27,Masculino,Urgência,SulAmérica
227,Rafaela Rocha,47,BA,Ilhéus,Hospital,Oftalmologia,Hipertensão,2025-12-30,Masculino,Urgência,Bradesco Saúde
228,Luísa Rodrigues,50,RS,Porto Alegre,Unidade de Saúde da Família,Endocrinologia,Enxaqueca,2025-11-21,Masculino,Retorno,Particular
229,Yan Sampaio,44,PE,Caruaru,Centro Médico,Pediatria,Dor abdominal,2023-11-15,Feminino,Consulta,Particular
230,Dra. Carolina Fernandes,92,SP,Campinas,Centro Médico,Neurologia,Artrite,2024-02-22,Feminino,Retorno,Bradesco Saúde
231,Enrico Ramos,42,SC,Joinville,Centro Médico,Pediatria,Gastrite,2023-09-03,Feminino,Urgência,Bradesco Saúde
232,Luana Lopes,91,SC,Chapecó,Pronto-Socorro,Neurologia,Dermatite,2024-07-15,Masculino,Urgência,Unimed
233,Sra. Larissa Vargas,75,RJ,Volta Redonda,Pronto-Socorro,Clínica Geral,Consulta de rotina,2026-05-20,Feminino,Urgência,SulAmérica
234,Melissa Peixoto,93,GO,Aparecida de Goiânia,Hospital,Psiquiatria,Alergia,2026-05-08,Masculino,Exame,SUS
235,Mariane Lima,74,PR,Curitiba,UBS,Ortopedia,Hipertensão,2024-12-15,Feminino,Urgência,Amil
236,Catarina Pereira,89,MG,Contagem,Clínica Particular,Oftalmologia,Artrite,2025-12-28,Feminino,Consulta,SulAmérica
237,Marcelo Farias,72,MG,Uberlândia,Centro Médico,Neurologia,Artrite,2025-10-16,Feminino,Urgência,SUS
238,Mariane Sousa,70,CE,Juazeiro do Norte,Centro Médico,Dermatologia,Consulta de rotina,2026-02-12,Feminino,Retorno,SUS
239,Dra. Caroline Vasconcelos,29,RS,Pelotas,Pronto-Socorro,Dermatologia,Asma,2025-07-13,Masculino,Exame,Unimed
240,Natália Moura,72,CE,Juazeiro do Norte,Pronto-Socorro,Dermatologia,Diabetes,2026-05-21,Feminino,Exame,Unimed
241,Eloah Gonçalves,6,MG,Juiz de Fora,Pronto-Socorro,Cardiologia,Lombalgia,2024-06-16,Feminino,Urgência,SulAmérica
242,Dra. Eloah Lima,26,CE,Caucaia,Pronto-Socorro,Endocrinologia,Asma,2026-05-29,Feminino,Retorno,Particular
243,Ana Vitória Costa,32,GO,Aparecida de Goiânia,Hospital,Endocrinologia,Dor abdominal,2024-10-14,Masculino,Consulta,Particular
244,Maria Liz Castro,92,PE,Caruaru,Unidade de Saúde da Família,Cardiologia,Infecção urinária,2025-05-03,Masculino,Consulta,Bradesco Saúde
245,Ana Carolina Moura,84,MG,Contagem,Unidade de Saúde da Família,Neurologia,Infecção urinária,2026-01-14,Masculino,Urgência,Unimed
246,Isaac Moraes,12,RS,Porto Alegre,Clínica Particular,Endocrinologia,Asma,2026-03-12,Masculino,Retorno,Amil
247,Sra. Bárbara da Luz,51,MG,Belo Horizonte,Unidade de Saúde da Família,Pediatria,Ansiedade,2024-03-03,Feminino,Consulta,Particular
248,Allana Castro,43,RS,Porto Alegre,Pronto-Socorro,Neurologia,Infecção urinária,2023-08-26,Feminino,Retorno,Bradesco Saúde
249,Laís Alves,25,CE,Juazeiro do Norte,UBS,Ginecologia,Infecção respiratória,2025-08-29,Feminino,Urgência,SulAmérica
250,Alana Montenegro,95,MG,Belo Horizonte,Centro Médico,Dermatologia,Consulta de rotina,2024-06-30,Masculino,Retorno,Bradesco Saúde
251,Esther Almeida,66,PE,Petrolina,Centro Médico,Cardiologia,Gastrite,2026-02-21,Masculino,Retorno,SUS
252,Marcelo Martins,32,CE,Juazeiro do Norte,Hospital,Dermatologia,Gastrite,2025-07-25,Masculino,Exame,Unimed
253,Sra. Natália Cardoso,75,BA,Vitória da Conquista,Hospital,Dermatologia,Infecção urinária,2025-08-23,Feminino,Retorno,Particular
254,Ana Laura Cardoso,40,RJ,Volta Redonda,UPA,Oftalmologia,Infecção urinária,2026-03-04,Feminino,Consulta,SulAmérica
255,Srta. Rafaela Gonçalves,79,RS,Pelotas,Clínica Particular,Ortopedia,Infecção respiratória,2025-07-18,Feminino,Retorno,Amil
256,José Monteiro,54,GO,Anápolis,Unidade de Saúde da Família,Endocrinologia,Colesterol elevado,2023-09-30,Masculino,Retorno,SulAmérica
257,Vitor Hugo da Conceição,68,GO,Goiânia,Unidade de Saúde da Família,Endocrinologia,Asma,2025-09-26,Feminino,Consulta,Bradesco Saúde
258,Gustavo Henrique Pires,71,RJ,Rio de Janeiro,Clínica Particular,Psiquiatria,Artrite,2024-07-28,Masculino,Retorno,Unimed
259,Mariah Silva,15,SC,Chapecó,Clínica Particular,Psiquiatria,Alergia,2026-01-27,Masculino,Exame,Particular
260,Anthony Gabriel Sá,66,CE,Caucaia,Laboratório,Neurologia,Consulta de rotina,2026-02-05,Masculino,Exame,SulAmérica
261,Pedro Henrique Brito,51,RS,Porto Alegre,Pronto-Socorro,Clínica Geral,Asma,2024-11-09,Masculino,Consulta,Particular
262,Rael Melo,90,PE,Caruaru,UBS,Endocrinologia,Hipertensão,2024-02-04,Masculino,Exame,Particular
263,Ágatha Teixeira,24,RS,Santa Maria,UPA,Oftalmologia,Lombalgia,2024-02-22,Feminino,Exame,Amil
264,Laís Vasconcelos,88,PE,Recife,UPA,Ginecologia,Diabetes,2024-04-28,Masculino,Exame,Bradesco Saúde
265,Olívia Ramos,1,MG,Uberlândia,Hospital,Dermatologia,Alergia,2024-05-16,Feminino,Exame,SUS
266,Melina Cavalcante,45,PR,Cascavel,UPA,Dermatologia,Dor abdominal,2024-09-07,Masculino,Consulta,SulAmérica
267,Lívia Montenegro,31,PE,Recife,Clínica Particular,Cardiologia,Diabetes,2025-07-16,Masculino,Exame,Bradesco Saúde
268,Mirella da Costa,95,SP,Campinas,Hospital,Oftalmologia,Alergia,2024-02-07,Masculino,Retorno,Particular
269,João Vitor Araújo,30,MG,Juiz de Fora,Centro Médico,Psiquiatria,Consulta de rotina,2024-08-09,Feminino,Retorno,Unimed
270,Manuela Montenegro,53,MG,Uberlândia,Pronto-Socorro,Dermatologia,Hipertensão,2024-08-13,Masculino,Exame,Bradesco Saúde
271,Jade Guerra,45,CE,Fortaleza,Laboratório,Endocrinologia,Lombalgia,2026-04-05,Feminino,Exame,SUS
272,Gustavo Henrique Silva,24,RS,Santa Maria,Unidade de Saúde da Família,Ortopedia,Dermatite,2024-11-14,Masculino,Urgência,SulAmérica
273,Daniel da Conceição,8,MG,Contagem,Laboratório,Oftalmologia,Artrite,2024-11-03,Masculino,Exame,SUS
274,Enzo Azevedo,43,RS,Caxias do Sul,UBS,Neurologia,Dermatite,2024-10-08,Feminino,Consulta,Bradesco Saúde
275,Oliver Rocha,35,PR,Curitiba,Laboratório,Psiquiatria,Consulta de rotina,2025-01-19,Masculino,Consulta,SUS
276,Nicolas Silva,62,GO,Aparecida de Goiânia,Clínica Particular,Ginecologia,Enxaqueca,2025-10-01,Masculino,Retorno,SUS
277,Sr. Davi Luiz da Conceição,32,RJ,Volta Redonda,Clínica Particular,Oftalmologia,Ansiedade,2024-08-16,Masculino,Urgência,Unimed
278,Sr. Marcelo Rezende,69,PE,Petrolina,Centro Médico,Dermatologia,Enxaqueca,2025-05-21,Feminino,Exame,Amil
279,Dr. Diego da Mata,41,RJ,Volta Redonda,Clínica Particular,Ginecologia,Lombalgia,2023-12-24,Feminino,Consulta,Bradesco Saúde
280,Apollo Azevedo,3,PR,Londrina,Pronto-Socorro,Endocrinologia,Ansiedade,2024-12-10,Feminino,Urgência,SUS
281,Sr. Cauê Monteiro,30,PR,Maringá,Laboratório,Psiquiatria,Dermatite,2026-04-13,Masculino,Exame,Bradesco Saúde
282,Luiz Fernando Siqueira,63,BA,Vitória da Conquista,Unidade de Saúde da Família,Neurologia,Infecção respiratória,2026-06-08,Feminino,Retorno,SUS
283,Yasmin Costa,24,SC,Chapecó,Hospital,Endocrinologia,Hipertensão,2023-12-21,Masculino,Consulta,Particular
284,Marina Aparecida,81,PE,Olinda,Clínica Particular,Cardiologia,Asma,2024-04-26,Masculino,Consulta,SUS
285,Matheus Rocha,48,SC,Chapecó,Hospital,Psiquiatria,Infecção urinária,2023-12-01,Feminino,Exame,Particular
286,Maria Laura Silva,71,SP,São José dos Campos,Laboratório,Clínica Geral,Hipertensão,2025-11-28,Feminino,Urgência,Particular
287,Fernando Machado,23,SC,Chapecó,UBS,Cardiologia,Artrite,2025-09-19,Masculino,Retorno,SUS
288,Alícia da Luz,46,GO,Anápolis,Pronto-Socorro,Oftalmologia,Diabetes,2025-03-06,Feminino,Exame,Amil
289,Yasmin Sá,90,GO,Aparecida de Goiânia,Clínica Particular,Dermatologia,Infecção urinária,2024-02-05,Masculino,Consulta,Particular
290,Dante Castro,49,PE,Petrolina,Unidade de Saúde da Família,Clínica Geral,Infecção urinária,2025-05-23,Masculino,Retorno,Particular
291,Pedro Garcia,83,CE,Sobral,Centro Médico,Psiquiatria,Dermatite,2023-09-16,Masculino,Consulta,SUS
292,Daniela Lima,35,PR,Cascavel,Hospital,Cardiologia,Infecção urinária,2026-02-14,Feminino,Consulta,SUS
293,Thomas Freitas,27,BA,Salvador,UPA,Oftalmologia,Ansiedade,2024-08-26,Masculino,Urgência,SUS
294,Henry Gabriel Peixoto,73,GO,Aparecida de Goiânia,Laboratório,Endocrinologia,Lombalgia,2025-07-16,Feminino,Retorno,SulAmérica
295,Larissa Souza,7,RJ,Petrópolis,UBS,Oftalmologia,Dor abdominal,2026-01-23,Masculino,Urgência,Bradesco Saúde
296,Asafe Fernandes,42,GO,Rio Verde,Hospital,Dermatologia,Colesterol elevado,2025-05-11,Feminino,Exame,SUS
297,Brenda Cassiano,56,BA,Ilhéus,UPA,Psiquiatria,Infecção urinária,2023-11-30,Feminino,Consulta,Bradesco Saúde
298,Evelyn Cavalcante,92,RS,Caxias do Sul,UBS,Cardiologia,Enxaqueca,2024-05-17,Masculino,Exame,SulAmérica
299,Sr. Luiz Otávio Pires,41,MG,Contagem,Centro Médico,Cardiologia,Diabetes,2024-11-08,Masculino,Urgência,Amil
300,Larissa Monteiro,14,BA,Vitória da Conquista,UPA,Cardiologia,Infecção respiratória,2023-10-23,Feminino,Exame,Bradesco Saúde
301,Luiza Aparecida,14,SC,Chapecó,Hospital,Cardiologia,Lombalgia,2024-12-17,Masculino,Urgência,Amil
302,Vitor Hugo Sousa,53,SP,Santos,Laboratório,Cardiologia,Asma,2025-02-24,Masculino,Retorno,SulAmérica
303,Guilherme Brito,18,PE,Olinda,Pronto-Socorro,Dermatologia,Enxaqueca,2025-04-30,Feminino,Retorno,Particular
304,Ísis Cassiano,36,MG,Contagem,Laboratório,Dermatologia,Alergia,2024-12-27,Masculino,Urgência,Unimed
305,Vinícius Martins,77,PR,Cascavel,Clínica Particular,Neurologia,Diabetes,2024-07-22,Masculino,Urgência,Particular
306,Maria Fernanda Moreira,80,PE,Caruaru,Laboratório,Ginecologia,Alergia,2025-01-17,Feminino,Exame,SulAmérica
307,Anna Liz Casa Grande,39,GO,Aparecida de Goiânia,Centro Médico,Psiquiatria,Asma,2024-11-15,Masculino,Exame,Unimed
308,Benício das Neves,41,MG,Contagem,Pronto-Socorro,Neurologia,Consulta de rotina,2026-04-13,Masculino,Urgência,Amil
309,Sra. Bella Lima,47,RS,Santa Maria,UBS,Psiquiatria,Dor abdominal,2023-10-11,Masculino,Consulta,SulAmérica
310,Calebe da Luz,57,CE,Caucaia,Pronto-Socorro,Cardiologia,Dermatite,2026-02-01,Feminino,Exame,SUS
311,Thiago da Cruz,33,RS,Caxias do Sul,UPA,Oftalmologia,Colesterol elevado,2024-04-07,Feminino,Consulta,Amil
312,Isaac Mendes,75,GO,Rio Verde,Laboratório,Endocrinologia,Artrite,2026-02-22,Feminino,Consulta,Unimed
313,Henrique Freitas,14,SC,Florianópolis,Clínica Particular,Ginecologia,Infecção respiratória,2024-03-21,Masculino,Exame,Unimed
314,João Gabriel Freitas,2,PE,Recife,UBS,Dermatologia,Dor abdominal,2025-10-17,Masculino,Exame,Unimed
315,Cecília da Conceição,87,PE,Petrolina,UPA,Ginecologia,Hipertensão,2025-06-05,Feminino,Consulta,Unimed
316,Heloísa Cavalcante,15,PE,Recife,UPA,Ginecologia,Enxaqueca,2024-10-29,Feminino,Exame,SUS
317,Dra. Ana Sophia Teixeira,45,SC,Chapecó,Unidade de Saúde da Família,Cardiologia,Alergia,2024-07-21,Feminino,Urgência,Particular
318,Olívia Farias,91,RS,Porto Alegre,UBS,Clínica Geral,Dermatite,2024-08-31,Feminino,Consulta,SulAmérica
319,Maria Liz Câmara,67,MG,Uberlândia,UPA,Endocrinologia,Infecção respiratória,2026-02-17,Feminino,Exame,Amil
320,Joaquim Abreu,81,PR,Cascavel,UPA,Pediatria,Infecção urinária,2023-10-13,Feminino,Exame,Particular
321,Maria Clara Jesus,58,GO,Aparecida de Goiânia,Laboratório,Oftalmologia,Hipertensão,2026-07-21,Masculino,Retorno,Unimed
322,Caio Rocha,69,RJ,Rio de Janeiro,UPA,Ginecologia,Lombalgia,2024-03-10,Masculino,Exame,Particular
323,João Gabriel Vargas,68,RS,Santa Maria,Centro Médico,Psiquiatria,Gastrite,2026-08-06,Feminino,Consulta,Unimed
324,José Miguel Nogueira,80,BA,Ilhéus,UPA,Dermatologia,Ansiedade,2025-10-07,Masculino,Retorno,Unimed
325,Yago Dias,40,RJ,Niterói,UBS,Pediatria,Lombalgia,2024-10-11,Masculino,Exame,Amil
326,Maria Alice Jesus,74,GO,Aparecida de Goiânia,Laboratório,Oftalmologia,Infecção respiratória,2023-12-01,Feminino,Retorno,Bradesco Saúde
327,Rafaela da Mota,37,MG,Contagem,UPA,Pediatria,Lombalgia,2024-03-09,Feminino,Consulta,Unimed
328,Pedro Miguel Nogueira,18,SP,Ribeirão Preto,Clínica Particular,Oftalmologia,Artrite,2025-06-04,Feminino,Exame,SulAmérica
329,Stella da Costa,91,CE,Sobral,Unidade de Saúde da Família,Neurologia,Infecção respiratória,2025-08-10,Masculino,Consulta,SUS
330,Eduarda Cassiano,36,RS,Porto Alegre,Clínica Particular,Endocrinologia,Enxaqueca,2023-11-03,Masculino,Exame,Bradesco Saúde
331,Ísis Camargo,74,CE,Fortaleza,UBS,Dermatologia,Colesterol elevado,2025-05-26,Feminino,Consulta,SulAmérica
332,Bruna da Cunha,55,CE,Caucaia,UBS,Ortopedia,Enxaqueca,2026-02-07,Masculino,Exame,Unimed
333,Luana Silveira,57,BA,Salvador,UBS,Ortopedia,Dor abdominal,2025-08-10,Feminino,Exame,SUS
334,Eduarda Ramos,27,GO,Aparecida de Goiânia,Clínica Particular,Clínica Geral,Consulta de rotina,2024-04-29,Feminino,Urgência,Bradesco Saúde
335,Maria Vitória Carvalho,42,SC,Joinville,Pronto-Socorro,Dermatologia,Consulta de rotina,2024-01-27,Feminino,Consulta,SUS
336,Heitor Leão,36,PE,Recife,UPA,Pediatria,Dor abdominal,2024-05-14,Masculino,Urgência,SUS
337,Emanuella Vieira,19,PE,Petrolina,Pronto-Socorro,Oftalmologia,Gastrite,2023-12-20,Feminino,Consulta,SulAmérica
338,Dra. Clarice Fernandes,66,RJ,Volta Redonda,Pronto-Socorro,Ginecologia,Alergia,2025-01-11,Feminino,Urgência,Bradesco Saúde
339,Kevin Ribeiro,94,SP,São Paulo,Unidade de Saúde da Família,Ginecologia,Dermatite,2024-01-03,Masculino,Exame,SUS
340,Maria Helena da Conceição,64,PE,Olinda,Pronto-Socorro,Ginecologia,Dermatite,2026-02-27,Feminino,Urgência,Bradesco Saúde
341,Gabriel Garcia,73,GO,Aparecida de Goiânia,Unidade de Saúde da Família,Ginecologia,Ansiedade,2025-01-20,Masculino,Consulta,Particular
342,Manuela da Luz,16,CE,Fortaleza,UPA,Neurologia,Alergia,2025-01-11,Masculino,Exame,SUS
343,Stephany Farias,21,MG,Juiz de Fora,Pronto-Socorro,Cardiologia,Infecção urinária,2026-06-11,Feminino,Urgência,Particular
344,Isis Barbosa,7,BA,Feira de Santana,Laboratório,Dermatologia,Asma,2026-01-06,Masculino,Exame,SulAmérica
345,Dra. Emanuelly Teixeira,1,RJ,Rio de Janeiro,Clínica Particular,Neurologia,Diabetes,2025-08-18,Masculino,Retorno,Bradesco Saúde
346,Benjamin Duarte,2,CE,Fortaleza,Centro Médico,Cardiologia,Dermatite,2023-11-18,Feminino,Retorno,Amil
347,Pedro Lucas Souza,50,RJ,Niterói,UBS,Cardiologia,Diabetes,2026-06-08,Feminino,Urgência,Unimed
348,Maria Sophia Ribeiro,18,MG,Contagem,UPA,Cardiologia,Artrite,2026-03-05,Masculino,Retorno,Amil
349,Thiago Sousa,81,BA,Feira de Santana,UPA,Oftalmologia,Consulta de rotina,2024-05-03,Feminino,Retorno,Particular
350,Maria Eduarda Correia,16,RJ,Niterói,Laboratório,Ginecologia,Gastrite,2024-05-20,Feminino,Retorno,SUS
351,Ana Liz Souza,32,RS,Porto Alegre,Pronto-Socorro,Clínica Geral,Dermatite,2026-06-10,Feminino,Retorno,Bradesco Saúde
352,Benício da Cunha,51,GO,Aparecida de Goiânia,Pronto-Socorro,Clínica Geral,Colesterol elevado,2025-10-24,Masculino,Exame,Amil
353,Fernando Sousa,64,RJ,Niterói,UBS,Endocrinologia,Ansiedade,2026-03-13,Masculino,Urgência,Unimed
354,Maysa Melo,73,MG,Contagem,Laboratório,Ginecologia,Artrite,2024-12-30,Masculino,Exame,Particular
355,Giovanna Novaes,9,SP,São José dos Campos,Hospital,Dermatologia,Dor abdominal,2024-07-05,Masculino,Consulta,Amil
356,Ravi Mendonça,81,SC,Blumenau,Laboratório,Oftalmologia,Asma,2025-04-26,Feminino,Consulta,SulAmérica
357,Vitor Hugo Novaes,36,SC,Joinville,UBS,Dermatologia,Diabetes,2024-09-06,Masculino,Retorno,Bradesco Saúde
358,Breno Cardoso,76,BA,Ilhéus,UBS,Dermatologia,Asma,2025-03-03,Feminino,Retorno,Particular
359,Catarina Carvalho,56,PR,Curitiba,UBS,Neurologia,Consulta de rotina,2025-11-24,Masculino,Urgência,SulAmérica
360,Luiz Gustavo Fonseca,2,MG,Belo Horizonte,UPA,Clínica Geral,Infecção respiratória,2025-06-03,Feminino,Urgência,Bradesco Saúde
361,Maria Isis Rodrigues,22,SC,Blumenau,Centro Médico,Pediatria,Asma,2026-01-14,Feminino,Consulta,Particular
362,André Andrade,35,BA,Ilhéus,UBS,Dermatologia,Asma,2024-11-20,Masculino,Exame,Amil
363,Joana Moraes,8,SC,Blumenau,Unidade de Saúde da Família,Psiquiatria,Infecção respiratória,2025-11-05,Feminino,Retorno,Unimed
364,Antonella Ribeiro,30,RJ,Rio de Janeiro,Hospital,Clínica Geral,Dermatite,2023-08-25,Masculino,Retorno,Particular
365,José Miguel Vieira,50,CE,Juazeiro do Norte,UPA,Pediatria,Ansiedade,2024-03-26,Masculino,Exame,SUS
366,Mateus da Rosa,54,BA,Feira de Santana,Centro Médico,Dermatologia,Dermatite,2023-12-15,Masculino,Urgência,Particular
367,Samuel Moreira,23,SC,Florianópolis,Clínica Particular,Endocrinologia,Hipertensão,2024-07-24,Feminino,Consulta,Amil
368,Sra. Isadora das Neves,42,RS,Pelotas,UBS,Endocrinologia,Alergia,2024-03-13,Masculino,Urgência,SUS
369,Nicolas Alves,95,RS,Pelotas,Clínica Particular,Neurologia,Lombalgia,2023-08-20,Feminino,Retorno,SulAmérica
370,Cauê Vasconcelos,20,SC,Joinville,Hospital,Oftalmologia,Hipertensão,2024-05-15,Masculino,Urgência,SulAmérica
371,Dr. Daniel Araújo,1,SP,Santos,Laboratório,Dermatologia,Diabetes,2024-06-14,Masculino,Retorno,Amil
372,Calebe Rezende,19,CE,Fortaleza,Pronto-Socorro,Cardiologia,Hipertensão,2024-12-10,Masculino,Exame,SulAmérica
373,Clara da Rocha,11,BA,Ilhéus,UBS,Endocrinologia,Infecção respiratória,2023-12-29,Feminino,Consulta,Bradesco Saúde
374,Gael Henrique Pereira,56,GO,Goiânia,UPA,Ortopedia,Enxaqueca,2024-10-24,Feminino,Urgência,Amil
375,Larissa Oliveira,58,BA,Vitória da Conquista,Pronto-Socorro,Ortopedia,Diabetes,2026-03-18,Masculino,Retorno,Bradesco Saúde
376,Sra. Ana Cecília Sampaio,14,RJ,Niterói,UPA,Neurologia,Alergia,2026-03-30,Feminino,Exame,Particular
377,Rael Sampaio,27,SC,Blumenau,Unidade de Saúde da Família,Dermatologia,Alergia,2026-01-31,Feminino,Consulta,Particular
378,Ana Vitória Moreira,91,MG,Juiz de Fora,Hospital,Ortopedia,Dermatite,2026-02-18,Feminino,Retorno,Particular
379,Dr. Erick Abreu,51,PR,Maringá,Hospital,Dermatologia,Enxaqueca,2024-06-14,Masculino,Consulta,Amil
380,Maria Laura Novais,13,CE,Caucaia,Unidade de Saúde da Família,Cardiologia,Colesterol elevado,2025-04-16,Masculino,Consulta,Particular
381,Ravy Casa Grande,17,SP,Campinas,Clínica Particular,Oftalmologia,Lombalgia,2026-04-03,Masculino,Urgência,Particular
382,Sofia Sá,26,SP,São Paulo,Unidade de Saúde da Família,Pediatria,Diabetes,2026-01-02,Feminino,Consulta,Particular
383,Luiz Gustavo Camargo,22,CE,Fortaleza,Laboratório,Oftalmologia,Alergia,2025-03-29,Masculino,Exame,SulAmérica
384,Nathan Gomes,46,PE,Olinda,Clínica Particular,Pediatria,Enxaqueca,2024-05-27,Feminino,Exame,SUS
385,Vitor das Neves,80,SP,São José dos Campos,Clínica Particular,Dermatologia,Alergia,2023-11-04,Feminino,Exame,Particular
386,Dr. Danilo Moreira,50,RJ,Petrópolis,UPA,Oftalmologia,Dor abdominal,2025-02-24,Masculino,Consulta,Amil
387,Nicole Mendes,70,BA,Ilhéus,Unidade de Saúde da Família,Ginecologia,Ansiedade,2024-12-06,Feminino,Exame,Unimed
388,Dante Freitas,41,MG,Belo Horizonte,Clínica Particular,Clínica Geral,Ansiedade,2026-08-11,Feminino,Consulta,Amil
389,Ana Sophia Gomes,75,SC,Blumenau,Clínica Particular,Pediatria,Diabetes,2024-12-29,Masculino,Retorno,Unimed
390,Fernando Jesus,29,SC,Florianópolis,Laboratório,Ginecologia,Ansiedade,2023-10-08,Masculino,Retorno,SUS
391,Hellena Ramos,95,GO,Anápolis,Centro Médico,Psiquiatria,Hipertensão,2024-07-23,Feminino,Retorno,Bradesco Saúde
392,Danilo Guerra,70,PR,Cascavel,Pronto-Socorro,Pediatria,Alergia,2025-11-09,Masculino,Consulta,Particular
393,Bárbara Souza,3,PR,Londrina,Unidade de Saúde da Família,Clínica Geral,Lombalgia,2026-04-18,Masculino,Retorno,Unimed
394,Julia Silveira,8,MG,Juiz de Fora,Hospital,Pediatria,Consulta de rotina,2026-04-25,Masculino,Consulta,Bradesco Saúde
395,Dra. Maria Fernanda Nascimento,48,BA,Salvador,Laboratório,Psiquiatria,Diabetes,2023-11-22,Feminino,Urgência,Unimed
396,Enrico Martins,94,MG,Uberlândia,Laboratório,Neurologia,Infecção urinária,2025-07-08,Feminino,Retorno,SulAmérica
397,Samuel Pereira,29,SC,Blumenau,UPA,Oftalmologia,Enxaqueca,2023-10-07,Feminino,Retorno,SUS
398,Srta. Maria Flor Rios,51,SP,São José dos Campos,Hospital,Pediatria,Consulta de rotina,2024-12-15,Feminino,Retorno,SulAmérica
399,Sr. Henry Cirino,64,GO,Goiânia,UPA,Ginecologia,Asma,2026-05-09,Masculino,Retorno,Unimed
400,Ester Moreira,82,BA,Feira de Santana,UBS,Ginecologia,Alergia,2026-06-20,Masculino,Urgência,SUS
401,Lorena Ribeiro,45,PR,Curitiba,Pronto-Socorro,Cardiologia,Asma,2023-09-24,Masculino,Consulta,Amil
402,Rafael Câmara,22,CE,Sobral,Laboratório,Neurologia,Ansiedade,2025-08-04,Feminino,Urgência,Bradesco Saúde
403,Maya Aragão,62,PE,Recife,Clínica Particular,Pediatria,Alergia,2023-09-23,Masculino,Consulta,Unimed
404,Dra. Ana Julia Silveira,34,SP,Santos,UBS,Cardiologia,Lombalgia,2025-04-17,Masculino,Exame,SUS
405,Rael Alves,44,RJ,Rio de Janeiro,Unidade de Saúde da Família,Clínica Geral,Gastrite,2024-03-11,Masculino,Exame,SUS
406,Ayla Souza,43,SP,São Paulo,Clínica Particular,Ortopedia,Gastrite,2024-03-31,Feminino,Urgência,Unimed
407,Apollo Novaes,7,PR,Curitiba,Laboratório,Psiquiatria,Artrite,2023-10-19,Feminino,Retorno,Particular
408,Luara Machado,55,BA,Salvador,UBS,Dermatologia,Dermatite,2023-12-28,Feminino,Retorno,Particular
409,Ana Clara Campos,22,SP,Campinas,Pronto-Socorro,Cardiologia,Alergia,2025-11-20,Masculino,Urgência,Amil
410,Enzo Sá,85,CE,Sobral,Pronto-Socorro,Cardiologia,Infecção urinária,2025-08-11,Feminino,Retorno,Unimed
411,Esther Siqueira,24,PE,Caruaru,Unidade de Saúde da Família,Clínica Geral,Enxaqueca,2024-06-20,Feminino,Exame,Unimed
412,Lorenzo da Cunha,73,PR,Maringá,Hospital,Pediatria,Colesterol elevado,2025-08-26,Masculino,Consulta,SulAmérica
413,Théo Nunes,76,BA,Ilhéus,Clínica Particular,Endocrinologia,Hipertensão,2024-05-10,Feminino,Exame,Bradesco Saúde
414,Ana Luiza Caldeira,61,CE,Caucaia,Pronto-Socorro,Cardiologia,Gastrite,2025-01-13,Masculino,Retorno,Particular
415,Luiz Felipe da Mata,22,CE,Caucaia,Clínica Particular,Ortopedia,Infecção respiratória,2025-07-12,Masculino,Exame,Particular
416,Dr. Thiago Nogueira,81,PE,Olinda,UPA,Psiquiatria,Enxaqueca,2026-02-02,Feminino,Consulta,Particular
417,Lorenzo Araújo,71,PE,Petrolina,Centro Médico,Dermatologia,Artrite,2026-01-25,Feminino,Consulta,SulAmérica
418,Melina Viana,15,GO,Rio Verde,Laboratório,Pediatria,Infecção respiratória,2024-07-06,Masculino,Consulta,Bradesco Saúde
419,Sr. Ryan Lima,69,RJ,Petrópolis,Centro Médico,Oftalmologia,Enxaqueca,2025-07-13,Feminino,Exame,Bradesco Saúde
420,Joana Almeida,5,GO,Rio Verde,UPA,Dermatologia,Gastrite,2026-06-08,Masculino,Exame,Particular
421,Maria Alice Albuquerque,89,PE,Caruaru,Clínica Particular,Clínica Geral,Asma,2024-02-12,Feminino,Urgência,Unimed
422,Rafael Fonseca,39,SP,Santos,Pronto-Socorro,Dermatologia,Dermatite,2024-06-27,Feminino,Consulta,SUS
423,Sophia Duarte,57,MG,Juiz de Fora,Centro Médico,Dermatologia,Asma,2025-07-22,Feminino,Consulta,SUS
424,Manuella Dias,53,CE,Caucaia,Unidade de Saúde da Família,Endocrinologia,Dermatite,2023-09-05,Feminino,Consulta,Bradesco Saúde
425,Luísa Oliveira,40,MG,Belo Horizonte,Laboratório,Pediatria,Colesterol elevado,2024-02-15,Masculino,Retorno,SUS
426,Samuel Pires,32,PR,Curitiba,Hospital,Neurologia,Hipertensão,2025-03-15,Feminino,Retorno,Unimed
427,Levi da Mota,65,BA,Ilhéus,Laboratório,Cardiologia,Infecção urinária,2026-01-23,Masculino,Retorno,Unimed
428,Hadassa Azevedo,23,CE,Sobral,Unidade de Saúde da Família,Psiquiatria,Artrite,2024-07-24,Feminino,Urgência,SUS
429,Rebeca Aparecida,37,RS,Porto Alegre,Hospital,Oftalmologia,Hipertensão,2025-10-20,Masculino,Retorno,SUS
430,Vitor Albuquerque,35,PR,Londrina,Laboratório,Endocrinologia,Hipertensão,2025-09-19,Masculino,Exame,SUS
431,Ana Julia Leão,29,MG,Belo Horizonte,Pronto-Socorro,Psiquiatria,Colesterol elevado,2023-11-06,Feminino,Urgência,Amil
432,Dra. Heloisa Machado,59,PE,Caruaru,Pronto-Socorro,Ortopedia,Alergia,2024-07-22,Feminino,Exame,Bradesco Saúde
433,Ana Carolina Aparecida,66,RJ,Rio de Janeiro,Centro Médico,Endocrinologia,Infecção urinária,2025-03-11,Feminino,Urgência,SulAmérica
434,Luan da Conceição,9,RJ,Volta Redonda,Centro Médico,Dermatologia,Infecção urinária,2026-05-13,Feminino,Urgência,Unimed
435,João Felipe Aragão,20,RS,Caxias do Sul,Clínica Particular,Clínica Geral,Colesterol elevado,2026-05-30,Feminino,Urgência,SulAmérica
436,Ana Laura Peixoto,84,MG,Belo Horizonte,Unidade de Saúde da Família,Dermatologia,Enxaqueca,2026-04-11,Feminino,Exame,Amil
437,Maria Eduarda Moreira,91,SP,São José dos Campos,Clínica Particular,Ginecologia,Asma,2024-12-03,Masculino,Exame,SulAmérica
438,Ísis Cirino,22,BA,Vitória da Conquista,UPA,Dermatologia,Diabetes,2025-09-26,Feminino,Retorno,SulAmérica
439,Sra. Liz Cardoso,88,RS,Caxias do Sul,Centro Médico,Cardiologia,Dor abdominal,2025-09-16,Feminino,Retorno,SulAmérica
440,Sr. Brayan Jesus,43,RS,Santa Maria,Centro Médico,Dermatologia,Consulta de rotina,2025-12-03,Feminino,Exame,Particular
441,Pedro Duarte,82,CE,Fortaleza,UBS,Neurologia,Ansiedade,2023-12-23,Masculino,Consulta,SulAmérica
442,João Miguel Pinto,53,PE,Caruaru,Hospital,Pediatria,Infecção respiratória,2025-09-30,Masculino,Urgência,Amil
443,Otto Correia,19,GO,Rio Verde,Centro Médico,Pediatria,Colesterol elevado,2025-03-21,Masculino,Exame,Unimed
444,Bruna da Conceição,82,MG,Juiz de Fora,Hospital,Clínica Geral,Alergia,2026-04-25,Feminino,Retorno,SUS
445,Benjamin Cardoso,63,GO,Aparecida de Goiânia,UBS,Pediatria,Consulta de rotina,2024-06-09,Feminino,Exame,Amil
446,Leandro Brito,50,PE,Petrolina,Hospital,Clínica Geral,Artrite,2025-11-20,Masculino,Urgência,Particular
447,Sra. Isis Rios,3,BA,Feira de Santana,Hospital,Ortopedia,Dor abdominal,2024-08-06,Feminino,Urgência,SUS
448,Isabelly Barbosa,65,RJ,Volta Redonda,Pronto-Socorro,Pediatria,Diabetes,2024-08-13,Masculino,Urgência,Unimed
449,Sra. Maysa Barros,56,CE,Juazeiro do Norte,UPA,Ginecologia,Ansiedade,2025-12-22,Feminino,Urgência,SUS
450,Augusto da Mata,3,MG,Contagem,Clínica Particular,Ortopedia,Asma,2024-10-16,Masculino,Retorno,SulAmérica
451,Maya Martins,65,SP,São José dos Campos,UPA,Cardiologia,Lombalgia,2026-07-28,Masculino,Exame,SulAmérica
452,Sophia Cirino,77,RS,Porto Alegre,Hospital,Cardiologia,Infecção urinária,2024-12-25,Masculino,Consulta,SulAmérica
453,Miguel Rios,57,RJ,Volta Redonda,Laboratório,Cardiologia,Artrite,2026-07-24,Feminino,Exame,SulAmérica
454,Maria Luísa Teixeira,89,MG,Uberlândia,Hospital,Dermatologia,Gastrite,2023-12-04,Masculino,Urgência,Bradesco Saúde
455,Ágatha Cardoso,54,GO,Aparecida de Goiânia,UBS,Endocrinologia,Asma,2024-02-01,Masculino,Urgência,Particular
456,Arthur Gabriel da Luz,26,RJ,Volta Redonda,Clínica Particular,Dermatologia,Dermatite,2025-10-24,Masculino,Urgência,SulAmérica
457,Hellena Ramos,21,PE,Caruaru,Hospital,Endocrinologia,Alergia,2023-12-24,Masculino,Exame,Unimed
458,Sra. Maitê Carvalho,2,PR,Curitiba,UBS,Cardiologia,Dermatite,2023-11-28,Feminino,Retorno,Particular
459,Ayla Montenegro,93,SC,Florianópolis,UBS,Dermatologia,Infecção urinária,2025-04-04,Masculino,Exame,Unimed
460,Bento Vasconcelos,7,RS,Santa Maria,UBS,Pediatria,Dermatite,2026-05-10,Masculino,Urgência,Unimed
461,Sr. Kevin Montenegro,95,BA,Ilhéus,UBS,Cardiologia,Dermatite,2024-09-23,Masculino,Consulta,SUS
462,Léo Garcia,46,MG,Juiz de Fora,Unidade de Saúde da Família,Psiquiatria,Enxaqueca,2026-05-14,Masculino,Urgência,Unimed
463,Maria Sophia Pastor,52,MG,Belo Horizonte,Laboratório,Neurologia,Enxaqueca,2025-12-15,Feminino,Exame,Amil
464,Ana Liz Andrade,17,MG,Belo Horizonte,Hospital,Pediatria,Diabetes,2023-09-17,Feminino,Exame,Bradesco Saúde
465,Davi Costa,79,CE,Caucaia,Laboratório,Ginecologia,Consulta de rotina,2024-05-22,Masculino,Retorno,Amil
466,Luiza Guerra,53,CE,Fortaleza,Unidade de Saúde da Família,Clínica Geral,Diabetes,2025-06-29,Feminino,Urgência,Particular
467,Henry Gabriel Castro,86,SC,Joinville,Centro Médico,Endocrinologia,Artrite,2023-10-17,Masculino,Exame,SulAmérica
468,Ísis Ribeiro,45,PR,Cascavel,Laboratório,Pediatria,Dermatite,2024-02-19,Masculino,Consulta,SulAmérica
469,Gael Henrique Brito,64,MG,Contagem,UPA,Cardiologia,Colesterol elevado,2026-02-16,Feminino,Urgência,SUS
470,Samuel Novais,7,BA,Vitória da Conquista,Clínica Particular,Endocrinologia,Infecção urinária,2024-09-07,Feminino,Exame,SUS
471,Catarina Garcia,57,RJ,Volta Redonda,Unidade de Saúde da Família,Cardiologia,Dermatite,2026-05-15,Feminino,Exame,Unimed
472,Isabelly Guerra,84,RJ,Volta Redonda,Hospital,Cardiologia,Gastrite,2025-02-06,Feminino,Consulta,Bradesco Saúde
473,Dr. Heitor Casa Grande,12,SC,Florianópolis,Pronto-Socorro,Endocrinologia,Artrite,2024-03-30,Masculino,Exame,Unimed
474,Raquel Ferreira,29,BA,Salvador,Unidade de Saúde da Família,Ginecologia,Artrite,2023-08-27,Feminino,Urgência,SulAmérica
475,Lara Campos,13,CE,Fortaleza,Clínica Particular,Clínica Geral,Lombalgia,2023-12-10,Feminino,Urgência,Bradesco Saúde
476,Milena Lima,90,SC,Blumenau,UBS,Clínica Geral,Ansiedade,2025-07-30,Masculino,Exame,SUS
477,Davi Miguel Araújo,33,PE,Recife,Clínica Particular,Ortopedia,Diabetes,2025-10-04,Feminino,Retorno,Amil
478,Bruno Andrade,14,PR,Maringá,Laboratório,Clínica Geral,Ansiedade,2023-12-21,Masculino,Exame,Amil
479,Emilly Moreira,64,GO,Aparecida de Goiânia,Hospital,Endocrinologia,Asma,2025-10-17,Masculino,Exame,Bradesco Saúde
480,Dra. Lorena Carvalho,89,CE,Caucaia,UPA,Pediatria,Diabetes,2024-11-05,Feminino,Urgência,Bradesco Saúde
481,Luana Cassiano,78,PE,Petrolina,Clínica Particular,Dermatologia,Gastrite,2025-09-28,Feminino,Urgência,Amil
482,Letícia Abreu,53,MG,Uberlândia,Pronto-Socorro,Endocrinologia,Dermatite,2024-06-07,Feminino,Retorno,SUS
483,Dra. Nicole Sá,88,PR,Maringá,Centro Médico,Pediatria,Asma,2025-04-02,Masculino,Urgência,SulAmérica
484,Maria Flor Duarte,72,RJ,Petrópolis,Unidade de Saúde da Família,Psiquiatria,Consulta de rotina,2024-05-25,Feminino,Urgência,Amil
485,Matteo Barbosa,14,SP,São José dos Campos,Hospital,Oftalmologia,Infecção respiratória,2025-09-11,Masculino,Consulta,SUS
486,Cecilia Cavalcante,37,RS,Caxias do Sul,Pronto-Socorro,Pediatria,Dermatite,2026-07-06,Masculino,Urgência,SUS
487,Sra. Mirella da Luz,46,SC,Florianópolis,Unidade de Saúde da Família,Cardiologia,Consulta de rotina,2025-09-04,Masculino,Exame,SUS
488,Gael Henrique Almeida,89,SC,Blumenau,Hospital,Oftalmologia,Gastrite,2026-01-27,Feminino,Urgência,Bradesco Saúde
489,Erick da Costa,33,SP,São Paulo,Clínica Particular,Psiquiatria,Dermatite,2024-06-16,Feminino,Retorno,SulAmérica
490,Dr. Juan Albuquerque,93,BA,Feira de Santana,Clínica Particular,Dermatologia,Alergia,2026-08-06,Masculino,Consulta,SUS
491,Luigi Abreu,49,MG,Belo Horizonte,Hospital,Oftalmologia,Enxaqueca,2023-09-21,Feminino,Retorno,SUS
492,Rafaela Viana,1,GO,Anápolis,Centro Médico,Neurologia,Asma,2023-08-28,Masculino,Consulta,SUS
493,Antonella Gomes,81,BA,Salvador,Pronto-Socorro,Neurologia,Colesterol elevado,2024-01-24,Feminino,Consulta,SulAmérica
494,Léo Barbosa,24,BA,Feira de Santana,UBS,Endocrinologia,Infecção respiratória,2026-07-08,Feminino,Exame,Particular
495,Ana Luiza da Rosa,28,BA,Feira de Santana,Centro Médico,Ginecologia,Lombalgia,2024-10-25,Feminino,Retorno,Bradesco Saúde
496,Ayla Sousa,72,SC,Chapecó,Hospital,Cardiologia,Infecção urinária,2026-08-06,Feminino,Exame,SUS
497,Lorenzo Souza,6,GO,Aparecida de Goiânia,Centro Médico,Oftalmologia,Ansiedade,2024-01-18,Masculino,Exame,Unimed
498,Valentina Fonseca,4,SC,Blumenau,Centro Médico,Endocrinologia,Colesterol elevado,2026-05-03,Feminino,Exame,Particular
499,Nathan Ferreira,42,RS,Caxias do Sul,UBS,Cardiologia,Infecção respiratória,2025-04-21,Masculino,Consulta,SUS
500,Caroline Farias,14,PR,Cascavel,Clínica Particular,Endocrinologia,Dermatite,2024-10-12,Feminino,Consulta,SulAmérica
501,Matteo Novaes,59,MG,Belo Horizonte,Centro Médico,Clínica Geral,Diabetes,2025-05-31,Masculino,Consulta,SUS
502,Anthony da Cunha,74,RS,Porto Alegre,Clínica Particular,Dermatologia,Gastrite,2024-06-27,Feminino,Exame,SulAmérica
503,Matteo Brito,41,PE,Petrolina,Hospital,Oftalmologia,Infecção urinária,2024-05-16,Masculino,Consulta,SulAmérica
504,Maria Vitória da Cruz,75,GO,Goiânia,Hospital,Cardiologia,Lombalgia,2024-01-17,Masculino,Urgência,SulAmérica
505,Eduardo Vargas,37,RS,Porto Alegre,Unidade de Saúde da Família,Oftalmologia,Gastrite,2024-08-20,Masculino,Exame,SUS
506,João Vitor Andrade,18,SC,Joinville,Laboratório,Endocrinologia,Enxaqueca,2025-02-27,Masculino,Urgência,SulAmérica
507,Dr. Yuri Dias,71,BA,Salvador,UPA,Cardiologia,Hipertensão,2023-10-30,Masculino,Exame,Bradesco Saúde
508,Davi Lucca Moura,40,SC,Florianópolis,Clínica Particular,Ginecologia,Dor abdominal,2026-08-16,Feminino,Retorno,SUS
509,Sara Pereira,79,MG,Uberlândia,Pronto-Socorro,Ortopedia,Diabetes,2026-05-20,Masculino,Consulta,Bradesco Saúde
510,Davi Lucas Alves,38,CE,Fortaleza,UBS,Dermatologia,Diabetes,2024-02-07,Masculino,Exame,Unimed
511,Mariah Casa Grande,86,BA,Feira de Santana,Clínica Particular,Cardiologia,Enxaqueca,2025-07-10,Masculino,Retorno,Unimed
512,Benjamim Vasconcelos,43,CE,Sobral,Pronto-Socorro,Psiquiatria,Infecção respiratória,2023-10-05,Feminino,Urgência,Amil
513,Theo Ribeiro,41,MG,Belo Horizonte,Clínica Particular,Ortopedia,Asma,2024-12-30,Feminino,Urgência,Unimed
514,Juan Macedo,62,MG,Juiz de Fora,Unidade de Saúde da Família,Neurologia,Lombalgia,2023-09-08,Feminino,Exame,Bradesco Saúde
515,Ana Lívia Aparecida,83,RJ,Niterói,UBS,Dermatologia,Dermatite,2024-03-25,Masculino,Retorno,Unimed
516,Cecília Gonçalves,3,RJ,Rio de Janeiro,Hospital,Psiquiatria,Consulta de rotina,2023-11-27,Feminino,Retorno,Particular
517,Dr. Davi Lucca Fonseca,70,SC,Blumenau,Unidade de Saúde da Família,Pediatria,Lombalgia,2025-05-02,Feminino,Retorno,Bradesco Saúde
518,João Lucas Porto,60,RS,Caxias do Sul,UBS,Oftalmologia,Lombalgia,2024-12-14,Masculino,Retorno,Bradesco Saúde
519,Luara Pires,58,MG,Uberlândia,UPA,Pediatria,Consulta de rotina,2024-06-20,Masculino,Exame,Unimed
520,Gabriel Melo,63,SP,Campinas,Clínica Particular,Cardiologia,Enxaqueca,2023-12-09,Feminino,Retorno,Particular
521,Rafaela Peixoto,50,PR,Maringá,Unidade de Saúde da Família,Neurologia,Ansiedade,2026-01-03,Masculino,Consulta,SulAmérica
522,Eduarda Silveira,91,BA,Salvador,Pronto-Socorro,Dermatologia,Consulta de rotina,2024-05-18,Masculino,Exame,SulAmérica
523,Maysa Macedo,76,PE,Caruaru,UBS,Endocrinologia,Enxaqueca,2023-09-21,Feminino,Retorno,Bradesco Saúde
524,Luiz Gustavo Siqueira,45,PE,Caruaru,Unidade de Saúde da Família,Neurologia,Ansiedade,2025-11-21,Masculino,Retorno,Amil
525,João da Costa,10,MG,Uberlândia,Pronto-Socorro,Ortopedia,Infecção respiratória,2025-08-11,Masculino,Retorno,Unimed
526,Bryan Pastor,85,GO,Goiânia,Clínica Particular,Oftalmologia,Colesterol elevado,2024-11-02,Feminino,Consulta,Amil
527,Sophia Moreira,27,CE,Sobral,UPA,Oftalmologia,Hipertensão,2024-09-02,Masculino,Consulta,SUS
528,Isabelly Teixeira,18,GO,Aparecida de Goiânia,Hospital,Psiquiatria,Infecção respiratória,2026-08-14,Masculino,Retorno,Unimed
529,Pedro Henrique Mendes,77,MG,Contagem,Hospital,Dermatologia,Diabetes,2023-10-30,Masculino,Exame,Bradesco Saúde
530,Luigi Abreu,22,CE,Sobral,Clínica Particular,Oftalmologia,Consulta de rotina,2025-04-30,Masculino,Retorno,Bradesco Saúde
531,Henrique Barros,22,SC,Blumenau,Centro Médico,Neurologia,Consulta de rotina,2023-09-01,Masculino,Retorno,Amil
532,Erick Viana,14,PE,Olinda,Hospital,Ortopedia,Artrite,2024-08-10,Feminino,Retorno,Bradesco Saúde
533,João Guilherme Rocha,61,RJ,Niterói,Hospital,Endocrinologia,Artrite,2025-05-05,Masculino,Consulta,Amil
534,Henry Gabriel Ramos,87,MG,Belo Horizonte,Laboratório,Endocrinologia,Gastrite,2024-08-19,Feminino,Consulta,SulAmérica
535,Maria Sophia Sá,30,SC,Chapecó,Unidade de Saúde da Família,Oftalmologia,Lombalgia,2026-05-21,Masculino,Exame,SUS
536,Otto Gonçalves,30,RS,Santa Maria,UBS,Dermatologia,Consulta de rotina,2026-05-10,Feminino,Urgência,SUS
537,Maitê Vieira,74,SP,São Paulo,UBS,Endocrinologia,Hipertensão,2025-01-28,Feminino,Retorno,SulAmérica
538,Dr. Guilherme Câmara,47,BA,Ilhéus,UBS,Pediatria,Gastrite,2024-07-17,Feminino,Urgência,Bradesco Saúde
539,Gabrielly Santos,79,PE,Caruaru,Pronto-Socorro,Oftalmologia,Colesterol elevado,2025-08-10,Masculino,Exame,Bradesco Saúde
540,Pedro Lucas Ferreira,23,SC,Chapecó,Centro Médico,Endocrinologia,Artrite,2026-05-09,Feminino,Urgência,Unimed
541,Stella Rezende,91,GO,Anápolis,Laboratório,Pediatria,Dermatite,2025-05-10,Masculino,Retorno,Amil
542,Isabela Sales,28,MG,Belo Horizonte,Laboratório,Ginecologia,Colesterol elevado,2024-12-20,Masculino,Retorno,Amil
543,Sr. André Pimenta,19,SP,São Paulo,Unidade de Saúde da Família,Psiquiatria,Gastrite,2026-06-27,Masculino,Consulta,Unimed
544,Ana Sophia Dias,11,PR,Maringá,Hospital,Oftalmologia,Ansiedade,2024-04-23,Feminino,Urgência,SulAmérica
545,Thiago Porto,23,GO,Goiânia,Unidade de Saúde da Família,Neurologia,Hipertensão,2024-10-14,Masculino,Urgência,SUS
546,Paulo Fonseca,66,SP,São José dos Campos,Clínica Particular,Psiquiatria,Infecção respiratória,2026-08-16,Masculino,Urgência,SUS
547,Bianca Mendes,12,SP,Campinas,Pronto-Socorro,Oftalmologia,Lombalgia,2025-01-29,Feminino,Exame,Bradesco Saúde
548,Aurora da Costa,95,PR,Curitiba,UBS,Cardiologia,Artrite,2024-09-30,Feminino,Urgência,Unimed
549,Dr. José Pedro Siqueira,78,RS,Caxias do Sul,Clínica Particular,Neurologia,Ansiedade,2025-03-16,Feminino,Consulta,Unimed
550,Joaquim Montenegro,65,MG,Contagem,UBS,Endocrinologia,Diabetes,2025-12-01,Feminino,Urgência,Particular
551,Diego Almeida,69,SC,Blumenau,Pronto-Socorro,Neurologia,Gastrite,2025-10-11,Feminino,Retorno,Unimed
552,Rhavi Abreu,76,CE,Sobral,Hospital,Neurologia,Diabetes,2024-03-18,Feminino,Consulta,Amil
553,Eduardo Fernandes,41,PR,Londrina,Laboratório,Ginecologia,Artrite,2024-06-08,Masculino,Urgência,SUS
554,Alana Sales,52,RS,Porto Alegre,Centro Médico,Cardiologia,Artrite,2024-06-19,Masculino,Exame,Unimed
555,Eduardo Monteiro,74,BA,Feira de Santana,Pronto-Socorro,Pediatria,Asma,2025-01-02,Masculino,Exame,SulAmérica
556,Lorena Caldeira,95,PR,Londrina,Clínica Particular,Dermatologia,Dor abdominal,2026-03-17,Masculino,Retorno,SUS
557,Bella Alves,20,GO,Anápolis,UBS,Cardiologia,Ansiedade,2025-10-25,Masculino,Exame,Bradesco Saúde
558,Zoe Aragão,6,SP,São José dos Campos,Unidade de Saúde da Família,Ginecologia,Consulta de rotina,2023-08-29,Feminino,Exame,Bradesco Saúde
559,Thomas Mendes,24,RS,Santa Maria,Pronto-Socorro,Oftalmologia,Dor abdominal,2025-02-06,Masculino,Consulta,Bradesco Saúde
560,Ana Cecília Siqueira,70,PE,Petrolina,Hospital,Endocrinologia,Lombalgia,2025-04-29,Feminino,Retorno,Amil
561,Aurora Aparecida,41,RJ,Volta Redonda,Hospital,Clínica Geral,Infecção urinária,2023-12-24,Masculino,Exame,Bradesco Saúde
562,Benjamin Cavalcante,47,RJ,Petrópolis,Pronto-Socorro,Pediatria,Artrite,2024-07-06,Feminino,Retorno,Unimed
563,Daniel Sales,47,CE,Juazeiro do Norte,UPA,Neurologia,Gastrite,2024-05-26,Masculino,Exame,SulAmérica
564,Sr. Ravy Abreu,52,BA,Vitória da Conquista,Pronto-Socorro,Neurologia,Infecção respiratória,2024-08-14,Masculino,Retorno,Particular
565,Maya Castro,72,RS,Caxias do Sul,Laboratório,Oftalmologia,Dor abdominal,2025-02-16,Masculino,Retorno,Amil
566,Dr. Samuel Mendes,54,SP,Campinas,Unidade de Saúde da Família,Pediatria,Ansiedade,2025-02-12,Feminino,Exame,Unimed
567,Isaque Sales,51,RS,Porto Alegre,UBS,Pediatria,Hipertensão,2025-11-14,Masculino,Urgência,Amil
568,Henry Marques,43,RJ,Volta Redonda,Pronto-Socorro,Ginecologia,Lombalgia,2026-01-30,Feminino,Urgência,Particular
569,Sr. Pedro da Paz,45,PE,Recife,Clínica Particular,Psiquiatria,Consulta de rotina,2026-02-05,Masculino,Urgência,Unimed
570,Ísis Martins,95,BA,Ilhéus,Unidade de Saúde da Família,Cardiologia,Gastrite,2025-12-23,Feminino,Exame,SulAmérica
571,Henry Moraes,82,MG,Uberlândia,Centro Médico,Oftalmologia,Infecção urinária,2025-07-17,Feminino,Consulta,Particular
572,Sra. Ana Clara Aragão,30,MG,Juiz de Fora,Centro Médico,Ginecologia,Infecção urinária,2023-08-19,Feminino,Urgência,Bradesco Saúde
573,Luiz Fernando da Mota,57,PE,Caruaru,Centro Médico,Psiquiatria,Artrite,2025-09-10,Feminino,Exame,SUS
574,Dr. Gael Henrique Rezende,17,MG,Belo Horizonte,Clínica Particular,Dermatologia,Asma,2024-06-14,Masculino,Retorno,SUS
575,Luiz Henrique Oliveira,13,PE,Recife,UBS,Neurologia,Artrite,2025-04-28,Masculino,Consulta,Amil
576,Isadora Costela,14,SC,Florianópolis,Pronto-Socorro,Psiquiatria,Infecção respiratória,2025-02-06,Masculino,Exame,Unimed
577,Anthony Gabriel Nogueira,95,PR,Londrina,Pronto-Socorro,Neurologia,Infecção urinária,2023-10-14,Masculino,Retorno,Bradesco Saúde
578,Rhavi Borges,5,MG,Belo Horizonte,Centro Médico,Ginecologia,Dermatite,2023-08-21,Feminino,Exame,Bradesco Saúde
579,Sr. Ian das Neves,18,RS,Santa Maria,UPA,Psiquiatria,Consulta de rotina,2026-08-08,Feminino,Exame,Bradesco Saúde
580,Anthony Gabriel Cunha,45,SC,Blumenau,Unidade de Saúde da Família,Endocrinologia,Dor abdominal,2024-10-06,Masculino,Exame,Unimed
581,Anthony Gabriel Fernandes,34,BA,Ilhéus,UPA,Dermatologia,Hipertensão,2025-06-13,Masculino,Retorno,Unimed
582,Letícia Araújo,69,RS,Santa Maria,Hospital,Neurologia,Colesterol elevado,2025-08-23,Feminino,Urgência,Particular
583,Samuel Gonçalves,77,PE,Caruaru,Clínica Particular,Clínica Geral,Artrite,2024-08-11,Feminino,Retorno,Amil
584,Nina Leão,51,SC,Chapecó,Clínica Particular,Pediatria,Asma,2026-01-03,Feminino,Exame,SUS
585,Marcelo Souza,55,RS,Porto Alegre,Clínica Particular,Endocrinologia,Colesterol elevado,2023-08-19,Feminino,Urgência,SulAmérica
586,Igor Moraes,53,SC,Blumenau,Clínica Particular,Cardiologia,Infecção respiratória,2025-06-22,Masculino,Urgência,Particular
587,Laura Garcia,35,CE,Sobral,Unidade de Saúde da Família,Ortopedia,Lombalgia,2025-06-11,Masculino,Retorno,Particular
588,João Miguel Almeida,24,SC,Florianópolis,UBS,Dermatologia,Enxaqueca,2025-09-14,Masculino,Exame,SulAmérica
589,Erick Rodrigues,12,SP,Campinas,UPA,Clínica Geral,Alergia,2024-08-09,Masculino,Urgência,Amil
590,Pedro Souza,48,RS,Santa Maria,Unidade de Saúde da Família,Clínica Geral,Lombalgia,2024-10-07,Masculino,Retorno,Particular
591,Marcela Aparecida,10,RS,Santa Maria,Unidade de Saúde da Família,Pediatria,Dor abdominal,2026-05-19,Feminino,Exame,Particular
592,Theodoro Caldeira,50,RJ,Niterói,Unidade de Saúde da Família,Ortopedia,Asma,2023-12-25,Masculino,Retorno,Amil
593,Alana Moreira,61,RJ,Niterói,Laboratório,Dermatologia,Ansiedade,2026-07-13,Feminino,Retorno,SulAmérica
594,Kevin da Mata,67,SP,São José dos Campos,UBS,Dermatologia,Alergia,2025-05-27,Feminino,Retorno,Unimed
595,Caleb Souza,15,SP,Campinas,Clínica Particular,Oftalmologia,Lombalgia,2023-12-28,Masculino,Retorno,Unimed
596,Lavínia Albuquerque,51,GO,Goiânia,Clínica Particular,Clínica Geral,Hipertensão,2025-01-30,Feminino,Retorno,Unimed
597,Luiz Otávio Vasconcelos,21,RJ,Niterói,Unidade de Saúde da Família,Cardiologia,Infecção urinária,2024-08-07,Feminino,Consulta,Particular
598,João Gabriel da Cunha,90,BA,Feira de Santana,UBS,Pediatria,Alergia,2026-02-19,Masculino,Urgência,Bradesco Saúde
599,Yasmin Dias,94,BA,Ilhéus,Clínica Particular,Clínica Geral,Asma,2025-06-03,Feminino,Urgência,SulAmérica
600,Alana Melo,6,MG,Juiz de Fora,Unidade de Saúde da Família,Neurologia,Artrite,2025-07-13,Feminino,Exame,SUS
601,Srta. Valentina Moreira,70,GO,Aparecida de Goiânia,Centro Médico,Ginecologia,Asma,2024-07-18,Feminino,Urgência,Bradesco Saúde
602,Luiz Felipe Montenegro,9,SC,Joinville,UPA,Neurologia,Enxaqueca,2026-05-31,Feminino,Urgência,Amil
603,Olívia Pacheco,49,SP,São José dos Campos,UPA,Clínica Geral,Consulta de rotina,2024-09-23,Feminino,Retorno,Unimed
604,João Guilherme Duarte,25,RJ,Volta Redonda,Unidade de Saúde da Família,Endocrinologia,Infecção respiratória,2025-03-04,Feminino,Urgência,Amil
605,Dr. Raul Ferreira,13,BA,Salvador,UBS,Clínica Geral,Dermatite,2025-09-08,Masculino,Retorno,Particular
606,Jade Correia,63,PR,Curitiba,Clínica Particular,Cardiologia,Hipertensão,2026-02-12,Feminino,Exame,Bradesco Saúde
607,Sr. Breno Alves,7,GO,Anápolis,Centro Médico,Ortopedia,Consulta de rotina,2023-11-18,Masculino,Consulta,SUS
608,Sr. Juan Cavalcanti,60,CE,Fortaleza,Hospital,Ginecologia,Artrite,2024-07-11,Feminino,Urgência,SulAmérica
609,Sophia Aparecida,35,SP,São José dos Campos,Hospital,Cardiologia,Dermatite,2025-12-06,Feminino,Consulta,SUS
610,João Felipe Sousa,13,SC,Florianópolis,Clínica Particular,Endocrinologia,Gastrite,2023-11-09,Masculino,Retorno,Bradesco Saúde
611,Maria Luiza Porto,72,PR,Londrina,Laboratório,Cardiologia,Colesterol elevado,2026-06-19,Feminino,Exame,SulAmérica
612,Esther Rios,22,PE,Recife,UPA,Endocrinologia,Gastrite,2026-03-25,Feminino,Retorno,Bradesco Saúde
613,Cecília Araújo,46,GO,Rio Verde,Centro Médico,Endocrinologia,Lombalgia,2025-02-14,Feminino,Exame,SulAmérica
614,Vicente Oliveira,78,PE,Caruaru,Clínica Particular,Psiquiatria,Artrite,2025-12-07,Masculino,Exame,Bradesco Saúde
615,Maria Clara Pimenta,58,RS,Pelotas,Unidade de Saúde da Família,Oftalmologia,Hipertensão,2024-10-01,Masculino,Urgência,Bradesco Saúde
616,Dante Peixoto,18,SP,São José dos Campos,Pronto-Socorro,Clínica Geral,Enxaqueca,2023-12-29,Masculino,Retorno,Unimed
617,Raquel da Paz,71,SP,Santos,UPA,Cardiologia,Hipertensão,2026-01-29,Feminino,Urgência,SUS
618,Vicente Freitas,47,MG,Juiz de Fora,Clínica Particular,Ortopedia,Enxaqueca,2023-10-25,Feminino,Consulta,Bradesco Saúde
619,Vicente Araújo,94,PE,Olinda,UBS,Ginecologia,Colesterol elevado,2025-03-01,Feminino,Retorno,Amil
620,Dr. Vicente Marques,77,GO,Goiânia,Pronto-Socorro,Clínica Geral,Asma,2026-01-23,Feminino,Consulta,Particular
621,Maria Laura Costela,56,BA,Vitória da Conquista,Laboratório,Cardiologia,Dermatite,2025-09-24,Masculino,Consulta,SulAmérica
622,Srta. Nicole Casa Grande,40,PE,Recife,Hospital,Ginecologia,Artrite,2024-02-20,Masculino,Urgência,Bradesco Saúde
623,Luiz Henrique Vargas,7,PR,Londrina,Laboratório,Neurologia,Colesterol elevado,2024-01-27,Masculino,Retorno,Amil
624,Heloisa Andrade,19,RS,Santa Maria,UPA,Ginecologia,Diabetes,2024-10-18,Feminino,Consulta,Bradesco Saúde
625,Caio Sampaio,11,PE,Caruaru,Laboratório,Endocrinologia,Gastrite,2024-12-12,Masculino,Retorno,Amil
626,Ana Cecília Marques,63,SC,Joinville,Laboratório,Psiquiatria,Dor abdominal,2025-12-04,Masculino,Retorno,Particular
627,Isabela Azevedo,42,RS,Santa Maria,UBS,Cardiologia,Infecção urinária,2026-05-13,Feminino,Exame,Unimed
628,Yasmin da Rocha,42,BA,Feira de Santana,Centro Médico,Psiquiatria,Infecção urinária,2025-05-17,Masculino,Urgência,SUS
629,Mirella Ribeiro,80,BA,Ilhéus,UPA,Neurologia,Hipertensão,2026-06-09,Masculino,Retorno,SulAmérica
630,Fernanda Cavalcanti,94,BA,Feira de Santana,UBS,Cardiologia,Asma,2025-09-27,Masculino,Retorno,Bradesco Saúde
631,Sr. João da Rosa,2,MG,Juiz de Fora,Centro Médico,Cardiologia,Enxaqueca,2026-08-16,Feminino,Exame,Particular
632,Miguel Cavalcanti,95,BA,Feira de Santana,Clínica Particular,Ortopedia,Artrite,2024-06-14,Feminino,Exame,Bradesco Saúde
633,Isis da Conceição,49,MG,Belo Horizonte,Hospital,Dermatologia,Infecção respiratória,2025-01-22,Masculino,Urgência,SUS
634,Zoe da Mata,7,GO,Anápolis,Unidade de Saúde da Família,Clínica Geral,Diabetes,2024-07-26,Feminino,Urgência,SulAmérica
635,Vitor Gabriel Leão,3,BA,Salvador,Pronto-Socorro,Oftalmologia,Dor abdominal,2026-01-19,Feminino,Consulta,Unimed
636,Guilherme Gonçalves,24,CE,Fortaleza,Clínica Particular,Endocrinologia,Alergia,2023-11-29,Masculino,Consulta,SUS
637,Maria Liz Viana,43,SC,Blumenau,Unidade de Saúde da Família,Oftalmologia,Asma,2026-03-20,Masculino,Consulta,Unimed
638,Dra. Heloísa Cunha,81,BA,Vitória da Conquista,Pronto-Socorro,Ortopedia,Artrite,2026-02-10,Feminino,Consulta,SulAmérica
639,Valentina Monteiro,4,RS,Santa Maria,Pronto-Socorro,Ortopedia,Infecção respiratória,2024-11-05,Feminino,Exame,SulAmérica
640,Amanda Silveira,94,MG,Belo Horizonte,Laboratório,Endocrinologia,Infecção urinária,2025-12-19,Masculino,Exame,SUS
641,Ravi Sampaio,55,GO,Aparecida de Goiânia,Pronto-Socorro,Psiquiatria,Lombalgia,2025-06-30,Feminino,Retorno,SUS
642,Dra. Lívia Macedo,18,MG,Uberlândia,Pronto-Socorro,Endocrinologia,Ansiedade,2026-02-23,Masculino,Exame,SUS
643,Yuri Albuquerque,41,GO,Aparecida de Goiânia,UBS,Endocrinologia,Artrite,2025-02-22,Masculino,Retorno,Unimed
644,Dr. Otto Farias,41,MG,Belo Horizonte,Laboratório,Oftalmologia,Enxaqueca,2025-06-25,Feminino,Urgência,SUS
645,Kevin Moraes,17,PR,Curitiba,UPA,Clínica Geral,Colesterol elevado,2026-01-21,Feminino,Retorno,Bradesco Saúde
646,Pedro Miguel Rocha,88,PR,Londrina,Hospital,Ginecologia,Diabetes,2024-04-21,Feminino,Retorno,Bradesco Saúde
647,Dra. Elisa Guerra,92,GO,Rio Verde,Centro Médico,Pediatria,Dermatite,2025-06-01,Feminino,Exame,Amil
648,Laís Costela,25,MG,Uberlândia,Clínica Particular,Clínica Geral,Gastrite,2023-10-11,Masculino,Urgência,Amil
649,Maria Vitória da Cunha,27,PR,Londrina,UBS,Pediatria,Ansiedade,2026-08-01,Feminino,Exame,SulAmérica
650,Eduarda Campos,32,BA,Ilhéus,Laboratório,Oftalmologia,Colesterol elevado,2024-01-09,Masculino,Exame,SulAmérica
651,Ana Porto,79,BA,Ilhéus,Hospital,Endocrinologia,Diabetes,2026-01-21,Feminino,Exame,Particular
652,Beatriz Barros,95,PR,Cascavel,Hospital,Endocrinologia,Gastrite,2025-04-03,Masculino,Retorno,Unimed
653,Sr. Luiz Henrique da Conceição,39,CE,Sobral,Pronto-Socorro,Neurologia,Infecção respiratória,2024-04-18,Feminino,Urgência,Bradesco Saúde
654,Yan da Rocha,19,SP,São José dos Campos,Unidade de Saúde da Família,Neurologia,Diabetes,2025-08-02,Masculino,Retorno,Bradesco Saúde
655,Gabriela Pereira,51,SC,Joinville,Laboratório,Ginecologia,Alergia,2026-02-23,Masculino,Retorno,Amil
656,Nina da Mata,59,GO,Aparecida de Goiânia,UBS,Dermatologia,Lombalgia,2024-06-18,Masculino,Consulta,Particular
657,Sr. Arthur Nunes,82,RJ,Volta Redonda,Centro Médico,Cardiologia,Artrite,2025-07-07,Feminino,Retorno,Amil
658,Melissa Porto,6,SC,Chapecó,UPA,Ginecologia,Consulta de rotina,2024-05-04,Masculino,Retorno,SUS
659,Maria Laura Mendes,54,MG,Belo Horizonte,Pronto-Socorro,Dermatologia,Asma,2024-06-18,Feminino,Urgência,SulAmérica
660,Mateus Cavalcante,17,MG,Belo Horizonte,Clínica Particular,Clínica Geral,Consulta de rotina,2025-08-06,Feminino,Consulta,Amil
661,Ana Liz Mendonça,70,CE,Sobral,Hospital,Psiquiatria,Ansiedade,2024-02-04,Feminino,Retorno,SUS
662,Allana Nunes,59,GO,Rio Verde,Laboratório,Neurologia,Diabetes,2025-12-04,Masculino,Retorno,Bradesco Saúde
663,Sr. Gustavo Henrique Cunha,7,RS,Caxias do Sul,UPA,Pediatria,Hipertensão,2024-01-12,Feminino,Consulta,SUS
664,Julia Novais,78,SP,São José dos Campos,Pronto-Socorro,Ginecologia,Ansiedade,2026-05-10,Masculino,Consulta,Particular
665,Gabriel Garcia,21,PE,Olinda,Pronto-Socorro,Psiquiatria,Infecção urinária,2024-09-29,Masculino,Exame,SulAmérica
666,Asafe da Cruz,5,GO,Anápolis,UBS,Dermatologia,Lombalgia,2024-02-24,Feminino,Exame,Particular
667,Dr. Yuri Araújo,38,PE,Recife,Unidade de Saúde da Família,Pediatria,Diabetes,2024-08-21,Feminino,Urgência,Bradesco Saúde
668,Maria Cecília Farias,90,PE,Olinda,Clínica Particular,Psiquiatria,Hipertensão,2026-01-05,Masculino,Consulta,Amil
669,Sr. Isaac Monteiro,55,GO,Anápolis,Centro Médico,Dermatologia,Artrite,2024-01-18,Feminino,Retorno,Bradesco Saúde
670,Alícia Sales,67,GO,Rio Verde,Unidade de Saúde da Família,Neurologia,Colesterol elevado,2024-02-08,Masculino,Retorno,SulAmérica
671,Ravy Brito,1,RS,Caxias do Sul,UBS,Clínica Geral,Alergia,2025-10-10,Masculino,Retorno,Bradesco Saúde
672,Alexandre Cavalcanti,6,PE,Petrolina,Centro Médico,Ginecologia,Artrite,2025-06-08,Masculino,Consulta,SulAmérica
673,Guilherme Sales,33,PR,Maringá,UBS,Dermatologia,Enxaqueca,2025-01-22,Feminino,Consulta,Particular
674,Milena Silveira,51,BA,Vitória da Conquista,Hospital,Pediatria,Dor abdominal,2024-05-28,Feminino,Urgência,SulAmérica
675,Isabella da Luz,5,CE,Sobral,UPA,Neurologia,Infecção respiratória,2023-12-08,Feminino,Urgência,Amil
676,Olívia Vieira,67,PE,Recife,Pronto-Socorro,Psiquiatria,Asma,2024-04-05,Feminino,Consulta,SUS
677,Luan Cavalcante,46,GO,Anápolis,UBS,Pediatria,Enxaqueca,2025-09-09,Masculino,Urgência,Amil
678,João Pedro Alves,74,SC,Joinville,Laboratório,Pediatria,Consulta de rotina,2025-09-17,Masculino,Urgência,SulAmérica
679,Sr. Yuri Borges,35,BA,Salvador,Laboratório,Cardiologia,Alergia,2026-01-03,Masculino,Urgência,Amil
680,Ana Luiza Correia,68,RS,Caxias do Sul,Pronto-Socorro,Pediatria,Diabetes,2025-06-21,Feminino,Consulta,SUS
681,Sra. Camila Cassiano,65,RJ,Volta Redonda,Hospital,Neurologia,Ansiedade,2025-05-13,Masculino,Retorno,Unimed
682,Emilly Andrade,42,CE,Juazeiro do Norte,UPA,Cardiologia,Dermatite,2025-01-18,Masculino,Retorno,SulAmérica
683,Ana Liz Duarte,50,SP,Ribeirão Preto,UBS,Clínica Geral,Enxaqueca,2024-11-19,Masculino,Consulta,Unimed
684,Evelyn Vieira,14,CE,Fortaleza,Pronto-Socorro,Clínica Geral,Consulta de rotina,2025-05-19,Feminino,Retorno,Unimed
685,Mariane Castro,37,PR,Londrina,Pronto-Socorro,Endocrinologia,Lombalgia,2023-10-12,Feminino,Consulta,Unimed
686,Srta. Isabelly Castro,36,MG,Uberlândia,UBS,Clínica Geral,Consulta de rotina,2026-07-21,Masculino,Retorno,Bradesco Saúde
687,Isadora Dias,35,BA,Vitória da Conquista,UPA,Dermatologia,Consulta de rotina,2024-12-18,Masculino,Retorno,Particular
688,Ana Vitória Brito,70,RS,Pelotas,Unidade de Saúde da Família,Clínica Geral,Infecção respiratória,2024-03-08,Masculino,Exame,SulAmérica
689,Gabriel Lima,50,SP,São Paulo,Hospital,Cardiologia,Gastrite,2023-09-16,Feminino,Retorno,SulAmérica
690,Joana Macedo,79,GO,Rio Verde,Centro Médico,Dermatologia,Lombalgia,2026-07-16,Masculino,Consulta,Amil
691,Lucas Gabriel Cunha,12,GO,Aparecida de Goiânia,Unidade de Saúde da Família,Cardiologia,Alergia,2024-07-18,Feminino,Exame,Amil
692,Olívia da Rosa,19,PR,Londrina,Pronto-Socorro,Ginecologia,Gastrite,2026-07-16,Masculino,Urgência,Unimed
693,Otto Carvalho,4,CE,Sobral,UBS,Neurologia,Diabetes,2024-04-04,Feminino,Exame,Amil
694,Srta. Maria Cavalcanti,45,MG,Juiz de Fora,UPA,Endocrinologia,Diabetes,2025-06-16,Feminino,Consulta,Unimed
695,Arthur Miguel Martins,39,SC,Florianópolis,Unidade de Saúde da Família,Oftalmologia,Consulta de rotina,2024-01-05,Feminino,Retorno,Bradesco Saúde
696,Benício Teixeira,62,PR,Londrina,Laboratório,Cardiologia,Lombalgia,2025-10-25,Masculino,Exame,Amil
697,Manuella Lopes,70,GO,Anápolis,Clínica Particular,Pediatria,Infecção urinária,2025-01-14,Masculino,Exame,Particular
698,Ian Montenegro,42,GO,Rio Verde,UBS,Neurologia,Infecção respiratória,2025-07-05,Feminino,Exame,Particular
699,Maysa Monteiro,88,GO,Goiânia,Laboratório,Ginecologia,Alergia,2025-12-24,Masculino,Consulta,SUS
700,Sr. Leonardo Jesus,19,MG,Belo Horizonte,UPA,Neurologia,Artrite,2025-08-12,Feminino,Exame,Bradesco Saúde
701,Francisco Abreu,26,GO,Rio Verde,Clínica Particular,Ginecologia,Enxaqueca,2025-11-08,Feminino,Exame,SulAmérica
702,Maria Moura,75,BA,Salvador,Hospital,Psiquiatria,Artrite,2025-07-05,Feminino,Retorno,Unimed
703,Anthony Gabriel Rios,71,SP,Santos,Hospital,Clínica Geral,Asma,2024-03-08,Feminino,Consulta,Unimed
704,Gabriela Farias,56,SP,Campinas,Laboratório,Ginecologia,Asma,2025-05-25,Feminino,Exame,Amil
705,Maya Sales,85,PE,Olinda,UPA,Neurologia,Infecção respiratória,2025-08-26,Masculino,Exame,Unimed
706,Bernardo Rodrigues,37,PE,Olinda,UPA,Pediatria,Hipertensão,2024-11-06,Masculino,Consulta,SUS
707,Brenda Azevedo,18,CE,Sobral,UBS,Pediatria,Infecção urinária,2025-09-02,Feminino,Exame,SulAmérica
708,Pedro Lucas da Mota,80,GO,Rio Verde,UPA,Neurologia,Artrite,2026-06-29,Feminino,Exame,Amil
709,Luiz Felipe da Luz,24,BA,Feira de Santana,Laboratório,Psiquiatria,Hipertensão,2026-04-23,Feminino,Retorno,SulAmérica
710,Kaique Marques,53,SC,Blumenau,Centro Médico,Clínica Geral,Hipertensão,2026-04-20,Feminino,Urgência,Particular
711,Nicole Albuquerque,89,GO,Rio Verde,UBS,Pediatria,Asma,2025-09-25,Feminino,Exame,Bradesco Saúde
712,Pedro Miguel Castro,32,RJ,Rio de Janeiro,Unidade de Saúde da Família,Cardiologia,Infecção urinária,2024-09-21,Feminino,Consulta,Unimed
713,Maria Julia Fogaça,61,SC,Florianópolis,Unidade de Saúde da Família,Endocrinologia,Ansiedade,2026-01-22,Feminino,Urgência,Amil
714,Ravy Câmara,38,BA,Vitória da Conquista,UPA,Clínica Geral,Asma,2026-06-07,Feminino,Urgência,Particular
715,Laura Mendes,74,CE,Caucaia,Hospital,Dermatologia,Colesterol elevado,2026-04-08,Masculino,Urgência,Amil
716,Maria Flor Sampaio,65,RJ,Niterói,UBS,Dermatologia,Enxaqueca,2023-11-14,Masculino,Urgência,Unimed
717,Vinicius Brito,95,RS,Porto Alegre,UBS,Psiquiatria,Infecção respiratória,2026-02-23,Masculino,Exame,Unimed
718,Dra. Clara Teixeira,90,MG,Juiz de Fora,Clínica Particular,Neurologia,Infecção respiratória,2024-03-28,Masculino,Urgência,Particular
719,Milena Rocha,64,MG,Uberlândia,Laboratório,Oftalmologia,Dor abdominal,2025-01-26,Feminino,Retorno,SUS
720,Sr. Diego Ferreira,7,GO,Anápolis,Pronto-Socorro,Cardiologia,Hipertensão,2024-08-03,Masculino,Exame,Amil
721,Maria Cecília Dias,61,CE,Juazeiro do Norte,Clínica Particular,Oftalmologia,Infecção urinária,2025-07-23,Feminino,Exame,Unimed
722,Renan Nascimento,2,MG,Contagem,Pronto-Socorro,Neurologia,Gastrite,2023-10-02,Feminino,Consulta,Particular
723,Sr. Danilo Ramos,56,SC,Blumenau,Pronto-Socorro,Ginecologia,Enxaqueca,2023-11-26,Feminino,Consulta,Unimed
724,Dr. Antônio da Luz,60,GO,Rio Verde,Clínica Particular,Psiquiatria,Colesterol elevado,2023-10-26,Masculino,Urgência,SulAmérica
725,Srta. Ana Liz Barros,71,MG,Juiz de Fora,Hospital,Clínica Geral,Dermatite,2026-07-15,Masculino,Consulta,Amil
726,Milena Novaes,88,RJ,Rio de Janeiro,Unidade de Saúde da Família,Ginecologia,Dor abdominal,2025-05-30,Feminino,Urgência,SUS
727,Rafaela da Cruz,80,SP,São Paulo,UBS,Clínica Geral,Consulta de rotina,2024-11-19,Masculino,Consulta,SulAmérica
728,Vitor Hugo Fernandes,78,RJ,Rio de Janeiro,UPA,Oftalmologia,Infecção urinária,2024-08-30,Masculino,Consulta,SulAmérica
729,Pedro Lucas Silva,38,MG,Juiz de Fora,Unidade de Saúde da Família,Cardiologia,Infecção urinária,2024-07-25,Feminino,Urgência,Amil
730,Léo Ribeiro,21,BA,Vitória da Conquista,UBS,Dermatologia,Colesterol elevado,2023-08-24,Masculino,Exame,Amil
731,Hellena das Neves,34,BA,Salvador,Pronto-Socorro,Pediatria,Alergia,2025-06-16,Masculino,Exame,SUS
732,Heloísa Sales,23,GO,Rio Verde,Unidade de Saúde da Família,Cardiologia,Infecção respiratória,2023-10-08,Feminino,Retorno,Bradesco Saúde
733,Cauê Cavalcanti,92,RJ,Volta Redonda,Pronto-Socorro,Cardiologia,Hipertensão,2025-11-14,Masculino,Consulta,Bradesco Saúde
734,Sarah Pires,3,RS,Santa Maria,Unidade de Saúde da Família,Pediatria,Infecção urinária,2023-08-31,Masculino,Consulta,SulAmérica
735,Francisco Carvalho,20,PE,Caruaru,Centro Médico,Oftalmologia,Consulta de rotina,2024-09-11,Masculino,Exame,Amil
736,Maria Eduarda Pacheco,94,PE,Petrolina,UBS,Endocrinologia,Dor abdominal,2026-07-11,Masculino,Exame,SulAmérica
737,Benjamim Fonseca,73,CE,Fortaleza,Centro Médico,Ginecologia,Infecção urinária,2025-07-28,Feminino,Exame,Particular
738,Ana Clara Sá,69,RJ,Petrópolis,Centro Médico,Cardiologia,Dermatite,2023-11-11,Feminino,Urgência,SulAmérica
739,Sra. Laura Albuquerque,71,PR,Londrina,Hospital,Oftalmologia,Infecção urinária,2025-04-28,Masculino,Urgência,SulAmérica
740,Sra. Melissa Borges,81,PE,Recife,Centro Médico,Neurologia,Diabetes,2025-11-10,Feminino,Retorno,SUS
741,Diego Rodrigues,4,SP,Campinas,Clínica Particular,Neurologia,Gastrite,2025-06-08,Masculino,Urgência,Amil
742,Milena Monteiro,3,SC,Chapecó,Hospital,Ginecologia,Hipertensão,2026-02-07,Feminino,Consulta,Amil
743,Theo Rodrigues,84,RJ,Niterói,Unidade de Saúde da Família,Endocrinologia,Infecção respiratória,2026-01-24,Masculino,Consulta,Particular
744,Júlia Cavalcanti,84,MG,Contagem,Hospital,Neurologia,Ansiedade,2025-11-19,Masculino,Retorno,SulAmérica
745,Bernardo Alves,23,MG,Belo Horizonte,Hospital,Dermatologia,Dermatite,2026-07-31,Masculino,Exame,Bradesco Saúde
746,Arthur Sales,14,MG,Belo Horizonte,UBS,Neurologia,Consulta de rotina,2026-07-12,Masculino,Consulta,SUS
747,Sr. Renan Sampaio,95,PE,Caruaru,Laboratório,Ginecologia,Diabetes,2025-02-16,Masculino,Urgência,SUS
748,Sr. Diogo Pinto,23,SP,São José dos Campos,Centro Médico,Cardiologia,Diabetes,2026-03-14,Feminino,Retorno,Amil
749,Allana Costela,71,MG,Juiz de Fora,UPA,Neurologia,Dor abdominal,2024-10-29,Masculino,Retorno,Particular
750,Luiz Fernando Duarte,21,GO,Rio Verde,Hospital,Neurologia,Diabetes,2024-01-16,Masculino,Consulta,SUS
751,Valentina Fonseca,54,RJ,Petrópolis,Unidade de Saúde da Família,Pediatria,Dor abdominal,2026-01-06,Masculino,Urgência,Bradesco Saúde
752,Bryan Souza,31,CE,Sobral,UPA,Psiquiatria,Asma,2024-01-10,Masculino,Retorno,SulAmérica
753,Rebeca da Luz,81,CE,Fortaleza,Pronto-Socorro,Ginecologia,Gastrite,2024-06-06,Masculino,Retorno,SUS
754,Sr. Breno Silva,80,RJ,Rio de Janeiro,Centro Médico,Endocrinologia,Artrite,2023-09-05,Masculino,Exame,SulAmérica
755,Ana Carolina Rezende,7,PR,Maringá,Clínica Particular,Cardiologia,Colesterol elevado,2025-09-16,Masculino,Exame,Amil
756,Emilly Caldeira,86,MG,Uberlândia,Hospital,Clínica Geral,Infecção urinária,2023-11-25,Feminino,Urgência,SUS
757,Augusto Silveira,43,PE,Caruaru,Unidade de Saúde da Família,Clínica Geral,Diabetes,2026-02-27,Masculino,Retorno,SUS
758,Sr. Otto Moura,66,SP,Ribeirão Preto,UBS,Cardiologia,Ansiedade,2026-03-26,Masculino,Exame,Bradesco Saúde
759,Thales Fernandes,54,GO,Anápolis,Clínica Particular,Ginecologia,Dor abdominal,2024-10-28,Masculino,Urgência,SUS
760,Sr. Augusto Albuquerque,95,RJ,Niterói,Laboratório,Ortopedia,Gastrite,2025-10-07,Masculino,Consulta,Amil
761,Thomas Borges,7,GO,Rio Verde,Laboratório,Pediatria,Dor abdominal,2025-12-07,Feminino,Retorno,Amil
762,Pietra Nogueira,59,BA,Feira de Santana,Clínica Particular,Ginecologia,Enxaqueca,2026-04-13,Masculino,Urgência,SUS
763,Srta. Maria Fernanda Sales,8,SP,São José dos Campos,Pronto-Socorro,Pediatria,Diabetes,2025-08-29,Feminino,Exame,Amil
764,Benicio Souza,29,MG,Juiz de Fora,Pronto-Socorro,Psiquiatria,Infecção respiratória,2023-10-31,Masculino,Retorno,Particular
765,Bianca Castro,28,PE,Petrolina,Unidade de Saúde da Família,Neurologia,Enxaqueca,2026-06-11,Masculino,Exame,SulAmérica
766,João Vitor Fernandes,42,PR,Londrina,Laboratório,Psiquiatria,Dor abdominal,2024-04-07,Masculino,Consulta,Amil
767,Anthony Gabriel Moraes,61,SP,São Paulo,Hospital,Oftalmologia,Artrite,2023-09-09,Feminino,Exame,SulAmérica
768,Maria Julia Cirino,64,RJ,Volta Redonda,Clínica Particular,Cardiologia,Artrite,2024-10-13,Masculino,Exame,SUS
769,Sr. Antony Lima,38,MG,Juiz de Fora,Clínica Particular,Cardiologia,Hipertensão,2024-11-13,Feminino,Urgência,SUS
770,Vitor Hugo Costa,59,CE,Fortaleza,Unidade de Saúde da Família,Pediatria,Dermatite,2024-07-15,Feminino,Retorno,Unimed
771,Nicole Campos,81,CE,Fortaleza,UBS,Oftalmologia,Ansiedade,2026-06-27,Feminino,Consulta,Unimed
772,Sr. João Aragão,90,PE,Caruaru,Clínica Particular,Cardiologia,Consulta de rotina,2026-01-30,Feminino,Consulta,Bradesco Saúde
773,Srta. Joana Albuquerque,15,BA,Salvador,Laboratório,Ginecologia,Alergia,2026-07-22,Masculino,Urgência,Unimed
774,Pedro Henrique Sales,72,MG,Belo Horizonte,Clínica Particular,Pediatria,Lombalgia,2026-02-25,Masculino,Consulta,SulAmérica
775,Srta. Maria Luísa Santos,29,CE,Caucaia,Centro Médico,Ginecologia,Ansiedade,2026-03-04,Feminino,Exame,Unimed
776,Dra. Carolina Aparecida,48,SP,São Paulo,Centro Médico,Neurologia,Alergia,2025-09-19,Masculino,Exame,SulAmérica
777,Srta. Clarice Sales,58,SC,Blumenau,Centro Médico,Cardiologia,Dor abdominal,2025-12-15,Feminino,Consulta,Particular
778,Beatriz Mendes,37,PE,Olinda,UBS,Cardiologia,Infecção respiratória,2026-04-05,Feminino,Consulta,SulAmérica
779,Dr. Yago Vieira,20,MG,Contagem,Clínica Particular,Endocrinologia,Infecção urinária,2023-08-21,Masculino,Urgência,Amil
780,Pedro Lucas Gonçalves,61,SC,Joinville,Centro Médico,Oftalmologia,Alergia,2025-05-19,Masculino,Urgência,SUS
781,Theo Dias,30,RJ,Rio de Janeiro,Centro Médico,Oftalmologia,Consulta de rotina,2025-01-11,Feminino,Urgência,Amil
782,Marina Camargo,59,GO,Rio Verde,Pronto-Socorro,Psiquiatria,Infecção respiratória,2024-07-21,Feminino,Retorno,Unimed
783,Aylla Fonseca,48,PR,Cascavel,Pronto-Socorro,Clínica Geral,Infecção respiratória,2024-06-17,Feminino,Urgência,Amil
784,Sarah Barbosa,92,MG,Uberlândia,Pronto-Socorro,Pediatria,Infecção respiratória,2024-02-21,Masculino,Retorno,SUS
785,Aurora Fogaça,41,RJ,Rio de Janeiro,UPA,Neurologia,Enxaqueca,2024-10-13,Feminino,Retorno,SUS
786,Sra. Lívia Jesus,86,SC,Florianópolis,Centro Médico,Ginecologia,Infecção respiratória,2025-05-03,Feminino,Exame,Bradesco Saúde
787,Ana Júlia Freitas,16,MG,Juiz de Fora,Hospital,Oftalmologia,Ansiedade,2024-01-04,Feminino,Retorno,Amil
788,João Vitor Pimenta,1,BA,Feira de Santana,Centro Médico,Dermatologia,Alergia,2024-04-25,Feminino,Retorno,Bradesco Saúde
789,Luísa Martins,89,CE,Juazeiro do Norte,UBS,Neurologia,Ansiedade,2023-11-19,Masculino,Retorno,SulAmérica
790,Luiz Gustavo Viana,40,SC,Florianópolis,Hospital,Oftalmologia,Consulta de rotina,2026-06-15,Masculino,Exame,Unimed
791,Beatriz Almeida,8,RJ,Petrópolis,Clínica Particular,Psiquiatria,Artrite,2023-11-02,Masculino,Urgência,SUS
792,Dante Castro,69,SP,São Paulo,Unidade de Saúde da Família,Cardiologia,Artrite,2024-03-30,Feminino,Retorno,Amil
793,Francisco Abreu,86,BA,Salvador,Centro Médico,Oftalmologia,Infecção respiratória,2024-06-28,Feminino,Urgência,Amil
794,Ian Moraes,37,BA,Salvador,Centro Médico,Ginecologia,Enxaqueca,2024-08-14,Feminino,Consulta,SUS
795,Théo Almeida,57,CE,Sobral,Pronto-Socorro,Pediatria,Colesterol elevado,2025-05-17,Feminino,Exame,SUS
796,Sra. Jade Caldeira,19,GO,Goiânia,Clínica Particular,Dermatologia,Alergia,2025-03-19,Feminino,Consulta,Bradesco Saúde
797,Diogo Pastor,1,PE,Recife,Laboratório,Dermatologia,Gastrite,2025-11-18,Masculino,Exame,SulAmérica
798,Yan Albuquerque,26,GO,Aparecida de Goiânia,UPA,Oftalmologia,Enxaqueca,2023-11-16,Feminino,Consulta,Unimed
799,Ana Luiza Novaes,64,GO,Anápolis,Unidade de Saúde da Família,Ortopedia,Hipertensão,2026-07-03,Masculino,Retorno,Unimed
800,Benjamin Nogueira,16,RS,Santa Maria,Pronto-Socorro,Oftalmologia,Infecção respiratória,2023-10-30,Feminino,Retorno,Particular
801,Maria Julia Duarte,64,RJ,Petrópolis,UBS,Psiquiatria,Asma,2023-12-04,Feminino,Exame,Bradesco Saúde
802,Manuela Moraes,81,PE,Caruaru,Unidade de Saúde da Família,Cardiologia,Lombalgia,2024-08-02,Masculino,Urgência,SUS
803,Joaquim Ferreira,19,GO,Goiânia,Centro Médico,Neurologia,Ansiedade,2026-02-26,Masculino,Urgência,SUS
804,Maria Sophia Moraes,47,SP,Santos,Laboratório,Ginecologia,Hipertensão,2025-06-07,Feminino,Urgência,Bradesco Saúde
805,Sra. Camila Pastor,81,RJ,Niterói,UPA,Cardiologia,Consulta de rotina,2023-10-10,Masculino,Urgência,Unimed
806,Eloá Fernandes,88,RS,Pelotas,Centro Médico,Cardiologia,Artrite,2024-02-17,Feminino,Retorno,Particular
807,Pietra Viana,48,MG,Juiz de Fora,Unidade de Saúde da Família,Oftalmologia,Lombalgia,2025-03-08,Masculino,Consulta,SUS
808,Ryan Mendes,25,MG,Uberlândia,UBS,Oftalmologia,Alergia,2024-10-25,Masculino,Consulta,SUS
809,Sr. Bernardo Camargo,45,SP,Ribeirão Preto,Pronto-Socorro,Ginecologia,Infecção respiratória,2026-06-14,Feminino,Urgência,SUS
810,Kaique Azevedo,16,RS,Porto Alegre,Clínica Particular,Pediatria,Dermatite,2025-03-14,Masculino,Retorno,Unimed
811,Dr. Ravi Correia,17,MG,Uberlândia,UBS,Oftalmologia,Asma,2025-04-15,Masculino,Consulta,Particular
812,Ravi Lucca Cavalcante,6,CE,Sobral,Clínica Particular,Cardiologia,Hipertensão,2025-06-24,Masculino,Exame,Particular
813,Ester Sá,9,RS,Porto Alegre,Pronto-Socorro,Clínica Geral,Colesterol elevado,2023-09-04,Masculino,Consulta,Bradesco Saúde
814,Ana Carolina da Cunha,24,PR,Londrina,Centro Médico,Clínica Geral,Diabetes,2026-08-13,Masculino,Urgência,Bradesco Saúde
815,Murilo Pacheco,21,BA,Vitória da Conquista,Clínica Particular,Endocrinologia,Consulta de rotina,2023-10-29,Masculino,Consulta,Bradesco Saúde
816,Esther Gonçalves,28,SP,São José dos Campos,Clínica Particular,Dermatologia,Infecção respiratória,2023-10-15,Masculino,Consulta,SUS
817,Liz Jesus,47,SC,Chapecó,UPA,Neurologia,Infecção urinária,2023-10-15,Masculino,Retorno,Unimed
818,Gabriela Moraes,28,PE,Petrolina,Clínica Particular,Oftalmologia,Diabetes,2024-02-27,Feminino,Consulta,Amil
819,Dr. Bryan Mendes,64,RJ,Niterói,Centro Médico,Dermatologia,Artrite,2025-08-14,Masculino,Consulta,Unimed
820,Isadora da Costa,50,CE,Fortaleza,Pronto-Socorro,Neurologia,Consulta de rotina,2024-12-18,Feminino,Exame,SUS
821,Luiz Gustavo da Luz,38,SC,Chapecó,Laboratório,Ortopedia,Dermatite,2025-06-08,Masculino,Exame,SulAmérica
822,Dr. Marcelo Cavalcanti,2,BA,Feira de Santana,Unidade de Saúde da Família,Cardiologia,Gastrite,2026-04-28,Feminino,Consulta,Particular
823,Giovanna Guerra,52,MG,Contagem,UBS,Pediatria,Diabetes,2025-07-09,Feminino,Retorno,Unimed
824,Breno Cunha,16,PR,Cascavel,Clínica Particular,Oftalmologia,Asma,2023-12-08,Feminino,Urgência,SulAmérica
825,Enzo Gabriel Melo,83,GO,Anápolis,Laboratório,Ginecologia,Alergia,2024-08-11,Feminino,Exame,Bradesco Saúde
826,Rael Melo,59,RS,Caxias do Sul,UBS,Cardiologia,Enxaqueca,2023-09-30,Feminino,Exame,SUS
827,Sr. Thomas Nascimento,13,MG,Belo Horizonte,Hospital,Cardiologia,Alergia,2026-08-04,Masculino,Retorno,Amil
828,Francisco Siqueira,20,GO,Anápolis,Pronto-Socorro,Psiquiatria,Consulta de rotina,2025-05-04,Masculino,Consulta,SulAmérica
829,Pedro Miguel Souza,60,SC,Chapecó,Clínica Particular,Dermatologia,Infecção urinária,2026-05-18,Feminino,Exame,Bradesco Saúde
830,Vitor Santos,70,RS,Pelotas,Hospital,Clínica Geral,Gastrite,2025-01-25,Masculino,Exame,Amil
831,Bruno Rodrigues,57,BA,Ilhéus,Unidade de Saúde da Família,Clínica Geral,Hipertensão,2023-12-03,Masculino,Urgência,SulAmérica
832,Anthony Gabriel Cavalcanti,56,MG,Contagem,UPA,Dermatologia,Asma,2024-12-19,Feminino,Exame,Particular
833,Laura Silva,85,GO,Rio Verde,Unidade de Saúde da Família,Neurologia,Artrite,2026-01-12,Masculino,Consulta,Amil
834,Thiago Fernandes,76,RS,Santa Maria,Laboratório,Psiquiatria,Infecção urinária,2023-08-24,Feminino,Urgência,Unimed
835,Ana Luiza das Neves,76,SP,São Paulo,Hospital,Pediatria,Dermatite,2025-05-01,Feminino,Urgência,SulAmérica
836,Emilly Nunes,81,GO,Goiânia,Centro Médico,Oftalmologia,Diabetes,2024-02-04,Feminino,Urgência,Unimed
837,Allana Pinto,8,PE,Caruaru,Clínica Particular,Ortopedia,Dor abdominal,2024-06-06,Feminino,Consulta,SulAmérica
838,Anthony Câmara,15,RJ,Petrópolis,Centro Médico,Pediatria,Hipertensão,2024-07-09,Feminino,Consulta,Amil
839,Luara Lima,35,PE,Petrolina,Hospital,Neurologia,Consulta de rotina,2023-08-26,Masculino,Urgência,Amil
840,Dr. Alexandre Abreu,42,GO,Rio Verde,UBS,Neurologia,Diabetes,2025-11-22,Masculino,Urgência,Amil
841,Sr. Matteo da Conceição,22,SC,Blumenau,Pronto-Socorro,Ginecologia,Gastrite,2023-11-21,Masculino,Exame,SulAmérica
842,Heitor Fonseca,37,RJ,Niterói,Pronto-Socorro,Clínica Geral,Enxaqueca,2024-02-26,Feminino,Retorno,Bradesco Saúde
843,Raul Borges,76,RJ,Rio de Janeiro,Centro Médico,Dermatologia,Diabetes,2024-02-16,Feminino,Exame,SUS
844,Heitor Monteiro,84,BA,Salvador,Pronto-Socorro,Endocrinologia,Colesterol elevado,2026-05-09,Feminino,Exame,SulAmérica
845,Sr. Luiz Miguel Moreira,26,SC,Blumenau,Laboratório,Oftalmologia,Enxaqueca,2024-10-16,Feminino,Retorno,Particular
846,Alana Guerra,74,SC,Joinville,Unidade de Saúde da Família,Ortopedia,Infecção urinária,2025-11-17,Feminino,Urgência,SulAmérica
847,Enzo Gabriel Araújo,73,SC,Chapecó,Hospital,Endocrinologia,Dor abdominal,2023-11-23,Feminino,Exame,SUS
848,Caroline Andrade,88,PR,Londrina,Pronto-Socorro,Oftalmologia,Gastrite,2026-01-29,Feminino,Consulta,SulAmérica
849,Dra. Emilly Melo,35,PR,Cascavel,Pronto-Socorro,Pediatria,Enxaqueca,2024-12-30,Masculino,Exame,SUS
850,Ayla Sá,25,RJ,Niterói,Hospital,Ortopedia,Colesterol elevado,2026-06-02,Feminino,Exame,Amil
851,Gustavo Henrique Pereira,55,SC,Chapecó,Hospital,Ortopedia,Infecção respiratória,2024-10-30,Feminino,Retorno,Particular
852,Emanuel Santos,85,RS,Pelotas,UPA,Clínica Geral,Asma,2025-06-14,Feminino,Consulta,Particular
853,Maria Liz Fonseca,78,RJ,Petrópolis,Pronto-Socorro,Cardiologia,Ansiedade,2024-12-30,Feminino,Urgência,SulAmérica
854,Emanuelly Macedo,93,RJ,Volta Redonda,UPA,Ortopedia,Diabetes,2023-09-27,Masculino,Urgência,Amil
855,Raquel Ferreira,77,RJ,Niterói,UBS,Ginecologia,Lombalgia,2026-07-03,Feminino,Retorno,Amil
856,Mateus Moura,14,PR,Londrina,UPA,Ortopedia,Enxaqueca,2024-10-25,Feminino,Exame,Unimed
857,Arthur Miguel Silveira,63,GO,Goiânia,Centro Médico,Cardiologia,Lombalgia,2023-09-02,Feminino,Exame,SulAmérica
858,Vitória Cavalcante,19,PR,Maringá,Centro Médico,Neurologia,Asma,2024-09-11,Feminino,Urgência,Particular
859,Liz Aragão,95,GO,Goiânia,Hospital,Ortopedia,Enxaqueca,2024-11-15,Feminino,Urgência,SulAmérica
860,Enrico Ferreira,69,BA,Salvador,Clínica Particular,Neurologia,Gastrite,2025-10-09,Masculino,Exame,Unimed
861,Ana Luiza Novais,31,RS,Porto Alegre,Pronto-Socorro,Ortopedia,Dermatite,2026-01-03,Masculino,Exame,SulAmérica
862,João Pedro Cassiano,5,BA,Ilhéus,Pronto-Socorro,Cardiologia,Dermatite,2023-11-20,Feminino,Exame,SulAmérica
863,Guilherme Novais,92,PE,Caruaru,Laboratório,Cardiologia,Dermatite,2025-03-21,Masculino,Urgência,Bradesco Saúde
864,Emanuel Cassiano,54,RJ,Petrópolis,Centro Médico,Neurologia,Asma,2024-10-11,Masculino,Consulta,SulAmérica
865,Srta. Fernanda Leão,83,MG,Contagem,UPA,Clínica Geral,Gastrite,2026-08-13,Masculino,Urgência,Unimed
866,Vicente Carvalho,15,GO,Goiânia,UPA,Ortopedia,Artrite,2026-05-23,Masculino,Exame,Unimed
867,Dr. Bernardo Martins,95,CE,Sobral,UPA,Dermatologia,Infecção respiratória,2023-09-17,Feminino,Urgência,SUS
868,Rafael Novaes,48,RJ,Volta Redonda,UPA,Oftalmologia,Ansiedade,2024-01-08,Feminino,Retorno,Particular
869,Anthony Gabriel Campos,83,SP,São José dos Campos,Clínica Particular,Cardiologia,Alergia,2025-09-19,Masculino,Urgência,SulAmérica
870,Beatriz Câmara,52,MG,Belo Horizonte,Laboratório,Psiquiatria,Enxaqueca,2024-01-09,Masculino,Consulta,Unimed
871,Leandro da Rocha,2,MG,Belo Horizonte,Laboratório,Neurologia,Dermatite,2024-06-02,Feminino,Consulta,SUS
872,Mathias Cassiano,35,PR,Londrina,Pronto-Socorro,Neurologia,Gastrite,2026-06-21,Masculino,Exame,SUS
873,Dr. Henry Sales,37,GO,Aparecida de Goiânia,Clínica Particular,Oftalmologia,Infecção respiratória,2025-05-22,Feminino,Retorno,Particular
874,Ana Julia Rocha,31,RS,Pelotas,Unidade de Saúde da Família,Ortopedia,Lombalgia,2025-11-03,Feminino,Consulta,Particular
875,Bárbara Pacheco,42,CE,Caucaia,Laboratório,Ortopedia,Asma,2024-09-03,Feminino,Exame,SulAmérica
876,Bento da Luz,10,GO,Anápolis,UBS,Endocrinologia,Hipertensão,2025-07-22,Masculino,Urgência,SUS
877,Diego Silva,78,CE,Juazeiro do Norte,Hospital,Clínica Geral,Enxaqueca,2025-01-20,Feminino,Urgência,Amil
878,Ana Almeida,72,BA,Feira de Santana,Hospital,Psiquiatria,Infecção respiratória,2026-06-13,Feminino,Retorno,Bradesco Saúde
879,Helena Castro,60,CE,Juazeiro do Norte,UPA,Cardiologia,Lombalgia,2023-12-13,Feminino,Retorno,Unimed
880,Ana Liz Mendonça,6,RJ,Petrópolis,UPA,Neurologia,Dermatite,2025-02-03,Feminino,Urgência,Amil
881,Mariah das Neves,79,RS,Pelotas,Pronto-Socorro,Endocrinologia,Lombalgia,2024-01-31,Feminino,Retorno,Unimed
882,Enzo Gabriel Barbosa,72,CE,Caucaia,Unidade de Saúde da Família,Clínica Geral,Dor abdominal,2024-07-02,Masculino,Consulta,SUS
883,Dr. Benicio Duarte,61,MG,Belo Horizonte,Pronto-Socorro,Pediatria,Asma,2024-06-14,Feminino,Exame,Particular
884,Ana Clara Moraes,57,CE,Fortaleza,Centro Médico,Endocrinologia,Alergia,2024-11-29,Feminino,Exame,Particular
885,Lara Novaes,45,MG,Belo Horizonte,UBS,Ortopedia,Dermatite,2026-01-17,Feminino,Retorno,SUS
886,Oliver Sá,73,SC,Blumenau,Clínica Particular,Psiquiatria,Hipertensão,2024-12-05,Masculino,Exame,Particular
887,Srta. Vitória Gonçalves,87,PR,Cascavel,UBS,Ginecologia,Hipertensão,2025-10-01,Feminino,Consulta,Amil
888,Maria Clara Silva,42,BA,Salvador,UPA,Clínica Geral,Diabetes,2024-09-17,Feminino,Exame,Amil
889,Lavínia Costa,43,RS,Porto Alegre,Hospital,Psiquiatria,Alergia,2026-06-19,Feminino,Retorno,SUS
890,Dra. Fernanda Pereira,42,SP,Santos,Hospital,Cardiologia,Artrite,2025-12-07,Feminino,Consulta,Amil
891,Ana Sophia da Rosa,31,RS,Caxias do Sul,Laboratório,Cardiologia,Hipertensão,2024-09-22,Masculino,Retorno,Amil
892,Henrique Azevedo,83,PE,Caruaru,UPA,Cardiologia,Enxaqueca,2025-02-28,Feminino,Exame,SulAmérica
893,Nicole Sales,46,RS,Caxias do Sul,UBS,Ginecologia,Artrite,2026-03-26,Masculino,Exame,Amil
894,João Pedro Castro,35,PE,Petrolina,Laboratório,Cardiologia,Colesterol elevado,2024-10-26,Feminino,Urgência,Bradesco Saúde
895,José Miguel Aragão,81,MG,Contagem,Laboratório,Cardiologia,Hipertensão,2025-07-29,Feminino,Exame,SulAmérica
896,Arthur Gabriel Cardoso,64,PR,Londrina,UBS,Dermatologia,Alergia,2024-08-01,Feminino,Consulta,Amil
897,Sr. Diego Nogueira,17,RS,Caxias do Sul,Pronto-Socorro,Ortopedia,Artrite,2023-09-17,Feminino,Urgência,Bradesco Saúde
898,Ágatha Aparecida,10,SP,São José dos Campos,Hospital,Endocrinologia,Diabetes,2025-05-16,Feminino,Exame,Particular
899,Isabela Sousa,46,CE,Juazeiro do Norte,Pronto-Socorro,Psiquiatria,Diabetes,2025-07-30,Masculino,Consulta,SulAmérica
900,Alexandre Guerra,24,CE,Caucaia,Laboratório,Clínica Geral,Diabetes,2024-11-09,Feminino,Urgência,Unimed
901,Noah Leão,86,GO,Rio Verde,Unidade de Saúde da Família,Psiquiatria,Colesterol elevado,2025-07-09,Feminino,Urgência,SUS
902,Vitor Gabriel Cunha,11,PR,Londrina,Pronto-Socorro,Cardiologia,Gastrite,2026-06-13,Masculino,Consulta,Amil
903,Sr. Caio Oliveira,22,RJ,Rio de Janeiro,Unidade de Saúde da Família,Neurologia,Asma,2024-02-26,Feminino,Exame,Unimed
904,Rael Monteiro,89,GO,Anápolis,Laboratório,Dermatologia,Diabetes,2025-04-30,Masculino,Retorno,Particular
905,Ravi Lucca Monteiro,3,PR,Curitiba,Clínica Particular,Clínica Geral,Dor abdominal,2026-05-05,Feminino,Retorno,SulAmérica
906,Dr. Vitor Pereira,81,PR,Cascavel,Clínica Particular,Cardiologia,Enxaqueca,2025-04-10,Feminino,Retorno,Amil
907,Olivia Aragão,15,PE,Recife,UPA,Pediatria,Asma,2023-12-06,Feminino,Exame,Amil
908,Erick Azevedo,75,SP,Ribeirão Preto,Clínica Particular,Ortopedia,Enxaqueca,2025-10-03,Feminino,Consulta,Unimed
909,Isis Cassiano,81,SP,São Paulo,Laboratório,Oftalmologia,Dermatite,2026-02-14,Feminino,Urgência,Particular
910,Sr. Alexandre Câmara,63,CE,Sobral,Unidade de Saúde da Família,Ortopedia,Asma,2025-07-02,Masculino,Consulta,Amil
911,Bruna Nascimento,71,GO,Anápolis,UBS,Dermatologia,Ansiedade,2025-03-22,Feminino,Exame,Particular
912,Kaique Cardoso,58,CE,Juazeiro do Norte,Laboratório,Clínica Geral,Infecção respiratória,2024-12-28,Feminino,Retorno,Amil
913,Augusto Castro,30,BA,Ilhéus,Clínica Particular,Psiquiatria,Ansiedade,2025-02-08,Feminino,Exame,SUS
914,Rafael Martins,54,RS,Santa Maria,Centro Médico,Neurologia,Colesterol elevado,2026-05-16,Masculino,Retorno,Unimed
915,Leonardo Carvalho,17,RJ,Volta Redonda,UPA,Ortopedia,Infecção respiratória,2025-02-13,Feminino,Consulta,Amil
916,Liz Duarte,31,CE,Juazeiro do Norte,Clínica Particular,Endocrinologia,Hipertensão,2024-09-16,Masculino,Urgência,Unimed
917,Dr. Josué da Mota,23,BA,Feira de Santana,Hospital,Cardiologia,Lombalgia,2026-05-26,Feminino,Consulta,Bradesco Saúde
918,Sr. Ravi Lucca Novaes,72,PR,Curitiba,Clínica Particular,Neurologia,Enxaqueca,2026-05-27,Feminino,Urgência,Particular
919,Hadassa Leão,20,SC,Blumenau,UBS,Clínica Geral,Ansiedade,2025-07-10,Feminino,Exame,Particular
920,Anthony Gabriel da Luz,72,RJ,Rio de Janeiro,Hospital,Endocrinologia,Diabetes,2024-10-09,Masculino,Consulta,SUS
921,Dra. Cecília Barbosa,94,BA,Feira de Santana,Pronto-Socorro,Neurologia,Colesterol elevado,2025-06-30,Feminino,Consulta,SUS
922,Ana Beatriz Fogaça,18,BA,Vitória da Conquista,UBS,Ortopedia,Alergia,2024-06-23,Feminino,Consulta,SUS
923,Enzo Gabriel Barbosa,37,CE,Juazeiro do Norte,UPA,Cardiologia,Enxaqueca,2025-03-13,Feminino,Exame,Unimed
924,Maria Flor Moraes,68,PR,Londrina,Laboratório,Ortopedia,Infecção respiratória,2024-09-23,Feminino,Exame,Amil
925,Lorenzo da Conceição,4,CE,Juazeiro do Norte,Unidade de Saúde da Família,Pediatria,Colesterol elevado,2024-05-30,Masculino,Consulta,Particular
926,Luigi Costa,52,BA,Vitória da Conquista,UPA,Oftalmologia,Hipertensão,2023-09-24,Feminino,Consulta,SulAmérica
927,Juan Sá,81,MG,Belo Horizonte,Pronto-Socorro,Oftalmologia,Gastrite,2025-04-16,Feminino,Urgência,Unimed
928,Benjamim Martins,68,SP,Santos,UPA,Oftalmologia,Alergia,2024-07-30,Masculino,Exame,SulAmérica
929,Ana Vitória Costa,26,BA,Ilhéus,Pronto-Socorro,Cardiologia,Hipertensão,2024-04-26,Feminino,Exame,SulAmérica
930,Sra. Raquel Fonseca,28,MG,Juiz de Fora,UBS,Endocrinologia,Artrite,2025-04-21,Feminino,Urgência,SulAmérica
931,Melissa Leão,4,MG,Belo Horizonte,Pronto-Socorro,Ortopedia,Dermatite,2026-02-04,Feminino,Exame,Bradesco Saúde
932,Ester Farias,48,RJ,Rio de Janeiro,Pronto-Socorro,Endocrinologia,Lombalgia,2024-06-07,Masculino,Consulta,SulAmérica
933,Paulo Borges,39,RJ,Volta Redonda,Hospital,Neurologia,Lombalgia,2025-10-29,Masculino,Retorno,Unimed
934,Cecília Vargas,86,RS,Pelotas,UPA,Oftalmologia,Artrite,2026-05-30,Masculino,Consulta,Unimed
935,Marina Melo,47,SC,Joinville,Unidade de Saúde da Família,Cardiologia,Infecção respiratória,2026-05-06,Feminino,Exame,Particular
936,Theodoro Pinto,55,RJ,Rio de Janeiro,UPA,Neurologia,Dor abdominal,2026-07-24,Feminino,Consulta,Unimed
937,Ana Beatriz Rocha,76,SC,Chapecó,Laboratório,Dermatologia,Consulta de rotina,2026-01-27,Feminino,Exame,Amil
938,Mariana Moraes,21,CE,Sobral,UPA,Endocrinologia,Infecção respiratória,2025-09-01,Feminino,Exame,SUS
939,Isabelly Farias,89,SC,Florianópolis,Clínica Particular,Neurologia,Alergia,2026-06-28,Masculino,Retorno,Bradesco Saúde
940,Ísis da Rocha,78,BA,Salvador,Laboratório,Cardiologia,Diabetes,2025-11-09,Feminino,Urgência,Particular
941,Fernanda Machado,16,SC,Joinville,Centro Médico,Dermatologia,Lombalgia,2024-10-05,Feminino,Urgência,Amil
942,Daniel da Paz,19,SP,Campinas,Laboratório,Clínica Geral,Ansiedade,2025-09-09,Feminino,Urgência,SUS
943,Júlia Moura,1,MG,Contagem,UBS,Endocrinologia,Lombalgia,2024-06-21,Masculino,Consulta,Amil
944,Otávio Viana,73,CE,Juazeiro do Norte,Unidade de Saúde da Família,Ginecologia,Colesterol elevado,2025-01-30,Feminino,Exame,SulAmérica
945,Dra. Isabel Costela,18,GO,Aparecida de Goiânia,Unidade de Saúde da Família,Neurologia,Infecção urinária,2024-06-25,Feminino,Retorno,SulAmérica
946,Alice das Neves,80,BA,Salvador,Laboratório,Oftalmologia,Dor abdominal,2025-11-18,Feminino,Urgência,Bradesco Saúde
947,Milena Câmara,95,SP,Ribeirão Preto,Pronto-Socorro,Cardiologia,Dermatite,2025-05-02,Masculino,Consulta,Bradesco Saúde
948,Raquel Aragão,83,RS,Porto Alegre,UBS,Ortopedia,Consulta de rotina,2026-07-14,Masculino,Retorno,Amil
949,Benício Almeida,16,SC,Florianópolis,UPA,Clínica Geral,Enxaqueca,2025-04-12,Masculino,Retorno,SulAmérica
950,Oliver Siqueira,11,GO,Rio Verde,Centro Médico,Oftalmologia,Consulta de rotina,2026-01-27,Masculino,Exame,Particular
951,Sr. Bento Vasconcelos,24,BA,Ilhéus,Laboratório,Clínica Geral,Dermatite,2023-12-15,Feminino,Exame,Unimed
952,Jade Marques,13,RJ,Rio de Janeiro,UPA,Dermatologia,Infecção respiratória,2024-03-24,Masculino,Urgência,Particular
953,Evelyn Silveira,53,MG,Juiz de Fora,UPA,Clínica Geral,Consulta de rotina,2025-07-29,Feminino,Retorno,Particular
954,Brayan Casa Grande,50,SP,Santos,UBS,Ginecologia,Infecção respiratória,2023-10-04,Feminino,Urgência,Unimed
955,Benjamin Guerra,7,PE,Recife,Clínica Particular,Ortopedia,Colesterol elevado,2025-12-11,Masculino,Exame,Bradesco Saúde
956,Lara Rios,15,SC,Chapecó,Pronto-Socorro,Clínica Geral,Lombalgia,2024-07-08,Feminino,Exame,Particular
957,Sra. Ana Souza,53,CE,Fortaleza,Clínica Particular,Clínica Geral,Enxaqueca,2024-07-25,Masculino,Retorno,Bradesco Saúde
958,Sra. Fernanda Monteiro,73,MG,Juiz de Fora,Laboratório,Neurologia,Diabetes,2026-04-03,Masculino,Retorno,Unimed
959,Dra. Maria Laura Casa Grande,32,SC,Joinville,Laboratório,Endocrinologia,Alergia,2024-10-31,Masculino,Consulta,Amil
960,Théo Ferreira,84,GO,Anápolis,UPA,Clínica Geral,Hipertensão,2024-03-23,Feminino,Urgência,Bradesco Saúde
961,Leonardo Cardoso,45,RS,Santa Maria,Clínica Particular,Psiquiatria,Dermatite,2024-08-26,Feminino,Consulta,SUS
962,Henrique Marques,39,SC,Florianópolis,UBS,Oftalmologia,Asma,2025-02-25,Masculino,Retorno,SulAmérica
963,Nicole Costela,56,SC,Blumenau,Clínica Particular,Psiquiatria,Artrite,2024-06-11,Feminino,Urgência,SulAmérica
964,Theo Mendes,35,RS,Santa Maria,Clínica Particular,Ginecologia,Lombalgia,2024-09-29,Masculino,Exame,Bradesco Saúde
965,Bárbara Rezende,89,BA,Salvador,UPA,Clínica Geral,Consulta de rotina,2024-03-21,Feminino,Consulta,Particular
966,Dr. Juan Melo,72,MG,Contagem,Unidade de Saúde da Família,Oftalmologia,Artrite,2024-08-05,Masculino,Consulta,Bradesco Saúde
967,Bianca Brito,87,SP,Ribeirão Preto,UBS,Ginecologia,Dermatite,2023-09-21,Feminino,Urgência,Amil
968,Arthur Fogaça,16,MG,Belo Horizonte,Unidade de Saúde da Família,Ginecologia,Ansiedade,2026-04-27,Masculino,Exame,Particular
969,Asafe Albuquerque,36,PR,Curitiba,Centro Médico,Ortopedia,Diabetes,2023-09-30,Feminino,Retorno,SUS
970,Sr. Benício Pastor,5,CE,Juazeiro do Norte,Pronto-Socorro,Neurologia,Ansiedade,2024-12-09,Masculino,Consulta,SUS
971,Carlos Eduardo Nogueira,36,PE,Recife,Unidade de Saúde da Família,Pediatria,Artrite,2024-11-01,Masculino,Retorno,Particular
972,Sr. Théo Costela,9,GO,Aparecida de Goiânia,UPA,Dermatologia,Ansiedade,2024-07-08,Masculino,Urgência,SUS
973,Daniela Sousa,79,SP,São José dos Campos,Pronto-Socorro,Endocrinologia,Ansiedade,2025-07-09,Feminino,Consulta,Amil
974,Vitor Marques,56,SP,Santos,Laboratório,Dermatologia,Diabetes,2026-01-27,Feminino,Exame,Unimed
975,Lavínia da Costa,93,SC,Florianópolis,Clínica Particular,Clínica Geral,Enxaqueca,2023-09-16,Feminino,Exame,Unimed
976,Sarah Farias,25,SP,Ribeirão Preto,Centro Médico,Cardiologia,Ansiedade,2024-06-19,Masculino,Retorno,SulAmérica
977,Hadassa Vasconcelos,32,PE,Recife,Clínica Particular,Pediatria,Lombalgia,2024-07-31,Feminino,Consulta,SulAmérica
978,Maria Luiza da Paz,62,RJ,Rio de Janeiro,Laboratório,Clínica Geral,Consulta de rotina,2024-09-21,Feminino,Urgência,SUS
979,Clarice Vieira,31,RJ,Volta Redonda,Centro Médico,Clínica Geral,Dermatite,2025-01-26,Feminino,Retorno,Particular
980,Sophia Costela,13,GO,Rio Verde,Unidade de Saúde da Família,Psiquiatria,Diabetes,2025-07-30,Masculino,Consulta,Particular
981,Maria Vitória da Mata,89,PE,Caruaru,UBS,Pediatria,Hipertensão,2025-05-08,Feminino,Consulta,Unimed
982,Maria Julia Duarte,9,GO,Rio Verde,UBS,Clínica Geral,Artrite,2025-10-06,Masculino,Urgência,Amil
983,Vinícius Albuquerque,80,PE,Recife,Laboratório,Ortopedia,Dermatite,2026-02-21,Masculino,Exame,Amil
984,Maitê Casa Grande,80,CE,Sobral,UBS,Ginecologia,Infecção urinária,2024-04-06,Masculino,Exame,Bradesco Saúde
985,Dra. Ester Melo,14,BA,Feira de Santana,UBS,Clínica Geral,Consulta de rotina,2024-11-24,Masculino,Retorno,Bradesco Saúde
986,Sra. Beatriz Duarte,46,MG,Juiz de Fora,Laboratório,Neurologia,Asma,2026-07-20,Feminino,Retorno,SUS
987,Davi Miguel Macedo,8,MG,Belo Horizonte,UPA,Dermatologia,Consulta de rotina,2024-04-04,Feminino,Urgência,Unimed
988,Júlia Caldeira,19,GO,Aparecida de Goiânia,Unidade de Saúde da Família,Dermatologia,Consulta de rotina,2025-01-03,Feminino,Urgência,Unimed
989,Lorena Nascimento,76,SP,São José dos Campos,UPA,Clínica Geral,Dor abdominal,2026-01-14,Masculino,Exame,Unimed
990,Vitor Gabriel Borges,82,PR,Londrina,Clínica Particular,Cardiologia,Lombalgia,2025-08-02,Masculino,Exame,SulAmérica
991,Ana Clara da Conceição,75,CE,Juazeiro do Norte,Centro Médico,Psiquiatria,Enxaqueca,2024-11-25,Feminino,Urgência,SUS
992,Benjamin da Mata,6,RJ,Volta Redonda,Unidade de Saúde da Família,Ortopedia,Ansiedade,2025-08-04,Masculino,Retorno,SulAmérica
993,Aylla Gomes,80,PR,Cascavel,Clínica Particular,Ortopedia,Alergia,2024-09-01,Feminino,Exame,SUS
994,Diego Melo,1,PE,Olinda,Centro Médico,Clínica Geral,Diabetes,2026-07-09,Feminino,Consulta,Bradesco Saúde
995,Isabelly Campos,38,RJ,Niterói,Unidade de Saúde da Família,Ortopedia,Infecção urinária,2023-10-24,Feminino,Consulta,Particular
996,Sophie Freitas,37,PR,Londrina,UPA,Ortopedia,Ansiedade,2023-09-15,Feminino,Retorno,Unimed
997,Brenda Ferreira,23,SC,Joinville,Clínica Particular,Clínica Geral,Infecção respiratória,2024-11-24,Feminino,Consulta,Particular
998,João Pedro das Neves,84,MG,Contagem,UBS,Ginecologia,Ansiedade,2026-04-05,Masculino,Urgência,Amil
999,Cecília Novais,48,PR,Maringá,UPA,Endocrinologia,Colesterol elevado,2026-01-10,Feminino,Consulta,Particular
1000,Maria Luísa Alves,25,MG,Uberlândia,Clínica Particular,Endocrinologia,Gastrite,2025-08-10,Feminino,Urgência,Bradesco Saúde
1001,Alícia Cirino,6,PE,Olinda,Clínica Particular,Endocrinologia,Enxaqueca,2026-07-30,Masculino,Urgência,SUS
1002,Bernardo Brito,17,SP,Santos,Unidade de Saúde da Família,Ortopedia,Asma,2025-06-23,Masculino,Exame,SulAmérica
1003,Sophia das Neves,22,GO,Goiânia,Laboratório,Endocrinologia,Lombalgia,2024-06-21,Feminino,Exame,SUS
1004,Rodrigo Pinto,68,BA,Vitória da Conquista,Unidade de Saúde da Família,Neurologia,Alergia,2026-05-14,Feminino,Exame,SulAmérica
1005,Srta. Gabrielly Dias,27,GO,Goiânia,Clínica Particular,Ortopedia,Alergia,2026-01-01,Masculino,Exame,SUS
1006,Asafe Abreu,49,RS,Santa Maria,UPA,Ginecologia,Enxaqueca,2023-09-30,Masculino,Retorno,Particular
1007,Cecilia da Paz,67,RS,Santa Maria,Centro Médico,Ortopedia,Consulta de rotina,2023-10-22,Masculino,Exame,Bradesco Saúde
1008,Dra. Lavínia Nascimento,55,GO,Anápolis,Unidade de Saúde da Família,Neurologia,Gastrite,2024-04-27,Feminino,Urgência,Amil
1009,Enzo da Paz,49,BA,Vitória da Conquista,Hospital,Pediatria,Alergia,2023-11-23,Masculino,Urgência,SulAmérica
1010,Davi Miguel Pereira,11,RJ,Petrópolis,Pronto-Socorro,Endocrinologia,Artrite,2024-12-13,Masculino,Urgência,SUS
1011,Sra. Anna Liz Aragão,10,RJ,Rio de Janeiro,Centro Médico,Clínica Geral,Artrite,2025-08-28,Masculino,Urgência,SUS
1012,Anthony Gabriel Cavalcanti,39,BA,Vitória da Conquista,Pronto-Socorro,Ortopedia,Asma,2024-12-23,Masculino,Urgência,Particular
1013,André da Mata,45,RS,Pelotas,Laboratório,Oftalmologia,Dermatite,2023-12-08,Masculino,Exame,SulAmérica
1014,Pedro Miguel Macedo,51,SC,Joinville,Clínica Particular,Ortopedia,Asma,2024-08-13,Masculino,Exame,SUS
1015,Felipe Dias,93,SC,Chapecó,Unidade de Saúde da Família,Ginecologia,Colesterol elevado,2024-08-19,Masculino,Urgência,SUS
1016,João Felipe Lima,27,PE,Petrolina,Unidade de Saúde da Família,Neurologia,Dermatite,2024-03-27,Masculino,Urgência,SUS
1017,Davi Luiz Pacheco,40,GO,Aparecida de Goiânia,Hospital,Neurologia,Colesterol elevado,2025-03-12,Feminino,Urgência,SUS
1018,Ana Beatriz Lima,88,PE,Petrolina,Laboratório,Endocrinologia,Enxaqueca,2024-08-07,Feminino,Consulta,Bradesco Saúde
1019,José Pedro Novaes,20,SP,Campinas,Centro Médico,Psiquiatria,Infecção urinária,2025-11-17,Feminino,Exame,SUS
1020,Melissa Ramos,69,PE,Recife,Laboratório,Ortopedia,Alergia,2023-11-27,Masculino,Urgência,Bradesco Saúde
1021,Heloisa Nunes,12,CE,Juazeiro do Norte,UPA,Cardiologia,Infecção urinária,2026-02-15,Masculino,Consulta,SulAmérica
1022,Luna Nascimento,4,GO,Rio Verde,UPA,Ortopedia,Diabetes,2026-08-11,Feminino,Urgência,SUS
1023,Maitê Vasconcelos,85,PR,Maringá,UBS,Neurologia,Hipertensão,2024-03-08,Feminino,Consulta,SUS
1024,Alexandre da Mota,51,BA,Ilhéus,UPA,Cardiologia,Infecção respiratória,2024-07-25,Feminino,Exame,SulAmérica
1025,Alícia da Conceição,27,RJ,Volta Redonda,UPA,Ortopedia,Enxaqueca,2026-08-12,Feminino,Exame,SUS
1026,Dr. Rafael Souza,76,GO,Anápolis,Clínica Particular,Endocrinologia,Asma,2025-12-08,Feminino,Urgência,SUS
1027,Calebe Monteiro,58,SP,Campinas,UBS,Oftalmologia,Consulta de rotina,2024-10-28,Masculino,Urgência,Bradesco Saúde
1028,Srta. Maria Flor Sousa,60,CE,Sobral,Hospital,Cardiologia,Enxaqueca,2023-12-17,Feminino,Urgência,SulAmérica
1029,Luiz Felipe Carvalho,79,RS,Santa Maria,UPA,Oftalmologia,Dor abdominal,2023-12-29,Masculino,Exame,Amil
1030,Valentina Campos,90,PE,Olinda,UBS,Oftalmologia,Asma,2024-08-05,Masculino,Retorno,SUS
1031,Sr. Henry Rodrigues,86,RS,Pelotas,UBS,Ortopedia,Ansiedade,2025-05-19,Feminino,Exame,Bradesco Saúde
1032,Maria Fernanda Vasconcelos,10,RJ,Petrópolis,UBS,Endocrinologia,Colesterol elevado,2025-12-27,Feminino,Exame,Amil
1033,Maria Fernanda Gonçalves,27,MG,Juiz de Fora,Hospital,Neurologia,Hipertensão,2025-09-30,Masculino,Exame,Amil
1034,Pedro Novaes,25,BA,Ilhéus,Laboratório,Clínica Geral,Hipertensão,2023-08-19,Feminino,Consulta,SulAmérica
1035,Clara Marques,86,MG,Juiz de Fora,Unidade de Saúde da Família,Neurologia,Alergia,2026-02-20,Masculino,Consulta,Bradesco Saúde
1036,Ana Lívia Lopes,18,PR,Cascavel,Unidade de Saúde da Família,Dermatologia,Dermatite,2026-05-11,Masculino,Retorno,Particular
1037,Srta. Ísis da Luz,23,GO,Goiânia,Pronto-Socorro,Cardiologia,Artrite,2024-08-25,Feminino,Retorno,Particular
1038,Natália Porto,20,SP,Santos,Unidade de Saúde da Família,Ginecologia,Infecção respiratória,2024-08-24,Masculino,Consulta,SulAmérica
1039,Srta. Emanuelly Pires,57,SC,Joinville,Hospital,Endocrinologia,Infecção urinária,2026-02-27,Masculino,Exame,SulAmérica
1040,Antonella Nunes,7,RS,Santa Maria,Hospital,Clínica Geral,Colesterol elevado,2025-10-09,Feminino,Retorno,SUS
1041,Esther Rodrigues,26,BA,Feira de Santana,UBS,Clínica Geral,Gastrite,2024-03-13,Masculino,Consulta,Unimed
1042,Dr. João Caldeira,29,PR,Curitiba,UBS,Pediatria,Asma,2024-07-20,Masculino,Consulta,Amil
1043,Joana Pimenta,42,SC,Florianópolis,Centro Médico,Endocrinologia,Infecção urinária,2024-02-27,Masculino,Retorno,Bradesco Saúde
1044,Vitor Lopes,16,PE,Petrolina,Clínica Particular,Ortopedia,Diabetes,2025-12-21,Feminino,Urgência,SUS
1045,Ryan Almeida,84,SP,Ribeirão Preto,Centro Médico,Clínica Geral,Gastrite,2024-04-01,Masculino,Exame,SUS
1046,Dra. Luísa Campos,84,RJ,Petrópolis,Centro Médico,Clínica Geral,Diabetes,2025-04-01,Masculino,Exame,Unimed
1047,Joaquim Sampaio,14,GO,Rio Verde,UPA,Dermatologia,Diabetes,2025-05-05,Feminino,Exame,SulAmérica
1048,Valentim Jesus,23,MG,Juiz de Fora,Centro Médico,Neurologia,Diabetes,2025-05-04,Feminino,Consulta,Bradesco Saúde
1049,Sr. Miguel Sales,49,GO,Rio Verde,Clínica Particular,Endocrinologia,Consulta de rotina,2025-08-18,Masculino,Retorno,Particular
1050,Sophia Gonçalves,40,GO,Goiânia,Clínica Particular,Oftalmologia,Colesterol elevado,2024-05-01,Masculino,Consulta,Particular
1051,Marcelo Vieira,64,MG,Juiz de Fora,Pronto-Socorro,Ortopedia,Infecção respiratória,2024-06-02,Feminino,Retorno,SulAmérica
1052,Ana Vitória Alves,93,SP,Campinas,Unidade de Saúde da Família,Ginecologia,Infecção respiratória,2025-01-03,Feminino,Urgência,SulAmérica
1053,Fernanda Guerra,54,SP,São José dos Campos,Pronto-Socorro,Clínica Geral,Dor abdominal,2025-10-03,Feminino,Urgência,SUS
1054,Gustavo Henrique Carvalho,86,PR,Curitiba,Clínica Particular,Ortopedia,Consulta de rotina,2024-10-06,Feminino,Urgência,SUS
1055,Olivia Costa,9,CE,Fortaleza,Unidade de Saúde da Família,Cardiologia,Dor abdominal,2025-01-23,Masculino,Retorno,SUS
1056,José Pedro Câmara,23,MG,Belo Horizonte,Clínica Particular,Ortopedia,Artrite,2026-02-22,Masculino,Exame,SulAmérica
1057,Heloisa Borges,22,CE,Juazeiro do Norte,Clínica Particular,Ortopedia,Gastrite,2026-07-07,Masculino,Retorno,Unimed
1058,Theo Mendonça,82,RS,Santa Maria,Clínica Particular,Dermatologia,Dermatite,2025-08-24,Feminino,Consulta,Unimed
1059,Eloá Cavalcanti,22,PE,Petrolina,Unidade de Saúde da Família,Neurologia,Gastrite,2025-10-31,Feminino,Retorno,Amil
1060,Ana Cecília Ramos,55,SP,Ribeirão Preto,UBS,Dermatologia,Consulta de rotina,2025-11-21,Masculino,Retorno,Unimed
1061,Ana Lívia Andrade,40,PE,Petrolina,Unidade de Saúde da Família,Dermatologia,Gastrite,2023-12-30,Feminino,Consulta,Unimed
1062,Maria Fernanda Dias,26,MG,Contagem,UPA,Ortopedia,Hipertensão,2025-09-13,Masculino,Urgência,Amil
1063,Mateus Vargas,51,PE,Petrolina,Centro Médico,Oftalmologia,Alergia,2025-12-29,Feminino,Consulta,Amil
1064,Sarah Martins,50,SP,São Paulo,UPA,Ortopedia,Colesterol elevado,2023-11-02,Feminino,Urgência,SulAmérica
1065,Ana Luiza Leão,82,BA,Ilhéus,Centro Médico,Clínica Geral,Infecção urinária,2026-07-05,Feminino,Exame,SulAmérica
1066,Luiza Lopes,62,PR,Londrina,Hospital,Ginecologia,Infecção urinária,2023-10-11,Masculino,Retorno,Unimed
1067,Thomas Porto,88,GO,Rio Verde,UPA,Dermatologia,Dor abdominal,2024-12-22,Masculino,Consulta,Particular
1068,Levi Barbosa,51,RJ,Volta Redonda,UBS,Endocrinologia,Ansiedade,2026-01-08,Masculino,Exame,SUS
1069,Luiz Gustavo Montenegro,89,PE,Caruaru,Pronto-Socorro,Endocrinologia,Artrite,2023-08-22,Feminino,Urgência,SulAmérica
1070,Kamilly Aparecida,14,PE,Recife,Centro Médico,Pediatria,Enxaqueca,2025-05-26,Masculino,Exame,SulAmérica
1071,Sra. Olivia Sá,22,RS,Porto Alegre,Unidade de Saúde da Família,Clínica Geral,Diabetes,2025-04-19,Masculino,Exame,Bradesco Saúde
1072,Sra. Maysa Azevedo,94,PE,Caruaru,Laboratório,Pediatria,Infecção respiratória,2023-11-27,Feminino,Retorno,SulAmérica
1073,Antonella Vargas,63,MG,Uberlândia,UPA,Endocrinologia,Diabetes,2024-02-23,Feminino,Retorno,SUS
1074,Mirella Machado,24,PR,Curitiba,Clínica Particular,Dermatologia,Ansiedade,2024-03-14,Feminino,Exame,SulAmérica
1075,Yasmin Albuquerque,82,GO,Goiânia,UPA,Cardiologia,Enxaqueca,2026-02-27,Masculino,Exame,Particular
1076,Yasmin Cavalcanti,44,RS,Porto Alegre,Hospital,Psiquiatria,Dor abdominal,2024-02-21,Feminino,Exame,SulAmérica
1077,Bella Pacheco,8,RJ,Rio de Janeiro,Pronto-Socorro,Clínica Geral,Infecção urinária,2025-08-16,Masculino,Consulta,SUS
1078,Carolina Viana,49,SC,Florianópolis,Pronto-Socorro,Neurologia,Alergia,2025-04-06,Feminino,Exame,Unimed
1079,Pietro Fonseca,41,BA,Vitória da Conquista,Clínica Particular,Ginecologia,Infecção urinária,2024-09-01,Feminino,Exame,Bradesco Saúde
1080,Sabrina Freitas,43,SP,Santos,UBS,Clínica Geral,Alergia,2026-02-15,Feminino,Retorno,Particular
1081,Paulo Freitas,68,GO,Goiânia,Pronto-Socorro,Ortopedia,Lombalgia,2026-01-16,Feminino,Exame,Bradesco Saúde
1082,Breno Barbosa,1,PE,Olinda,Centro Médico,Clínica Geral,Infecção urinária,2026-05-01,Feminino,Consulta,SulAmérica
1083,Cauê das Neves,30,BA,Ilhéus,Unidade de Saúde da Família,Oftalmologia,Asma,2024-09-23,Masculino,Urgência,Amil
1084,Pietro Camargo,94,CE,Fortaleza,Laboratório,Dermatologia,Consulta de rotina,2025-03-25,Masculino,Retorno,Bradesco Saúde
1085,Arthur Gabriel Souza,17,GO,Goiânia,Unidade de Saúde da Família,Cardiologia,Enxaqueca,2025-02-18,Feminino,Retorno,Amil
1086,Alícia Aragão,85,RJ,Volta Redonda,Clínica Particular,Ortopedia,Dor abdominal,2025-10-13,Masculino,Consulta,Particular
1087,Kamilly Garcia,21,PE,Recife,Centro Médico,Oftalmologia,Colesterol elevado,2026-02-12,Feminino,Retorno,SulAmérica
1088,Lunna Marques,86,RS,Santa Maria,UBS,Pediatria,Ansiedade,2025-06-28,Feminino,Consulta,SulAmérica
1089,Dr. Juan Siqueira,74,BA,Feira de Santana,UBS,Ginecologia,Gastrite,2023-10-26,Feminino,Exame,SUS
1090,Renan Ferreira,15,PR,Maringá,Pronto-Socorro,Cardiologia,Diabetes,2025-02-08,Masculino,Urgência,SulAmérica
1091,Dra. Nicole Cassiano,15,GO,Aparecida de Goiânia,Centro Médico,Pediatria,Dermatite,2025-09-20,Feminino,Exame,Bradesco Saúde
1092,Dr. Matheus Monteiro,8,SP,Santos,Clínica Particular,Oftalmologia,Gastrite,2023-11-20,Feminino,Urgência,SulAmérica
1093,Eloá da Cruz,14,MG,Uberlândia,Laboratório,Clínica Geral,Artrite,2025-04-03,Feminino,Urgência,SUS
1094,Rebeca Souza,64,RS,Caxias do Sul,Unidade de Saúde da Família,Pediatria,Consulta de rotina,2025-03-20,Feminino,Retorno,SulAmérica
1095,Sabrina Rios,41,SP,São José dos Campos,Pronto-Socorro,Endocrinologia,Asma,2023-12-20,Masculino,Urgência,SulAmérica
1096,Luna Camargo,81,GO,Rio Verde,Clínica Particular,Neurologia,Enxaqueca,2024-03-24,Feminino,Consulta,Unimed
1097,Melissa Lopes,94,MG,Uberlândia,Clínica Particular,Clínica Geral,Ansiedade,2025-07-16,Masculino,Exame,SulAmérica
1098,Eloah Mendes,85,PE,Caruaru,UPA,Clínica Geral,Artrite,2025-05-27,Feminino,Urgência,Amil
1099,Leonardo Sampaio,51,CE,Juazeiro do Norte,Laboratório,Cardiologia,Artrite,2023-11-02,Feminino,Urgência,SulAmérica
1100,Ana Clara Moura,13,PR,Cascavel,UPA,Ginecologia,Colesterol elevado,2025-12-30,Masculino,Urgência,Amil
1101,Gael Henrique Farias,57,MG,Uberlândia,Unidade de Saúde da Família,Dermatologia,Ansiedade,2024-07-12,Masculino,Retorno,SUS
1102,Mariah Albuquerque,47,PR,Curitiba,UBS,Pediatria,Gastrite,2026-07-29,Feminino,Retorno,Particular
1103,João Lucas Freitas,61,RJ,Petrópolis,UPA,Clínica Geral,Diabetes,2025-07-07,Feminino,Exame,SUS
1104,Juliana Cunha,5,PE,Olinda,UBS,Ortopedia,Gastrite,2025-03-17,Feminino,Urgência,SulAmérica
1105,Luiz Miguel Viana,84,GO,Aparecida de Goiânia,Laboratório,Cardiologia,Colesterol elevado,2025-01-25,Feminino,Exame,Unimed
1106,Yuri Moraes,2,CE,Juazeiro do Norte,UBS,Cardiologia,Diabetes,2024-05-04,Masculino,Exame,SulAmérica
1107,Murilo Barros,3,SC,Joinville,Unidade de Saúde da Família,Dermatologia,Asma,2023-10-18,Masculino,Retorno,Amil
1108,Sra. Joana Ribeiro,39,CE,Sobral,UPA,Cardiologia,Lombalgia,2025-09-09,Masculino,Retorno,Amil
1109,Davi Duarte,72,SP,Ribeirão Preto,Unidade de Saúde da Família,Cardiologia,Artrite,2024-01-28,Masculino,Retorno,SulAmérica
1110,Yasmin Fogaça,77,RJ,Niterói,UPA,Clínica Geral,Artrite,2024-10-30,Feminino,Urgência,Particular
1111,Dr. Lucas Gabriel da Rocha,74,SP,Campinas,Clínica Particular,Pediatria,Diabetes,2026-05-20,Feminino,Consulta,Particular
1112,Benicio Almeida,47,RJ,Petrópolis,UPA,Oftalmologia,Infecção urinária,2023-12-14,Masculino,Retorno,Unimed
1113,Júlia da Rosa,38,SP,São José dos Campos,Unidade de Saúde da Família,Pediatria,Consulta de rotina,2024-07-24,Feminino,Urgência,Bradesco Saúde
1114,Luiz Felipe Moura,89,BA,Feira de Santana,UBS,Clínica Geral,Dor abdominal,2026-03-16,Masculino,Retorno,SUS
1115,Sara Oliveira,18,RS,Caxias do Sul,Clínica Particular,Psiquiatria,Lombalgia,2023-12-31,Feminino,Retorno,SulAmérica
1116,Cecilia Vargas,10,GO,Rio Verde,Pronto-Socorro,Dermatologia,Gastrite,2024-07-14,Masculino,Exame,Amil
1117,Luana Marques,87,RJ,Petrópolis,Laboratório,Pediatria,Artrite,2025-10-29,Masculino,Consulta,SulAmérica
1118,Srta. Melissa da Paz,92,RS,Caxias do Sul,Centro Médico,Psiquiatria,Infecção urinária,2026-07-17,Masculino,Exame,SUS
1119,Heloísa Cavalcante,49,BA,Ilhéus,Hospital,Psiquiatria,Dor abdominal,2026-05-13,Masculino,Urgência,Particular
1120,Igor Campos,88,SC,Florianópolis,Laboratório,Cardiologia,Lombalgia,2023-12-18,Masculino,Urgência,Unimed
1121,Oliver das Neves,29,RS,Caxias do Sul,Pronto-Socorro,Clínica Geral,Diabetes,2025-09-03,Feminino,Retorno,Amil
1122,Lucas Gabriel Dias,23,RJ,Rio de Janeiro,Pronto-Socorro,Psiquiatria,Dermatite,2024-07-26,Feminino,Consulta,Bradesco Saúde
1123,Bianca Porto,71,BA,Vitória da Conquista,Pronto-Socorro,Psiquiatria,Diabetes,2023-12-29,Masculino,Retorno,Unimed
1124,Gabriela Fogaça,45,PE,Olinda,Laboratório,Neurologia,Consulta de rotina,2024-02-01,Masculino,Urgência,Particular
1125,Giovanna da Mata,85,SC,Joinville,UPA,Pediatria,Gastrite,2024-05-04,Feminino,Consulta,SulAmérica
1126,André da Conceição,87,BA,Feira de Santana,Laboratório,Neurologia,Infecção respiratória,2025-10-14,Feminino,Urgência,Amil
1127,José Miguel da Mata,36,SC,Blumenau,Laboratório,Endocrinologia,Asma,2023-10-10,Masculino,Urgência,SulAmérica
1128,Agatha Costa,53,RJ,Petrópolis,Centro Médico,Cardiologia,Infecção urinária,2023-08-28,Masculino,Consulta,SulAmérica
1129,José Miguel da Luz,22,PR,Curitiba,Hospital,Cardiologia,Asma,2025-02-10,Feminino,Exame,Particular
1130,Vitória Guerra,62,PE,Olinda,Unidade de Saúde da Família,Endocrinologia,Infecção urinária,2026-04-12,Masculino,Exame,Particular
1131,Hellena da Mota,1,GO,Aparecida de Goiânia,Laboratório,Endocrinologia,Asma,2026-01-21,Feminino,Retorno,SulAmérica
1132,Maria Alice Rocha,78,SC,Florianópolis,Unidade de Saúde da Família,Pediatria,Infecção urinária,2024-11-24,Masculino,Retorno,Particular
1133,João Lucas Pinto,66,BA,Feira de Santana,Centro Médico,Clínica Geral,Gastrite,2025-06-07,Feminino,Exame,SUS
1134,Valentim Carvalho,44,BA,Salvador,Clínica Particular,Endocrinologia,Dermatite,2025-11-06,Masculino,Urgência,Unimed
1135,Natália Dias,34,CE,Juazeiro do Norte,Clínica Particular,Clínica Geral,Asma,2025-01-05,Feminino,Retorno,Unimed
1136,Jade da Paz,60,SC,Florianópolis,Unidade de Saúde da Família,Clínica Geral,Lombalgia,2025-03-12,Masculino,Exame,Unimed
1137,Luiz Otávio Aragão,14,RS,Pelotas,Hospital,Ginecologia,Ansiedade,2025-11-21,Masculino,Exame,Unimed
1138,Sophia Macedo,56,SP,São Paulo,Unidade de Saúde da Família,Ortopedia,Diabetes,2025-08-24,Masculino,Exame,Particular
1139,Maria Moraes,20,CE,Fortaleza,Pronto-Socorro,Ortopedia,Alergia,2025-11-27,Feminino,Urgência,Unimed
1140,Raul da Mata,24,BA,Ilhéus,Pronto-Socorro,Cardiologia,Alergia,2025-11-26,Feminino,Retorno,SUS
1141,Allana Cardoso,1,BA,Ilhéus,Centro Médico,Ortopedia,Diabetes,2025-09-02,Masculino,Urgência,Particular
1142,Valentina Farias,54,MG,Contagem,Centro Médico,Clínica Geral,Infecção respiratória,2024-11-10,Masculino,Exame,SulAmérica
1143,Lavínia Caldeira,54,RS,Porto Alegre,Unidade de Saúde da Família,Endocrinologia,Alergia,2024-12-20,Masculino,Urgência,Amil
1144,Ana Luiza Nogueira,17,SC,Chapecó,UBS,Cardiologia,Colesterol elevado,2025-12-18,Masculino,Retorno,SUS
1145,Bruno Campos,88,BA,Salvador,Clínica Particular,Clínica Geral,Infecção urinária,2025-03-01,Feminino,Exame,Bradesco Saúde
1146,Isadora Melo,62,SP,Ribeirão Preto,Pronto-Socorro,Dermatologia,Alergia,2025-10-28,Masculino,Exame,SUS
1147,Maria Clara Marques,94,GO,Aparecida de Goiânia,UPA,Ortopedia,Enxaqueca,2024-05-09,Masculino,Urgência,SulAmérica
1148,Gabriel Campos,26,PR,Cascavel,Unidade de Saúde da Família,Cardiologia,Asma,2025-07-31,Masculino,Retorno,Bradesco Saúde
1149,Kaique Fernandes,16,MG,Uberlândia,UPA,Oftalmologia,Hipertensão,2024-07-09,Feminino,Retorno,SUS
1150,Ana Sophia da Cunha,79,PE,Recife,Clínica Particular,Cardiologia,Dermatite,2026-02-02,Masculino,Exame,Amil
1151,Ayla Mendes,90,SC,Blumenau,Clínica Particular,Ortopedia,Lombalgia,2026-05-23,Feminino,Exame,Particular
1152,Eduardo Pastor,83,SC,Chapecó,Hospital,Dermatologia,Diabetes,2025-09-04,Feminino,Urgência,Unimed
1153,Maria Julia Santos,32,BA,Ilhéus,Centro Médico,Clínica Geral,Infecção respiratória,2025-09-10,Masculino,Consulta,Particular
1154,Sophie Brito,37,BA,Feira de Santana,Unidade de Saúde da Família,Dermatologia,Ansiedade,2026-07-12,Masculino,Exame,SUS
1155,Srta. Maria Helena da Mata,47,RS,Santa Maria,Centro Médico,Dermatologia,Diabetes,2025-01-17,Masculino,Consulta,SulAmérica
1156,Maria Fernanda Pacheco,43,SC,Joinville,Centro Médico,Ginecologia,Asma,2025-12-22,Feminino,Retorno,SulAmérica
1157,Srta. Olívia Pereira,75,RS,Caxias do Sul,Laboratório,Cardiologia,Ansiedade,2026-01-27,Masculino,Retorno,SulAmérica
1158,Beatriz Brito,6,GO,Goiânia,Clínica Particular,Ortopedia,Asma,2026-07-29,Feminino,Consulta,Particular
1159,Liz da Paz,39,SC,Blumenau,Unidade de Saúde da Família,Ortopedia,Artrite,2024-10-23,Masculino,Consulta,SUS
1160,Julia Martins,71,PR,Cascavel,Pronto-Socorro,Endocrinologia,Lombalgia,2025-01-30,Feminino,Exame,SulAmérica
1161,Sra. Valentina Costela,9,RJ,Volta Redonda,Unidade de Saúde da Família,Oftalmologia,Artrite,2025-10-07,Masculino,Retorno,Bradesco Saúde
1162,Sra. Mirella Barros,38,RS,Caxias do Sul,Hospital,Psiquiatria,Hipertensão,2024-04-13,Masculino,Exame,Amil
1163,Gustavo Fonseca,22,SC,Florianópolis,Unidade de Saúde da Família,Endocrinologia,Gastrite,2023-11-20,Feminino,Exame,Bradesco Saúde
1164,Maria Clara Rios,24,RS,Caxias do Sul,Hospital,Pediatria,Consulta de rotina,2025-08-23,Masculino,Consulta,Bradesco Saúde
1165,Kamilly Ribeiro,39,CE,Juazeiro do Norte,Clínica Particular,Dermatologia,Asma,2024-04-07,Feminino,Consulta,SUS
1166,Marcos Vinicius Camargo,69,PR,Curitiba,Clínica Particular,Dermatologia,Hipertensão,2025-11-28,Masculino,Urgência,SUS
1167,Dr. Anthony Freitas,83,RS,Porto Alegre,Clínica Particular,Ortopedia,Artrite,2023-09-15,Masculino,Consulta,SulAmérica
1168,Bento Ramos,42,BA,Vitória da Conquista,UBS,Endocrinologia,Enxaqueca,2024-09-07,Masculino,Exame,Bradesco Saúde
1169,Otto Carvalho,8,RS,Pelotas,Hospital,Ginecologia,Dor abdominal,2023-10-11,Feminino,Retorno,Unimed
1170,Joaquim Marques,85,SP,São José dos Campos,UBS,Oftalmologia,Infecção urinária,2023-09-24,Feminino,Retorno,Amil
1171,Caroline Vasconcelos,35,PR,Maringá,Clínica Particular,Psiquiatria,Infecção urinária,2026-02-04,Feminino,Retorno,Amil
1172,Alana da Luz,48,PR,Cascavel,UPA,Neurologia,Diabetes,2026-04-28,Feminino,Retorno,Amil
1173,Benjamim Moraes,25,MG,Uberlândia,Unidade de Saúde da Família,Pediatria,Infecção urinária,2025-03-16,Feminino,Consulta,Unimed
1174,Sr. Henrique Ramos,51,MG,Uberlândia,Clínica Particular,Cardiologia,Infecção respiratória,2026-07-02,Masculino,Exame,SUS
1175,Srta. Ana Beatriz Pires,13,CE,Sobral,UPA,Clínica Geral,Consulta de rotina,2026-03-11,Masculino,Exame,Amil
1176,Sr. Josué Nascimento,2,SP,São Paulo,Hospital,Pediatria,Dor abdominal,2025-04-12,Masculino,Urgência,SUS
1177,Srta. Carolina Mendonça,2,GO,Goiânia,UBS,Endocrinologia,Asma,2024-03-31,Feminino,Consulta,SUS
1178,Stella da Mata,73,MG,Contagem,Unidade de Saúde da Família,Pediatria,Enxaqueca,2025-10-23,Feminino,Exame,SUS
1179,Leonardo da Rosa,70,PR,Curitiba,Pronto-Socorro,Endocrinologia,Diabetes,2024-01-01,Masculino,Consulta,Particular
1180,Ana Beatriz Teixeira,14,SC,Blumenau,Laboratório,Pediatria,Hipertensão,2024-06-21,Masculino,Consulta,SUS
1181,André Costa,19,PE,Petrolina,Centro Médico,Dermatologia,Dor abdominal,2025-01-22,Feminino,Consulta,Amil
1182,Pedro Miguel Vargas,29,MG,Belo Horizonte,UBS,Dermatologia,Lombalgia,2024-06-10,Masculino,Urgência,Particular
1183,Alexia Vargas,6,BA,Salvador,UPA,Pediatria,Gastrite,2023-12-02,Feminino,Retorno,SulAmérica
1184,Luiz Gustavo Melo,86,PE,Olinda,Pronto-Socorro,Psiquiatria,Dermatite,2026-01-30,Feminino,Urgência,Particular
1185,Amanda Correia,85,RS,Santa Maria,Centro Médico,Dermatologia,Colesterol elevado,2024-04-01,Masculino,Consulta,SUS
1186,Pietra Carvalho,19,MG,Juiz de Fora,Laboratório,Neurologia,Asma,2024-07-29,Feminino,Consulta,Particular
1187,Clara Cassiano,94,GO,Rio Verde,Pronto-Socorro,Pediatria,Diabetes,2025-02-23,Feminino,Retorno,SUS
1188,Sra. Ana Laura Câmara,41,PE,Caruaru,Unidade de Saúde da Família,Oftalmologia,Alergia,2024-04-06,Feminino,Urgência,SUS
1189,Caroline Sampaio,54,PR,Cascavel,Unidade de Saúde da Família,Endocrinologia,Artrite,2026-07-12,Feminino,Retorno,Amil
1190,Luan Marques,68,RJ,Volta Redonda,Clínica Particular,Cardiologia,Dor abdominal,2024-06-07,Feminino,Consulta,SUS
1191,Fernanda Barros,72,SP,Santos,Unidade de Saúde da Família,Pediatria,Ansiedade,2024-02-10,Masculino,Consulta,Unimed
1192,Julia Freitas,38,BA,Feira de Santana,Unidade de Saúde da Família,Pediatria,Dermatite,2025-08-31,Feminino,Retorno,SUS
1193,Dr. Luiz Fernando Farias,18,PR,Curitiba,UBS,Pediatria,Gastrite,2025-02-08,Masculino,Exame,Unimed
1194,Lucca Silveira,85,SP,São Paulo,UBS,Neurologia,Dermatite,2024-03-31,Masculino,Consulta,SUS
1195,Zoe da Rocha,11,BA,Feira de Santana,Clínica Particular,Cardiologia,Hipertensão,2025-09-27,Feminino,Retorno,SUS
1196,Sr. Marcelo Costa,68,CE,Caucaia,Pronto-Socorro,Neurologia,Gastrite,2024-02-28,Feminino,Exame,SulAmérica
1197,Maria Júlia Montenegro,15,SP,Santos,UPA,Clínica Geral,Ansiedade,2024-12-01,Masculino,Retorno,Bradesco Saúde
1198,Dra. Maria Clara Almeida,51,MG,Belo Horizonte,Laboratório,Neurologia,Artrite,2026-02-26,Feminino,Urgência,SulAmérica
1199,Ryan Nascimento,21,PR,Cascavel,Pronto-Socorro,Cardiologia,Artrite,2025-10-11,Feminino,Retorno,SulAmérica
1200,Pedro Miguel Melo,80,PR,Cascavel,Hospital,Ortopedia,Gastrite,2024-02-14,Masculino,Consulta,SulAmérica
1201,Yago Andrade,41,CE,Sobral,Laboratório,Oftalmologia,Infecção respiratória,2025-04-21,Masculino,Urgência,SulAmérica
1202,Lucas Nascimento,35,PE,Olinda,UBS,Cardiologia,Diabetes,2026-02-24,Feminino,Urgência,Particular
1203,Bruna Gomes,21,PR,Maringá,UBS,Cardiologia,Dor abdominal,2024-06-13,Masculino,Urgência,SUS
1204,Gael Borges,82,SC,Joinville,Hospital,Ortopedia,Enxaqueca,2024-11-02,Masculino,Consulta,Bradesco Saúde
1205,Luiz Fernando Moreira,7,CE,Fortaleza,Centro Médico,Cardiologia,Enxaqueca,2024-10-04,Masculino,Urgência,Unimed
1206,Juliana Garcia,41,PE,Olinda,Laboratório,Ginecologia,Infecção respiratória,2024-01-18,Masculino,Urgência,Amil
1207,Dante Monteiro,65,SC,Florianópolis,UPA,Clínica Geral,Consulta de rotina,2024-10-13,Feminino,Exame,Bradesco Saúde
1208,Maria Luiza Campos,21,SP,Santos,UPA,Neurologia,Diabetes,2025-05-28,Masculino,Retorno,SUS
1209,Hadassa Fogaça,65,MG,Uberlândia,Centro Médico,Neurologia,Colesterol elevado,2026-03-19,Masculino,Urgência,Unimed
1210,Anna Liz Caldeira,6,BA,Ilhéus,Laboratório,Ortopedia,Dor abdominal,2026-02-22,Masculino,Retorno,Bradesco Saúde
1211,Davi Luiz da Cunha,2,CE,Fortaleza,UPA,Dermatologia,Artrite,2024-05-22,Masculino,Exame,Particular
1212,Samuel Silveira,22,CE,Juazeiro do Norte,Pronto-Socorro,Pediatria,Diabetes,2025-06-26,Feminino,Urgência,Unimed
1213,Mateus da Cunha,23,RJ,Rio de Janeiro,Unidade de Saúde da Família,Dermatologia,Alergia,2024-12-11,Feminino,Exame,SulAmérica
1214,Allana Rezende,73,MG,Belo Horizonte,Unidade de Saúde da Família,Clínica Geral,Lombalgia,2024-11-13,Feminino,Exame,Amil
1215,Maria Laura Moura,57,GO,Aparecida de Goiânia,Centro Médico,Endocrinologia,Dermatite,2024-12-04,Feminino,Urgência,Particular
1216,Beatriz Castro,34,PE,Petrolina,Hospital,Psiquiatria,Infecção urinária,2026-06-02,Masculino,Retorno,SulAmérica
1217,Ayla Jesus,20,SC,Florianópolis,UBS,Dermatologia,Gastrite,2024-06-18,Masculino,Exame,Particular
1218,Arthur Gabriel Guerra,60,PR,Cascavel,UBS,Ginecologia,Alergia,2025-04-20,Feminino,Exame,Particular
1219,Sr. Josué Novais,94,RJ,Niterói,UBS,Oftalmologia,Colesterol elevado,2025-08-31,Feminino,Retorno,Amil
1220,Jade Mendes,41,BA,Salvador,Centro Médico,Psiquiatria,Alergia,2026-03-03,Masculino,Exame,Particular
1221,Yan Dias,5,RS,Santa Maria,UPA,Neurologia,Infecção respiratória,2025-02-25,Masculino,Urgência,Bradesco Saúde
1222,Anthony da Paz,49,SP,São José dos Campos,Hospital,Ginecologia,Colesterol elevado,2023-08-24,Feminino,Exame,SUS
1223,Sr. Kaique Costa,3,SP,Campinas,Laboratório,Dermatologia,Enxaqueca,2025-01-12,Masculino,Consulta,SUS
1224,Cecília da Cruz,52,RJ,Petrópolis,UBS,Dermatologia,Dermatite,2025-08-07,Feminino,Exame,Bradesco Saúde
1225,Dr. Oliver Moreira,24,PR,Maringá,Hospital,Cardiologia,Ansiedade,2024-08-28,Feminino,Urgência,Unimed
1226,Dra. Júlia Cavalcanti,45,MG,Uberlândia,Laboratório,Neurologia,Alergia,2024-11-21,Masculino,Exame,Unimed
1227,Dr. Vitor Cavalcante,2,GO,Rio Verde,Clínica Particular,Cardiologia,Asma,2024-04-07,Masculino,Urgência,SulAmérica
1228,Sr. Davi Pinto,20,BA,Salvador,Unidade de Saúde da Família,Pediatria,Alergia,2024-01-04,Feminino,Consulta,SulAmérica
1229,Srta. Ana Lívia Silveira,67,PE,Caruaru,Hospital,Neurologia,Dermatite,2024-03-09,Masculino,Exame,SulAmérica
1230,Sr. Luiz Otávio Pacheco,5,GO,Goiânia,Clínica Particular,Ortopedia,Gastrite,2024-04-30,Masculino,Exame,SUS
1231,Ana Júlia Barros,25,BA,Feira de Santana,Hospital,Ginecologia,Dermatite,2023-10-07,Feminino,Consulta,Unimed
1232,Agatha Costela,90,RS,Porto Alegre,Unidade de Saúde da Família,Neurologia,Gastrite,2026-06-14,Feminino,Urgência,Unimed
1233,Maria Vitória Ramos,67,SC,Chapecó,Centro Médico,Cardiologia,Ansiedade,2023-12-25,Masculino,Exame,Amil
1234,Maria Cecília Caldeira,71,BA,Feira de Santana,UPA,Endocrinologia,Gastrite,2025-09-07,Feminino,Urgência,SulAmérica
1235,Lara Dias,90,PE,Caruaru,UBS,Cardiologia,Colesterol elevado,2024-10-29,Masculino,Consulta,SulAmérica
1236,Calebe Cavalcante,53,SP,São José dos Campos,UBS,Neurologia,Asma,2025-12-27,Masculino,Exame,Bradesco Saúde
1237,Sr. Davi Miguel Fogaça,86,GO,Goiânia,Pronto-Socorro,Oftalmologia,Dor abdominal,2024-09-26,Masculino,Exame,Bradesco Saúde
1238,Isaque Moreira,26,PE,Recife,Unidade de Saúde da Família,Cardiologia,Lombalgia,2024-11-25,Feminino,Exame,SulAmérica
1239,Gael Henrique Correia,48,PE,Recife,Clínica Particular,Endocrinologia,Enxaqueca,2026-03-24,Feminino,Urgência,Unimed
1240,André Cirino,1,PE,Olinda,Laboratório,Clínica Geral,Hipertensão,2025-02-25,Masculino,Retorno,Unimed
1241,Srta. Daniela Abreu,43,SC,Blumenau,UPA,Psiquiatria,Gastrite,2025-06-22,Masculino,Exame,SUS
1242,Srta. Emanuelly da Costa,7,GO,Rio Verde,Laboratório,Pediatria,Infecção urinária,2023-09-03,Feminino,Retorno,Amil
1243,Maitê Barbosa,56,BA,Feira de Santana,Clínica Particular,Cardiologia,Asma,2025-05-18,Masculino,Consulta,SulAmérica
1244,Arthur Gabriel Correia,81,GO,Rio Verde,Pronto-Socorro,Endocrinologia,Infecção respiratória,2026-03-29,Feminino,Retorno,Particular
1245,Alice Sampaio,56,RJ,Rio de Janeiro,Hospital,Psiquiatria,Infecção respiratória,2024-09-12,Masculino,Consulta,Bradesco Saúde
1246,Raul Costela,94,PE,Recife,UPA,Neurologia,Infecção urinária,2026-07-24,Feminino,Retorno,SUS
1247,Valentina Moraes,25,PR,Maringá,Clínica Particular,Oftalmologia,Colesterol elevado,2025-07-08,Feminino,Consulta,Unimed
1248,Valentina Pires,81,RJ,Niterói,Hospital,Psiquiatria,Dermatite,2026-04-09,Masculino,Consulta,Amil
1249,Bianca Montenegro,14,GO,Goiânia,UPA,Dermatologia,Enxaqueca,2026-01-17,Masculino,Consulta,Particular
1250,Antonella Alves,27,CE,Juazeiro do Norte,Laboratório,Cardiologia,Alergia,2025-02-01,Masculino,Exame,Particular
1251,Sra. Laura Souza,27,CE,Fortaleza,Laboratório,Oftalmologia,Ansiedade,2026-07-15,Feminino,Exame,SUS
1252,Luiz Miguel Andrade,2,MG,Juiz de Fora,UPA,Psiquiatria,Infecção urinária,2023-12-09,Masculino,Consulta,Unimed
1253,Beatriz Novais,79,BA,Ilhéus,Hospital,Pediatria,Artrite,2025-04-26,Feminino,Consulta,SUS
1254,Ana Guerra,69,GO,Goiânia,Hospital,Endocrinologia,Artrite,2025-08-12,Masculino,Retorno,Unimed
1255,Vitor Azevedo,4,RJ,Niterói,Centro Médico,Pediatria,Dor abdominal,2024-12-29,Masculino,Retorno,Unimed
1256,Mariana Aragão,26,RS,Santa Maria,UBS,Ginecologia,Asma,2025-06-28,Feminino,Exame,SulAmérica
1257,Hellena Marques,66,CE,Sobral,Laboratório,Ortopedia,Enxaqueca,2025-05-03,Masculino,Retorno,SulAmérica
1258,Théo Sá,14,RS,Santa Maria,Pronto-Socorro,Pediatria,Colesterol elevado,2025-07-08,Masculino,Exame,Amil
1259,Ana Clara Sousa,77,CE,Sobral,Pronto-Socorro,Ginecologia,Consulta de rotina,2024-06-18,Masculino,Exame,Amil
1260,Luan Rocha,48,PR,Maringá,UBS,Neurologia,Infecção respiratória,2024-11-02,Masculino,Urgência,Bradesco Saúde
1261,Sra. Eloá Cavalcante,78,PE,Caruaru,Centro Médico,Oftalmologia,Hipertensão,2025-12-03,Masculino,Retorno,Unimed
1262,Anna Liz Farias,46,PE,Olinda,Clínica Particular,Cardiologia,Dor abdominal,2025-04-04,Feminino,Urgência,SUS
1263,Sophia Costa,2,BA,Salvador,Centro Médico,Clínica Geral,Asma,2025-05-19,Feminino,Retorno,Amil
1264,Bryan Pinto,30,GO,Anápolis,UBS,Oftalmologia,Enxaqueca,2024-02-10,Masculino,Retorno,Particular
1265,Theo Brito,92,SC,Blumenau,UBS,Psiquiatria,Ansiedade,2026-03-31,Feminino,Exame,Unimed
1266,Marcos Vinicius Nogueira,26,BA,Feira de Santana,Hospital,Neurologia,Alergia,2024-03-24,Masculino,Urgência,Amil
1267,Dr. Dom Guerra,58,RJ,Rio de Janeiro,UPA,Psiquiatria,Lombalgia,2025-11-22,Feminino,Retorno,Bradesco Saúde
1268,Gustavo Henrique Silva,3,SP,Santos,Hospital,Neurologia,Enxaqueca,2025-04-16,Masculino,Exame,Particular
1269,Ian Rocha,44,SC,Florianópolis,Hospital,Cardiologia,Alergia,2023-11-21,Masculino,Exame,SulAmérica
1270,Henry Pastor,41,RS,Pelotas,Centro Médico,Oftalmologia,Diabetes,2025-06-29,Feminino,Exame,Bradesco Saúde
1271,Ana Lívia Campos,39,SP,Ribeirão Preto,Unidade de Saúde da Família,Neurologia,Dermatite,2024-03-05,Masculino,Urgência,Bradesco Saúde
1272,Gustavo Henrique Rocha,29,RJ,Rio de Janeiro,Hospital,Clínica Geral,Infecção respiratória,2025-11-30,Masculino,Urgência,SulAmérica
1273,Ana Julia Porto,22,PE,Olinda,UBS,Ortopedia,Asma,2025-08-27,Feminino,Consulta,SulAmérica
1274,João Felipe Cunha,6,SP,Santos,UBS,Clínica Geral,Enxaqueca,2023-11-11,Masculino,Urgência,Unimed
1275,Maria Laura Monteiro,35,GO,Rio Verde,UPA,Pediatria,Consulta de rotina,2026-01-17,Feminino,Consulta,SUS
1276,Erick da Mata,75,BA,Feira de Santana,Laboratório,Neurologia,Infecção urinária,2026-01-20,Masculino,Retorno,Bradesco Saúde
1277,Cauê Machado,36,CE,Sobral,Centro Médico,Neurologia,Dor abdominal,2025-09-04,Masculino,Urgência,Unimed
1278,Calebe Araújo,72,RJ,Petrópolis,Clínica Particular,Ortopedia,Asma,2025-05-30,Masculino,Consulta,Amil
1279,Matteo Cassiano,2,SP,Campinas,Clínica Particular,Neurologia,Dermatite,2026-07-22,Feminino,Retorno,Amil
1280,Hellena Albuquerque,27,RJ,Petrópolis,Centro Médico,Dermatologia,Asma,2026-04-11,Feminino,Retorno,Bradesco Saúde
1281,Pedro da Mota,29,RJ,Niterói,Centro Médico,Oftalmologia,Alergia,2026-01-25,Masculino,Exame,SUS
1282,Lara Santos,55,RJ,Petrópolis,UPA,Dermatologia,Dermatite,2025-03-29,Masculino,Retorno,Amil
1283,Luiz Fernando da Luz,31,RJ,Rio de Janeiro,Hospital,Neurologia,Infecção respiratória,2025-12-04,Feminino,Consulta,Amil
1284,Maria Cecília Teixeira,46,SC,Chapecó,Pronto-Socorro,Cardiologia,Ansiedade,2026-07-13,Masculino,Urgência,Amil
1285,Ana Carolina Gomes,51,PR,Londrina,Laboratório,Endocrinologia,Lombalgia,2025-04-26,Masculino,Exame,Unimed
1286,Olívia Teixeira,7,BA,Salvador,Laboratório,Oftalmologia,Dor abdominal,2025-03-09,Feminino,Retorno,Amil
1287,Henry Gabriel Rios,68,MG,Juiz de Fora,Unidade de Saúde da Família,Endocrinologia,Gastrite,2024-07-14,Masculino,Consulta,SulAmérica
1288,Mariana Ramos,29,PR,Curitiba,UBS,Clínica Geral,Ansiedade,2026-02-12,Masculino,Urgência,SUS
1289,Beatriz Leão,36,RJ,Rio de Janeiro,Clínica Particular,Psiquiatria,Asma,2026-04-05,Feminino,Exame,Amil
1290,Sra. Eloah Araújo,94,RJ,Niterói,Pronto-Socorro,Neurologia,Dor abdominal,2025-05-04,Masculino,Retorno,Unimed
1291,Eloah Leão,94,RS,Pelotas,Hospital,Cardiologia,Infecção respiratória,2026-03-19,Feminino,Urgência,SulAmérica
1292,Laís Santos,41,PR,Londrina,UBS,Pediatria,Infecção respiratória,2024-02-24,Feminino,Exame,SUS
1293,Dr. João Guilherme Farias,55,SP,Ribeirão Preto,Centro Médico,Clínica Geral,Infecção respiratória,2023-09-29,Feminino,Consulta,SUS
1294,Matteo Ribeiro,46,SP,São José dos Campos,Unidade de Saúde da Família,Psiquiatria,Hipertensão,2025-03-06,Feminino,Retorno,Amil
1295,Bianca Cunha,3,RJ,Rio de Janeiro,Pronto-Socorro,Ortopedia,Artrite,2025-09-28,Masculino,Retorno,Particular
1296,Dr. Bernardo Alves,95,RJ,Petrópolis,Centro Médico,Neurologia,Alergia,2026-08-08,Feminino,Urgência,SulAmérica
1297,Ana Júlia Borges,47,CE,Juazeiro do Norte,Unidade de Saúde da Família,Clínica Geral,Dermatite,2024-05-21,Feminino,Urgência,SulAmérica
1298,Maya Albuquerque,15,BA,Ilhéus,Pronto-Socorro,Endocrinologia,Asma,2024-06-17,Masculino,Retorno,Amil
1299,Ana Carolina Mendonça,46,PR,Londrina,Unidade de Saúde da Família,Clínica Geral,Dor abdominal,2024-03-04,Feminino,Urgência,SUS
1300,Cecília Mendes,49,RJ,Niterói,UBS,Dermatologia,Ansiedade,2025-07-26,Feminino,Retorno,Unimed
1301,Srta. Joana Novais,51,BA,Vitória da Conquista,Laboratório,Dermatologia,Enxaqueca,2025-01-15,Masculino,Consulta,Bradesco Saúde
1302,Luiza Martins,79,SC,Blumenau,UBS,Oftalmologia,Colesterol elevado,2024-01-17,Feminino,Urgência,Unimed
1303,Maria Alice Araújo,64,RJ,Rio de Janeiro,UPA,Neurologia,Infecção urinária,2024-01-30,Masculino,Urgência,Bradesco Saúde
1304,Dra. Lorena Almeida,39,SC,Joinville,Unidade de Saúde da Família,Dermatologia,Diabetes,2025-12-25,Feminino,Consulta,Amil
1305,Vinicius Albuquerque,37,SP,Campinas,UBS,Clínica Geral,Alergia,2025-04-02,Feminino,Consulta,Amil
1306,Sarah Moreira,7,BA,Salvador,Pronto-Socorro,Pediatria,Lombalgia,2025-02-16,Feminino,Retorno,Particular
1307,Luiz Miguel Oliveira,94,RS,Caxias do Sul,Clínica Particular,Oftalmologia,Consulta de rotina,2023-11-30,Masculino,Urgência,SUS
1308,Isabel Duarte,46,SP,Ribeirão Preto,Clínica Particular,Oftalmologia,Gastrite,2024-02-07,Feminino,Consulta,Unimed
1309,Bella Campos,23,RS,Pelotas,Laboratório,Ginecologia,Colesterol elevado,2025-01-12,Masculino,Retorno,Unimed
1310,Benjamim Marques,71,MG,Contagem,Clínica Particular,Dermatologia,Enxaqueca,2025-05-29,Masculino,Urgência,Bradesco Saúde
1311,Marcela Mendes,49,CE,Caucaia,Laboratório,Cardiologia,Infecção respiratória,2023-08-20,Feminino,Urgência,Bradesco Saúde
1312,Maria Sophia Lopes,46,BA,Ilhéus,Laboratório,Neurologia,Gastrite,2026-05-16,Feminino,Exame,Particular
1313,Sr. André Cassiano,54,SC,Florianópolis,UBS,Pediatria,Consulta de rotina,2026-01-02,Feminino,Retorno,Bradesco Saúde
1314,Anthony Gabriel Borges,17,SC,Blumenau,Pronto-Socorro,Clínica Geral,Colesterol elevado,2025-08-05,Feminino,Retorno,Amil
1315,Joana Andrade,67,SP,Ribeirão Preto,Unidade de Saúde da Família,Clínica Geral,Diabetes,2025-01-30,Masculino,Urgência,SulAmérica
1316,Anthony Gabriel Campos,77,RJ,Petrópolis,UBS,Dermatologia,Consulta de rotina,2026-06-07,Feminino,Urgência,Particular
1317,Luara Andrade,90,RJ,Rio de Janeiro,Clínica Particular,Endocrinologia,Infecção respiratória,2025-04-14,Feminino,Retorno,SUS
1318,Dra. Olivia Silveira,81,MG,Juiz de Fora,Pronto-Socorro,Clínica Geral,Colesterol elevado,2025-05-25,Feminino,Retorno,Particular
1319,Srta. Mariane Araújo,20,RJ,Rio de Janeiro,UBS,Endocrinologia,Diabetes,2026-01-09,Masculino,Retorno,Particular
1320,Diogo Brito,65,CE,Fortaleza,Unidade de Saúde da Família,Oftalmologia,Hipertensão,2026-01-21,Masculino,Urgência,Amil
1321,Maria Luiza Araújo,31,CE,Caucaia,Pronto-Socorro,Psiquiatria,Infecção urinária,2023-09-05,Feminino,Consulta,Amil
1322,Pedro Lucas Martins,24,MG,Belo Horizonte,UPA,Ortopedia,Infecção respiratória,2024-08-30,Masculino,Exame,Amil
1323,Mariah Freitas,86,RS,Pelotas,UBS,Psiquiatria,Alergia,2025-06-19,Feminino,Urgência,Amil
1324,Léo Costela,60,PE,Recife,Laboratório,Oftalmologia,Infecção respiratória,2024-08-29,Masculino,Urgência,Amil
1325,Dr. Kaique Sá,2,RJ,Volta Redonda,Pronto-Socorro,Clínica Geral,Infecção urinária,2023-11-17,Feminino,Consulta,Unimed
1326,Guilherme Rodrigues,93,MG,Contagem,Unidade de Saúde da Família,Dermatologia,Hipertensão,2024-02-24,Masculino,Urgência,Bradesco Saúde
1327,Dr. Asafe Borges,45,SC,Joinville,Laboratório,Endocrinologia,Diabetes,2024-07-10,Masculino,Retorno,Unimed
1328,Olivia Pastor,59,GO,Anápolis,UPA,Dermatologia,Colesterol elevado,2023-11-16,Feminino,Exame,Particular
1329,Igor Casa Grande,61,CE,Sobral,UPA,Psiquiatria,Asma,2025-05-26,Feminino,Retorno,SulAmérica
1330,Eloah Rocha,75,BA,Vitória da Conquista,Laboratório,Cardiologia,Hipertensão,2026-08-13,Masculino,Retorno,SUS
1331,Sofia Borges,64,RJ,Rio de Janeiro,Unidade de Saúde da Família,Ginecologia,Colesterol elevado,2025-06-29,Masculino,Retorno,Particular
1332,Pedro Lucas Lopes,54,MG,Contagem,UBS,Clínica Geral,Consulta de rotina,2024-12-09,Feminino,Consulta,Particular
1333,Raquel Jesus,48,RJ,Volta Redonda,Hospital,Pediatria,Lombalgia,2026-07-31,Masculino,Exame,Amil
1334,Luana Sousa,26,MG,Uberlândia,Pronto-Socorro,Neurologia,Alergia,2023-10-07,Feminino,Retorno,SUS
1335,Luísa Farias,68,MG,Contagem,Clínica Particular,Cardiologia,Consulta de rotina,2024-01-03,Masculino,Consulta,SUS
1336,Luiz Fernando Fonseca,1,SP,Campinas,Centro Médico,Oftalmologia,Consulta de rotina,2026-02-11,Masculino,Urgência,SUS
1337,João Gabriel Aparecida,25,SC,Chapecó,Clínica Particular,Psiquiatria,Dermatite,2024-05-27,Feminino,Urgência,Unimed
1338,Yuri da Luz,9,GO,Aparecida de Goiânia,Unidade de Saúde da Família,Oftalmologia,Infecção urinária,2025-03-07,Feminino,Consulta,Bradesco Saúde
1339,Vinícius Machado,67,RJ,Niterói,Pronto-Socorro,Cardiologia,Diabetes,2025-08-18,Feminino,Retorno,Particular
1340,Sr. Thales Azevedo,3,GO,Anápolis,Clínica Particular,Dermatologia,Ansiedade,2026-05-03,Feminino,Exame,SulAmérica
1341,Davi Lucas da Rocha,21,BA,Salvador,Pronto-Socorro,Cardiologia,Artrite,2024-06-01,Masculino,Urgência,Amil
1342,Stella Campos,70,GO,Goiânia,UBS,Psiquiatria,Alergia,2025-12-02,Feminino,Consulta,Particular
1343,Alice Marques,34,BA,Ilhéus,Clínica Particular,Ginecologia,Ansiedade,2024-07-30,Masculino,Retorno,SUS
1344,Jade Sampaio,85,SC,Blumenau,Hospital,Ortopedia,Alergia,2024-10-01,Masculino,Consulta,Unimed
1345,Matteo Ribeiro,77,RJ,Volta Redonda,UBS,Endocrinologia,Alergia,2023-10-04,Masculino,Urgência,SulAmérica
1346,Antônio Fonseca,5,SP,São Paulo,Unidade de Saúde da Família,Endocrinologia,Dor abdominal,2024-11-04,Feminino,Exame,Amil
1347,José da Paz,3,RS,Caxias do Sul,Hospital,Clínica Geral,Colesterol elevado,2026-03-08,Masculino,Exame,SulAmérica
1348,Gustavo Henrique Freitas,62,SP,São José dos Campos,Hospital,Oftalmologia,Colesterol elevado,2026-03-30,Feminino,Retorno,Amil
1349,Davi Porto,15,PE,Olinda,Unidade de Saúde da Família,Cardiologia,Ansiedade,2025-04-04,Feminino,Urgência,SUS
1350,Luiza Pacheco,8,BA,Ilhéus,Clínica Particular,Ortopedia,Diabetes,2025-03-25,Masculino,Retorno,Amil
1351,Maria Flor Vargas,2,SC,Florianópolis,Clínica Particular,Clínica Geral,Diabetes,2024-08-30,Masculino,Retorno,Amil
1352,Dr. Yan Nascimento,6,MG,Juiz de Fora,Centro Médico,Ginecologia,Consulta de rotina,2025-12-24,Masculino,Urgência,SUS
1353,Maria Eduarda Camargo,62,GO,Rio Verde,UBS,Cardiologia,Diabetes,2024-06-07,Feminino,Retorno,Amil
1354,Sra. Letícia Novais,57,BA,Feira de Santana,Pronto-Socorro,Ginecologia,Colesterol elevado,2025-06-21,Feminino,Retorno,Bradesco Saúde
1355,Agatha Nascimento,90,RS,Pelotas,UBS,Clínica Geral,Lombalgia,2025-08-09,Feminino,Exame,Unimed
1356,Marcelo Jesus,18,RJ,Niterói,Clínica Particular,Dermatologia,Asma,2025-09-08,Masculino,Consulta,Unimed
1357,Mateus Moura,31,MG,Belo Horizonte,Unidade de Saúde da Família,Neurologia,Diabetes,2025-05-03,Masculino,Exame,Particular
1358,Gabriel Macedo,76,RS,Pelotas,Laboratório,Dermatologia,Dermatite,2026-07-03,Masculino,Consulta,Unimed
1359,José Miguel Casa Grande,64,GO,Rio Verde,Hospital,Oftalmologia,Gastrite,2025-05-13,Feminino,Consulta,SUS
1360,Isadora Barros,24,PR,Cascavel,Laboratório,Endocrinologia,Hipertensão,2023-11-13,Feminino,Consulta,Bradesco Saúde
1361,Arthur Gabriel Siqueira,78,BA,Salvador,Centro Médico,Dermatologia,Colesterol elevado,2026-03-14,Masculino,Consulta,Unimed
1362,Yasmin Rodrigues,55,GO,Rio Verde,Hospital,Cardiologia,Artrite,2026-03-26,Feminino,Urgência,Bradesco Saúde
1363,Dra. Caroline da Luz,74,CE,Sobral,Pronto-Socorro,Pediatria,Gastrite,2025-03-17,Feminino,Retorno,SUS
1364,Léo Sá,88,SP,Santos,Pronto-Socorro,Cardiologia,Dor abdominal,2024-06-21,Feminino,Urgência,Bradesco Saúde
1365,Sra. Zoe Martins,79,PE,Recife,Pronto-Socorro,Ginecologia,Enxaqueca,2026-02-22,Feminino,Consulta,Particular
1366,Sr. Eduardo Lopes,34,RS,Pelotas,UPA,Neurologia,Alergia,2023-11-24,Masculino,Exame,Particular
1367,Luiz Fernando Mendonça,46,CE,Fortaleza,Unidade de Saúde da Família,Endocrinologia,Dor abdominal,2024-11-07,Feminino,Consulta,Bradesco Saúde
1368,Luara Melo,79,RJ,Petrópolis,Centro Médico,Cardiologia,Alergia,2026-06-22,Masculino,Urgência,Unimed
1369,Luara Viana,17,RS,Santa Maria,Clínica Particular,Pediatria,Infecção respiratória,2024-12-26,Masculino,Retorno,Particular
1370,Ryan Nogueira,88,SP,Campinas,Unidade de Saúde da Família,Psiquiatria,Lombalgia,2023-09-15,Masculino,Retorno,Particular
1371,Pedro Henrique Monteiro,3,RS,Pelotas,Centro Médico,Endocrinologia,Asma,2026-03-21,Masculino,Retorno,Unimed
1372,Maria Luísa Casa Grande,65,RJ,Rio de Janeiro,Unidade de Saúde da Família,Cardiologia,Artrite,2025-04-14,Masculino,Retorno,SUS
1373,Evelyn Lopes,88,BA,Vitória da Conquista,Laboratório,Cardiologia,Infecção urinária,2025-01-23,Feminino,Urgência,SUS
1374,Sr. Paulo Rezende,78,SP,Santos,Centro Médico,Ginecologia,Gastrite,2023-10-08,Feminino,Exame,Unimed
1375,Theo Pereira,21,GO,Goiânia,Centro Médico,Clínica Geral,Enxaqueca,2023-11-18,Masculino,Consulta,Particular
1376,Lavínia Rezende,41,GO,Aparecida de Goiânia,Centro Médico,Ortopedia,Gastrite,2024-04-03,Masculino,Retorno,Amil
1377,Srta. Lívia Albuquerque,29,RJ,Rio de Janeiro,Laboratório,Endocrinologia,Asma,2026-05-14,Masculino,Consulta,Bradesco Saúde
1378,João Gabriel Andrade,41,CE,Sobral,Pronto-Socorro,Ortopedia,Dermatite,2025-10-15,Feminino,Retorno,Unimed
1379,Gabriel Pacheco,30,PR,Maringá,Unidade de Saúde da Família,Ginecologia,Asma,2026-07-31,Masculino,Retorno,Amil
1380,Levi Carvalho,11,PE,Caruaru,Centro Médico,Endocrinologia,Artrite,2026-03-23,Masculino,Urgência,SulAmérica
1381,Lucas Rezende,58,CE,Caucaia,Laboratório,Ortopedia,Consulta de rotina,2024-01-14,Masculino,Retorno,Amil
1382,Apollo Garcia,78,GO,Aparecida de Goiânia,Pronto-Socorro,Dermatologia,Lombalgia,2026-02-24,Feminino,Consulta,Particular
1383,Dr. Nathan Ramos,65,PE,Petrolina,UPA,Psiquiatria,Alergia,2026-04-14,Masculino,Retorno,Amil
1384,Sophie Vargas,16,SP,Campinas,Laboratório,Dermatologia,Colesterol elevado,2025-04-22,Feminino,Consulta,SUS
1385,Sophia Melo,4,SP,Ribeirão Preto,UPA,Cardiologia,Infecção respiratória,2024-03-02,Feminino,Exame,Unimed
1386,Luiz Fernando Almeida,90,MG,Contagem,Clínica Particular,Dermatologia,Diabetes,2025-11-21,Feminino,Urgência,Bradesco Saúde
1387,Allana Cavalcanti,93,GO,Goiânia,Hospital,Cardiologia,Asma,2026-03-19,Feminino,Exame,Amil
1388,Dr. Benjamin Mendes,38,CE,Sobral,Unidade de Saúde da Família,Pediatria,Asma,2024-08-20,Masculino,Consulta,SUS
1389,Sr. Brayan Gonçalves,76,SP,São José dos Campos,Centro Médico,Neurologia,Gastrite,2026-06-02,Feminino,Exame,SUS
1390,João Gabriel Cavalcante,13,SC,Blumenau,Clínica Particular,Dermatologia,Alergia,2024-10-29,Feminino,Consulta,Bradesco Saúde
1391,Theo Nascimento,37,SC,Chapecó,Centro Médico,Oftalmologia,Lombalgia,2025-05-17,Masculino,Retorno,Particular
1392,Camila Câmara,67,PR,Cascavel,Pronto-Socorro,Psiquiatria,Ansiedade,2024-12-01,Feminino,Consulta,Unimed
1393,Zoe Cassiano,16,RS,Caxias do Sul,Pronto-Socorro,Dermatologia,Alergia,2025-12-12,Feminino,Retorno,SUS
1394,Jade Rodrigues,78,RS,Pelotas,UBS,Ortopedia,Infecção urinária,2024-03-12,Feminino,Retorno,Particular
1395,Ana Luiza Moura,4,PR,Londrina,Hospital,Endocrinologia,Artrite,2023-10-23,Masculino,Consulta,Amil
1396,Sophie da Paz,27,SP,Santos,Pronto-Socorro,Psiquiatria,Gastrite,2025-04-27,Feminino,Retorno,Amil
1397,Emanuella Fernandes,92,RS,Porto Alegre,UBS,Neurologia,Ansiedade,2025-09-19,Feminino,Exame,Unimed
1398,Camila Pereira,36,RJ,Niterói,UBS,Ginecologia,Colesterol elevado,2025-06-09,Masculino,Retorno,SulAmérica
1399,Bernardo Marques,21,RJ,Petrópolis,Centro Médico,Dermatologia,Alergia,2025-11-24,Masculino,Urgência,Particular
1400,Rhavi Aparecida,91,PE,Recife,Centro Médico,Ortopedia,Dermatite,2024-07-14,Masculino,Consulta,SUS
1401,Dr. Vinícius das Neves,29,MG,Contagem,Clínica Particular,Dermatologia,Alergia,2024-07-17,Masculino,Exame,SUS
1402,Bruna Moreira,17,CE,Juazeiro do Norte,Clínica Particular,Cardiologia,Artrite,2025-10-09,Masculino,Consulta,Amil
1403,Augusto Aparecida,72,RJ,Volta Redonda,Clínica Particular,Pediatria,Hipertensão,2026-08-16,Feminino,Urgência,Bradesco Saúde
1404,Davi Lucas Aragão,82,PE,Olinda,Centro Médico,Neurologia,Artrite,2023-09-23,Masculino,Urgência,SUS
1405,Bernardo Peixoto,63,RS,Santa Maria,Laboratório,Psiquiatria,Lombalgia,2023-11-08,Feminino,Urgência,Particular
1406,Manuela Gomes,37,PR,Curitiba,Laboratório,Neurologia,Lombalgia,2026-06-25,Masculino,Exame,Particular
1407,Cecília Ribeiro,41,MG,Contagem,UBS,Ginecologia,Asma,2026-07-01,Feminino,Retorno,Amil
1408,Noah Pinto,88,CE,Sobral,Clínica Particular,Clínica Geral,Enxaqueca,2023-09-10,Feminino,Retorno,Amil
1409,Vitor Gabriel Mendes,42,SP,São José dos Campos,Pronto-Socorro,Ginecologia,Gastrite,2024-05-05,Feminino,Exame,Amil
1410,Joaquim Macedo,7,PE,Caruaru,Pronto-Socorro,Neurologia,Asma,2024-03-30,Masculino,Urgência,SulAmérica
1411,Ágatha Leão,58,SP,Santos,Laboratório,Ortopedia,Consulta de rotina,2024-09-04,Masculino,Retorno,SulAmérica
1412,Nicole Aparecida,17,RJ,Petrópolis,Hospital,Clínica Geral,Colesterol elevado,2024-09-04,Feminino,Consulta,SulAmérica
1413,Heitor Machado,71,BA,Vitória da Conquista,UBS,Clínica Geral,Artrite,2025-01-25,Masculino,Urgência,Bradesco Saúde
1414,Isabella Silva,69,PR,Londrina,Laboratório,Ortopedia,Enxaqueca,2023-09-29,Masculino,Urgência,Unimed
1415,João Felipe Araújo,71,PE,Olinda,Clínica Particular,Clínica Geral,Hipertensão,2024-09-03,Masculino,Consulta,Bradesco Saúde
1416,Luna Caldeira,6,PE,Petrolina,UPA,Dermatologia,Enxaqueca,2025-01-05,Masculino,Retorno,SulAmérica
1417,João Guilherme Brito,35,PR,Curitiba,UBS,Oftalmologia,Infecção urinária,2026-06-28,Feminino,Retorno,SulAmérica
1418,Marcela Barbosa,10,RS,Porto Alegre,UBS,Endocrinologia,Asma,2023-09-29,Feminino,Consulta,Particular
1419,Enzo Gabriel Monteiro,13,SC,Joinville,Laboratório,Ortopedia,Dermatite,2026-03-11,Feminino,Urgência,Amil
1420,Sra. Emanuella Machado,39,SC,Florianópolis,Pronto-Socorro,Neurologia,Dor abdominal,2025-01-25,Masculino,Urgência,SulAmérica
1421,Vitor Hugo Campos,49,GO,Rio Verde,Pronto-Socorro,Oftalmologia,Diabetes,2024-07-01,Masculino,Exame,Bradesco Saúde
1422,Helena Borges,37,RS,Santa Maria,Clínica Particular,Oftalmologia,Hipertensão,2024-07-06,Feminino,Exame,Unimed
1423,Juliana Caldeira,58,SC,Florianópolis,Clínica Particular,Psiquiatria,Hipertensão,2026-01-22,Feminino,Retorno,Amil
1424,Antônio Costela,73,BA,Ilhéus,UBS,Dermatologia,Lombalgia,2023-09-03,Masculino,Consulta,Particular
1425,Sr. Bruno Sampaio,27,SC,Joinville,Unidade de Saúde da Família,Psiquiatria,Dor abdominal,2026-06-18,Masculino,Retorno,Amil
1426,Vitor Gabriel Marques,67,GO,Rio Verde,Clínica Particular,Clínica Geral,Colesterol elevado,2025-05-10,Feminino,Urgência,Amil
1427,Luara Rocha,20,RS,Pelotas,Hospital,Ginecologia,Asma,2023-11-22,Feminino,Consulta,Unimed
1428,Vitor Hugo Carvalho,70,PR,Cascavel,Unidade de Saúde da Família,Ginecologia,Infecção urinária,2024-03-24,Masculino,Urgência,Amil
1429,Sr. João Pedro Moura,14,CE,Fortaleza,Laboratório,Cardiologia,Gastrite,2025-01-15,Masculino,Consulta,SUS
1430,Dra. Eloah Nogueira,22,SC,Florianópolis,Clínica Particular,Neurologia,Dermatite,2023-08-31,Masculino,Consulta,Amil
1431,Maria Rios,81,CE,Caucaia,Unidade de Saúde da Família,Pediatria,Asma,2025-03-11,Feminino,Exame,Particular
1432,José Miguel Cavalcante,56,RS,Porto Alegre,Pronto-Socorro,Dermatologia,Artrite,2026-02-25,Feminino,Urgência,Bradesco Saúde
1433,Maria Luiza Araújo,38,MG,Uberlândia,Clínica Particular,Psiquiatria,Asma,2024-09-02,Feminino,Urgência,Amil
1434,Isaque Barros,43,CE,Caucaia,UPA,Pediatria,Artrite,2024-12-16,Feminino,Consulta,Unimed
1435,Maria Flor Macedo,20,PE,Olinda,Unidade de Saúde da Família,Cardiologia,Hipertensão,2024-03-12,Feminino,Retorno,SUS
1436,Rafael da Conceição,43,RJ,Volta Redonda,UBS,Clínica Geral,Consulta de rotina,2025-10-22,Feminino,Retorno,Particular
1437,Josué Costela,45,BA,Feira de Santana,Hospital,Ortopedia,Enxaqueca,2025-07-31,Feminino,Exame,Bradesco Saúde
1438,Marcelo Cunha,80,RS,Pelotas,Laboratório,Dermatologia,Artrite,2024-08-23,Masculino,Consulta,Bradesco Saúde
1439,Dra. Alexia Camargo,94,MG,Belo Horizonte,Clínica Particular,Dermatologia,Infecção respiratória,2023-11-20,Feminino,Consulta,SUS
1440,Mathias da Cunha,43,SC,Chapecó,Pronto-Socorro,Psiquiatria,Infecção urinária,2024-10-25,Feminino,Retorno,SUS
1441,Ísis Gonçalves,28,SP,Campinas,UBS,Psiquiatria,Infecção respiratória,2024-11-20,Masculino,Retorno,Amil
1442,João Felipe Rodrigues,10,SP,Santos,Hospital,Pediatria,Artrite,2026-06-27,Feminino,Exame,SulAmérica
1443,Thiago Caldeira,39,CE,Juazeiro do Norte,UBS,Ortopedia,Artrite,2024-01-31,Feminino,Exame,Amil
1444,Lunna Correia,40,CE,Juazeiro do Norte,Centro Médico,Endocrinologia,Diabetes,2024-01-01,Masculino,Retorno,SulAmérica
1445,Eduardo Barros,56,RS,Caxias do Sul,Unidade de Saúde da Família,Neurologia,Asma,2025-06-11,Feminino,Consulta,Bradesco Saúde
1446,Maria Vargas,23,PE,Caruaru,Hospital,Ginecologia,Dermatite,2024-12-28,Feminino,Urgência,SulAmérica
1447,Elisa Rios,79,PE,Olinda,Clínica Particular,Oftalmologia,Lombalgia,2026-05-31,Masculino,Consulta,SUS
1448,Dom Nogueira,68,CE,Juazeiro do Norte,Clínica Particular,Clínica Geral,Consulta de rotina,2024-07-08,Feminino,Urgência,Particular
1449,Cauê da Rocha,65,BA,Vitória da Conquista,Hospital,Psiquiatria,Enxaqueca,2024-09-29,Masculino,Urgência,SulAmérica
1450,Sra. Marina Aparecida,6,CE,Sobral,Pronto-Socorro,Dermatologia,Infecção urinária,2024-07-07,Masculino,Consulta,SulAmérica
1451,Theo Pacheco,63,CE,Sobral,UPA,Neurologia,Asma,2025-08-29,Masculino,Consulta,Unimed
1452,Srta. Maria Fernanda Lopes,92,SP,São José dos Campos,UPA,Pediatria,Dermatite,2025-12-01,Masculino,Consulta,Amil
1453,Vitor Gabriel Ramos,57,RJ,Rio de Janeiro,Hospital,Ginecologia,Diabetes,2024-12-13,Feminino,Retorno,SulAmérica
1454,Felipe Mendes,43,GO,Goiânia,Centro Médico,Pediatria,Ansiedade,2026-05-06,Feminino,Consulta,SulAmérica
1455,Mirella Abreu,86,PE,Petrolina,Hospital,Cardiologia,Dor abdominal,2026-01-30,Masculino,Urgência,Particular
1456,Caleb Sá,6,MG,Contagem,Pronto-Socorro,Psiquiatria,Dor abdominal,2025-11-17,Feminino,Retorno,SulAmérica
1457,Gael Henrique Moreira,36,SP,Santos,Centro Médico,Cardiologia,Lombalgia,2025-09-12,Feminino,Consulta,Bradesco Saúde
1458,Maitê Sales,15,CE,Fortaleza,UBS,Pediatria,Asma,2026-02-15,Masculino,Retorno,Unimed
1459,Breno Montenegro,22,GO,Goiânia,Hospital,Ortopedia,Infecção urinária,2026-02-01,Feminino,Exame,Particular
1460,Anthony Guerra,88,PR,Maringá,Clínica Particular,Pediatria,Enxaqueca,2026-03-27,Masculino,Exame,SulAmérica
1461,Bento Vasconcelos,36,RS,Caxias do Sul,UPA,Psiquiatria,Lombalgia,2024-09-14,Feminino,Retorno,SUS
1462,Sra. Emilly Jesus,23,RS,Caxias do Sul,Pronto-Socorro,Dermatologia,Asma,2026-07-17,Feminino,Urgência,Particular
1463,Sr. Isaac Guerra,75,CE,Juazeiro do Norte,Centro Médico,Ginecologia,Colesterol elevado,2023-09-15,Feminino,Retorno,Particular
1464,Srta. Valentina Sá,20,GO,Rio Verde,Clínica Particular,Oftalmologia,Lombalgia,2024-02-17,Feminino,Retorno,Unimed
1465,Bento Almeida,12,SC,Blumenau,Clínica Particular,Dermatologia,Dor abdominal,2025-08-01,Feminino,Urgência,Particular
1466,Bianca Correia,61,RJ,Niterói,UPA,Neurologia,Consulta de rotina,2026-05-19,Feminino,Urgência,Bradesco Saúde
1467,Natália Novaes,42,PE,Recife,UBS,Ginecologia,Dermatite,2023-08-21,Masculino,Retorno,Amil
1468,Raul da Mata,44,CE,Juazeiro do Norte,UBS,Pediatria,Ansiedade,2024-04-30,Feminino,Urgência,SUS
1469,Mirella Ferreira,3,CE,Caucaia,Unidade de Saúde da Família,Psiquiatria,Alergia,2024-11-04,Feminino,Exame,Amil
1470,Sophie Peixoto,93,PR,Maringá,Centro Médico,Psiquiatria,Lombalgia,2024-10-16,Feminino,Exame,Unimed
1471,Sra. Maria Souza,65,SP,Campinas,UBS,Oftalmologia,Gastrite,2023-11-07,Feminino,Exame,Bradesco Saúde
1472,Heloisa Nogueira,66,SP,Campinas,UPA,Dermatologia,Ansiedade,2025-11-12,Masculino,Retorno,SUS
1473,Srta. Ana Liz Moura,12,BA,Salvador,Pronto-Socorro,Pediatria,Colesterol elevado,2024-08-08,Feminino,Exame,Amil
1474,Dr. Ravy Fogaça,1,MG,Contagem,UPA,Ortopedia,Ansiedade,2024-02-22,Masculino,Urgência,Unimed
1475,Sr. Vitor da Mata,31,RJ,Niterói,Clínica Particular,Oftalmologia,Diabetes,2025-08-16,Masculino,Retorno,SulAmérica
1476,Danilo Moreira,1,SC,Blumenau,Unidade de Saúde da Família,Pediatria,Lombalgia,2025-04-08,Masculino,Exame,Bradesco Saúde
1477,Henry Barbosa,61,PE,Olinda,Laboratório,Neurologia,Asma,2026-02-22,Masculino,Consulta,Amil
1478,Gabriela Macedo,18,MG,Juiz de Fora,Laboratório,Ginecologia,Ansiedade,2023-12-21,Feminino,Exame,Bradesco Saúde
1479,Isis Castro,45,PE,Recife,Unidade de Saúde da Família,Psiquiatria,Hipertensão,2025-07-31,Masculino,Retorno,SUS
1480,Maria Cecília Novais,44,BA,Vitória da Conquista,Hospital,Psiquiatria,Consulta de rotina,2026-01-07,Feminino,Consulta,SulAmérica
1481,Brenda Pastor,64,PR,Londrina,Clínica Particular,Clínica Geral,Dor abdominal,2025-07-22,Feminino,Exame,Particular
1482,Maria Flor Novais,84,BA,Ilhéus,UPA,Oftalmologia,Infecção respiratória,2025-05-03,Feminino,Urgência,Amil
1483,Bernardo Rezende,34,CE,Fortaleza,Laboratório,Pediatria,Infecção respiratória,2024-08-24,Feminino,Consulta,Amil
1484,Dr. Davi Azevedo,88,RJ,Petrópolis,UBS,Oftalmologia,Colesterol elevado,2024-09-08,Masculino,Retorno,Unimed
1485,Alana Casa Grande,88,MG,Contagem,Unidade de Saúde da Família,Clínica Geral,Alergia,2026-05-03,Feminino,Exame,Particular
1486,Dra. Laura Siqueira,34,RS,Santa Maria,UBS,Psiquiatria,Colesterol elevado,2024-03-20,Feminino,Urgência,Amil
1487,Benício da Costa,15,BA,Vitória da Conquista,UPA,Oftalmologia,Artrite,2024-10-12,Feminino,Consulta,SUS
1488,Vinicius Moraes,91,SP,Santos,Pronto-Socorro,Ortopedia,Artrite,2024-06-18,Feminino,Exame,Particular
1489,Sr. Ravi Fernandes,6,CE,Juazeiro do Norte,UBS,Neurologia,Alergia,2025-10-13,Feminino,Consulta,Bradesco Saúde
1490,Sra. Bruna Rios,55,BA,Vitória da Conquista,Centro Médico,Dermatologia,Colesterol elevado,2024-06-04,Masculino,Urgência,SUS
1491,Leandro Abreu,54,RS,Pelotas,Hospital,Neurologia,Lombalgia,2024-04-17,Feminino,Consulta,Bradesco Saúde
1492,Yuri Viana,94,RJ,Petrópolis,Hospital,Endocrinologia,Asma,2024-06-08,Feminino,Retorno,SUS
1493,Kaique Macedo,17,RJ,Rio de Janeiro,UPA,Neurologia,Gastrite,2026-03-05,Feminino,Urgência,Amil
1494,Calebe Leão,94,GO,Aparecida de Goiânia,Unidade de Saúde da Família,Clínica Geral,Diabetes,2025-11-09,Feminino,Urgência,Particular
1495,Maria Alice Garcia,49,MG,Belo Horizonte,UBS,Ginecologia,Ansiedade,2024-07-28,Feminino,Exame,Amil
1496,Maya Cirino,33,SP,Campinas,UBS,Oftalmologia,Diabetes,2025-02-26,Masculino,Urgência,Unimed
1497,Arthur Gabriel Cardoso,89,GO,Aparecida de Goiânia,Hospital,Ginecologia,Consulta de rotina,2025-03-19,Feminino,Retorno,Amil
1498,Ana da Cunha,36,RS,Caxias do Sul,Hospital,Psiquiatria,Gastrite,2024-10-08,Masculino,Urgência,Unimed
1499,Agatha Cavalcante,27,SP,Ribeirão Preto,Hospital,Oftalmologia,Infecção urinária,2024-04-30,Masculino,Urgência,Unimed
1500,Srta. Alana da Mota,13,CE,Juazeiro do Norte,Clínica Particular,Ortopedia,Hipertensão,2024-10-27,Feminino,Retorno,Particular
1501,Clarice Câmara,94,GO,Anápolis,Unidade de Saúde da Família,Psiquiatria,Gastrite,2025-03-06,Feminino,Exame,Amil
1502,Mariana Barbosa,44,SC,Florianópolis,Centro Médico,Ginecologia,Lombalgia,2026-06-05,Feminino,Retorno,Amil
1503,Pietra da Mota,69,CE,Caucaia,UPA,Oftalmologia,Enxaqueca,2023-10-06,Feminino,Consulta,SulAmérica
1504,Daniela da Cruz,81,GO,Goiânia,Unidade de Saúde da Família,Endocrinologia,Lombalgia,2025-06-09,Masculino,Retorno,SulAmérica
1505,Maitê Moraes,39,SC,Blumenau,Pronto-Socorro,Ginecologia,Alergia,2026-01-16,Feminino,Consulta,SUS
1506,Bruna Moraes,80,GO,Aparecida de Goiânia,Centro Médico,Psiquiatria,Gastrite,2024-10-04,Feminino,Consulta,Unimed
1507,Maria Clara Azevedo,31,SC,Chapecó,Laboratório,Endocrinologia,Infecção respiratória,2026-01-26,Feminino,Consulta,Particular
1508,Ravi Andrade,28,PE,Olinda,UBS,Psiquiatria,Enxaqueca,2026-04-06,Masculino,Retorno,SulAmérica
1509,Dr. Pedro Miguel Fonseca,46,PE,Petrolina,Clínica Particular,Oftalmologia,Ansiedade,2024-11-11,Feminino,Urgência,Unimed
1510,Sr. Cauã da Luz,65,RJ,Petrópolis,Laboratório,Ortopedia,Dermatite,2023-10-15,Feminino,Exame,Amil
1511,Sr. Cauã da Conceição,21,RS,Santa Maria,UPA,Oftalmologia,Enxaqueca,2024-07-17,Masculino,Urgência,Amil
1512,Dr. Davi Lucca Monteiro,50,MG,Belo Horizonte,Laboratório,Oftalmologia,Gastrite,2025-04-16,Masculino,Consulta,Bradesco Saúde
1513,Alexia da Cunha,79,PR,Londrina,UBS,Psiquiatria,Consulta de rotina,2024-06-01,Feminino,Consulta,Unimed
1514,Sra. Ester Moura,22,GO,Aparecida de Goiânia,Unidade de Saúde da Família,Cardiologia,Lombalgia,2026-05-11,Masculino,Exame,Bradesco Saúde
1515,Sr. Davi Siqueira,21,SC,Joinville,Unidade de Saúde da Família,Ginecologia,Asma,2026-07-17,Masculino,Retorno,Amil
1516,Heloísa da Conceição,17,PR,Maringá,Pronto-Socorro,Cardiologia,Ansiedade,2025-03-02,Masculino,Retorno,Bradesco Saúde
1517,Sr. Erick Freitas,32,CE,Sobral,Unidade de Saúde da Família,Ortopedia,Colesterol elevado,2023-10-21,Masculino,Exame,Bradesco Saúde
1518,Gabrielly da Rocha,21,RJ,Petrópolis,Clínica Particular,Neurologia,Asma,2025-01-12,Masculino,Consulta,SulAmérica
1519,Rafael Rocha,67,SP,Ribeirão Preto,Unidade de Saúde da Família,Oftalmologia,Diabetes,2026-02-21,Feminino,Urgência,SulAmérica
1520,Laís Duarte,92,SC,Florianópolis,Hospital,Neurologia,Alergia,2023-10-11,Masculino,Urgência,Amil
1521,Ravi Almeida,52,SP,Santos,Unidade de Saúde da Família,Oftalmologia,Colesterol elevado,2025-11-08,Masculino,Consulta,SUS
1522,Mariana Castro,93,RS,Porto Alegre,UPA,Ginecologia,Gastrite,2023-11-27,Feminino,Retorno,SUS
1523,Elisa Aparecida,34,CE,Caucaia,UBS,Ginecologia,Infecção urinária,2026-03-14,Masculino,Exame,SulAmérica
1524,Sr. Leonardo Aragão,34,CE,Caucaia,Centro Médico,Dermatologia,Asma,2025-02-10,Feminino,Urgência,Amil
1525,Stella Andrade,77,RS,Pelotas,Hospital,Pediatria,Infecção respiratória,2024-08-18,Feminino,Consulta,SUS
1526,Maria Vitória Martins,92,BA,Vitória da Conquista,Pronto-Socorro,Dermatologia,Asma,2024-04-11,Masculino,Urgência,Amil
1527,Maria Clara Sousa,20,CE,Juazeiro do Norte,UPA,Pediatria,Consulta de rotina,2024-06-06,Feminino,Exame,Unimed
1528,Ágatha Sales,28,PR,Curitiba,Pronto-Socorro,Pediatria,Consulta de rotina,2023-10-30,Masculino,Urgência,Unimed
1529,Maria da Paz,62,SC,Chapecó,UPA,Ginecologia,Infecção urinária,2023-10-20,Masculino,Urgência,Bradesco Saúde
1530,Cecília Cardoso,63,BA,Ilhéus,UPA,Endocrinologia,Alergia,2025-11-28,Masculino,Exame,Amil
1531,Danilo Rios,44,SP,São Paulo,Clínica Particular,Dermatologia,Dor abdominal,2024-09-26,Masculino,Retorno,Unimed
1532,Eduarda Vargas,84,GO,Goiânia,Clínica Particular,Ginecologia,Alergia,2024-08-23,Feminino,Consulta,SulAmérica
1533,Danilo Marques,95,SC,Joinville,Clínica Particular,Ginecologia,Infecção urinária,2025-10-14,Masculino,Exame,SulAmérica
1534,Daniel Cunha,65,RJ,Petrópolis,UBS,Dermatologia,Artrite,2025-05-02,Masculino,Consulta,Amil
1535,Benjamim Duarte,32,GO,Aparecida de Goiânia,Pronto-Socorro,Pediatria,Asma,2024-02-05,Masculino,Retorno,SulAmérica
1536,Emilly Ferreira,6,CE,Caucaia,Pronto-Socorro,Endocrinologia,Enxaqueca,2026-08-01,Masculino,Retorno,SulAmérica
1537,Bruno Rocha,67,RJ,Niterói,Pronto-Socorro,Clínica Geral,Dor abdominal,2025-01-19,Masculino,Retorno,Bradesco Saúde
1538,Maria Luísa Fogaça,60,GO,Rio Verde,UBS,Endocrinologia,Ansiedade,2025-12-28,Masculino,Urgência,SulAmérica
1539,Luiz Miguel Fogaça,62,RJ,Niterói,UBS,Neurologia,Diabetes,2024-09-03,Feminino,Retorno,Particular
1540,Maria Nunes,77,SC,Joinville,Unidade de Saúde da Família,Dermatologia,Consulta de rotina,2026-01-01,Masculino,Exame,Particular
1541,Nicole Moraes,76,CE,Caucaia,Unidade de Saúde da Família,Clínica Geral,Enxaqueca,2024-02-24,Feminino,Urgência,Amil
1542,Matteo Garcia,65,MG,Juiz de Fora,Unidade de Saúde da Família,Endocrinologia,Enxaqueca,2024-12-17,Feminino,Urgência,Bradesco Saúde
1543,Maria Helena Vargas,36,PR,Maringá,Pronto-Socorro,Neurologia,Diabetes,2024-07-21,Masculino,Exame,Particular
1544,Brayan Peixoto,64,BA,Ilhéus,UPA,Pediatria,Diabetes,2023-10-17,Feminino,Urgência,Particular
1545,Alana da Rosa,82,CE,Juazeiro do Norte,UPA,Ortopedia,Colesterol elevado,2026-08-09,Masculino,Retorno,SUS
1546,Ana Cecília Aparecida,41,RS,Pelotas,Unidade de Saúde da Família,Cardiologia,Infecção urinária,2025-09-02,Feminino,Retorno,Bradesco Saúde
1547,Matteo Brito,21,MG,Juiz de Fora,Clínica Particular,Oftalmologia,Colesterol elevado,2026-04-28,Masculino,Retorno,Bradesco Saúde
1548,Anthony Gabriel Cirino,67,MG,Juiz de Fora,Unidade de Saúde da Família,Psiquiatria,Colesterol elevado,2024-01-01,Feminino,Urgência,SUS
1549,Sra. Maria Cecília Câmara,39,RS,Santa Maria,Centro Médico,Pediatria,Enxaqueca,2025-04-26,Feminino,Urgência,SulAmérica
1550,Laura Pinto,40,BA,Ilhéus,Laboratório,Psiquiatria,Gastrite,2024-08-07,Feminino,Consulta,Amil
1551,Levi Machado,46,SP,Ribeirão Preto,UPA,Neurologia,Colesterol elevado,2024-10-23,Feminino,Consulta,SulAmérica
1552,Maria Helena Leão,85,PR,Londrina,Pronto-Socorro,Dermatologia,Dermatite,2024-04-25,Feminino,Consulta,Unimed
1553,Ian Monteiro,42,PE,Petrolina,Clínica Particular,Ortopedia,Consulta de rotina,2024-02-04,Feminino,Urgência,Particular
1554,Luigi da Mota,21,RJ,Niterói,Centro Médico,Neurologia,Asma,2023-11-25,Feminino,Consulta,SulAmérica
1555,Evelyn Martins,32,PE,Petrolina,Pronto-Socorro,Psiquiatria,Consulta de rotina,2026-05-06,Feminino,Consulta,Particular
1556,Nicolas da Conceição,36,SP,Santos,Centro Médico,Neurologia,Ansiedade,2024-11-27,Feminino,Consulta,Amil
1557,Lucca da Cruz,42,MG,Belo Horizonte,Laboratório,Pediatria,Dermatite,2024-06-12,Masculino,Urgência,Bradesco Saúde
1558,Ana Lívia Nunes,57,PR,Curitiba,Clínica Particular,Ginecologia,Consulta de rotina,2024-06-30,Feminino,Urgência,SulAmérica
1559,João Miguel Cirino,9,SP,Campinas,Centro Médico,Ginecologia,Ansiedade,2026-07-17,Feminino,Retorno,SUS
1560,Leandro Farias,30,BA,Ilhéus,Unidade de Saúde da Família,Ginecologia,Lombalgia,2025-12-26,Masculino,Urgência,Unimed
1561,Dra. Stella Martins,18,GO,Goiânia,UBS,Oftalmologia,Gastrite,2025-10-08,Feminino,Exame,Particular
1562,Helena Ribeiro,66,SC,Florianópolis,Centro Médico,Clínica Geral,Consulta de rotina,2026-02-12,Feminino,Consulta,Bradesco Saúde
1563,Benicio Almeida,37,BA,Ilhéus,Centro Médico,Cardiologia,Asma,2026-05-18,Masculino,Consulta,Bradesco Saúde
1564,Sr. João Vitor Silveira,66,RJ,Niterói,UBS,Psiquiatria,Ansiedade,2024-12-23,Feminino,Retorno,Particular
1565,Pedro Miguel Albuquerque,60,PE,Caruaru,Unidade de Saúde da Família,Pediatria,Infecção urinária,2026-01-04,Feminino,Consulta,SUS
1566,Srta. Ana Carolina Farias,59,GO,Anápolis,Laboratório,Clínica Geral,Gastrite,2026-06-09,Feminino,Consulta,Bradesco Saúde
1567,Luiz Henrique Sales,2,PE,Recife,Clínica Particular,Ginecologia,Gastrite,2026-02-18,Masculino,Urgência,SUS
1568,Elisa Rezende,69,GO,Anápolis,Unidade de Saúde da Família,Ortopedia,Colesterol elevado,2025-01-25,Feminino,Retorno,SUS
1569,Carlos Eduardo Montenegro,40,MG,Uberlândia,UPA,Cardiologia,Hipertensão,2025-04-17,Masculino,Retorno,Bradesco Saúde
1570,Maria Flor Duarte,42,BA,Salvador,Centro Médico,Ortopedia,Infecção urinária,2024-02-22,Masculino,Retorno,Unimed
1571,Sara da Cunha,35,MG,Contagem,Clínica Particular,Ortopedia,Colesterol elevado,2024-09-22,Feminino,Consulta,SUS
1572,Emanuella Pereira,49,CE,Fortaleza,Hospital,Neurologia,Dermatite,2026-01-19,Masculino,Exame,Particular
1573,Agatha da Rocha,52,CE,Sobral,Clínica Particular,Ortopedia,Colesterol elevado,2024-12-21,Feminino,Consulta,Particular
1574,Letícia Rezende,21,MG,Belo Horizonte,Clínica Particular,Cardiologia,Alergia,2026-07-23,Feminino,Urgência,Amil
1575,João Miguel Barbosa,12,PR,Londrina,Centro Médico,Neurologia,Enxaqueca,2024-07-27,Masculino,Exame,Particular
1576,Letícia Câmara,54,SP,Ribeirão Preto,Laboratório,Cardiologia,Lombalgia,2024-11-27,Feminino,Urgência,Particular
1577,Rafael da Conceição,30,PE,Caruaru,UBS,Oftalmologia,Ansiedade,2025-04-07,Feminino,Consulta,Unimed
1578,Elisa Câmara,19,BA,Salvador,Clínica Particular,Pediatria,Consulta de rotina,2024-09-23,Masculino,Retorno,Bradesco Saúde
1579,Mariana da Rosa,89,MG,Uberlândia,Unidade de Saúde da Família,Clínica Geral,Hipertensão,2023-12-27,Masculino,Urgência,Unimed
1580,Camila Costa,21,GO,Rio Verde,Laboratório,Pediatria,Infecção respiratória,2026-04-01,Masculino,Retorno,Unimed
1581,João Lucas Correia,4,RJ,Niterói,Unidade de Saúde da Família,Ortopedia,Enxaqueca,2026-07-18,Feminino,Urgência,Unimed
1582,Bruna Aparecida,4,GO,Anápolis,Hospital,Ginecologia,Hipertensão,2024-10-15,Feminino,Consulta,SulAmérica
1583,Alexandre Leão,6,MG,Contagem,Laboratório,Psiquiatria,Asma,2024-06-17,Masculino,Retorno,Particular
1584,Erick Vargas,29,SP,Santos,UBS,Oftalmologia,Diabetes,2024-10-28,Masculino,Exame,Amil
1585,Ana Liz Santos,18,PE,Petrolina,Hospital,Dermatologia,Alergia,2024-06-09,Feminino,Urgência,SUS
1586,Cecilia Gonçalves,79,BA,Vitória da Conquista,UBS,Neurologia,Alergia,2024-09-10,Masculino,Retorno,SUS
1587,Davi Lucca Caldeira,19,SC,Joinville,Clínica Particular,Cardiologia,Asma,2023-12-13,Masculino,Exame,Unimed
1588,Carlos Eduardo Jesus,32,GO,Goiânia,Clínica Particular,Dermatologia,Infecção respiratória,2024-02-14,Feminino,Urgência,SulAmérica
1589,Cauã Correia,17,CE,Juazeiro do Norte,Centro Médico,Oftalmologia,Lombalgia,2025-08-20,Masculino,Consulta,SulAmérica
1590,Oliver Pinto,26,PE,Recife,UPA,Clínica Geral,Infecção respiratória,2025-11-17,Masculino,Retorno,SUS
1591,João Felipe Garcia,2,PE,Caruaru,Unidade de Saúde da Família,Neurologia,Dermatite,2025-05-08,Feminino,Retorno,SulAmérica
1592,Pedro Camargo,58,GO,Rio Verde,Clínica Particular,Neurologia,Consulta de rotina,2024-01-31,Feminino,Exame,Particular
1593,Rafaela Santos,44,RS,Pelotas,UPA,Dermatologia,Lombalgia,2025-06-21,Feminino,Exame,SulAmérica
1594,Sra. Ana Liz da Costa,67,RJ,Petrópolis,Pronto-Socorro,Cardiologia,Colesterol elevado,2026-06-13,Feminino,Exame,SulAmérica
1595,Samuel Carvalho,17,SP,São José dos Campos,UBS,Ortopedia,Alergia,2024-05-22,Masculino,Consulta,Bradesco Saúde
1596,José Pedro Lima,45,RS,Caxias do Sul,Pronto-Socorro,Neurologia,Gastrite,2024-06-22,Masculino,Retorno,Amil
1597,Srta. Maria Julia Alves,19,SC,Joinville,Clínica Particular,Clínica Geral,Dor abdominal,2025-10-31,Feminino,Retorno,Bradesco Saúde
1598,Francisco Machado,69,SC,Florianópolis,Centro Médico,Endocrinologia,Dor abdominal,2024-10-06,Masculino,Urgência,SUS
1599,Luiz Gustavo Araújo,82,RJ,Niterói,Clínica Particular,Pediatria,Artrite,2023-09-02,Feminino,Retorno,Unimed
1600,Benicio Souza,38,SP,Ribeirão Preto,Laboratório,Endocrinologia,Gastrite,2026-04-21,Feminino,Exame,Unimed
1601,Nicolas Alves,1,MG,Juiz de Fora,UBS,Dermatologia,Asma,2026-03-04,Feminino,Retorno,SulAmérica
1602,Dr. Henry da Rosa,8,GO,Goiânia,Laboratório,Pediatria,Infecção respiratória,2024-12-07,Feminino,Retorno,SUS
1603,Sr. Matteo da Cruz,83,PE,Olinda,Laboratório,Oftalmologia,Consulta de rotina,2025-09-26,Masculino,Retorno,Unimed
1604,Noah Barros,36,RJ,Niterói,UPA,Oftalmologia,Diabetes,2025-02-22,Masculino,Retorno,Amil
1605,Melina Peixoto,42,MG,Juiz de Fora,Hospital,Cardiologia,Artrite,2025-08-09,Feminino,Consulta,SulAmérica
1606,Lorenzo Monteiro,30,GO,Rio Verde,Unidade de Saúde da Família,Dermatologia,Dermatite,2024-11-24,Masculino,Exame,SUS
1607,João Vitor Fonseca,35,RJ,Petrópolis,Hospital,Oftalmologia,Dermatite,2025-11-29,Feminino,Consulta,SulAmérica
1608,Dra. Mariana Sousa,75,CE,Sobral,UPA,Neurologia,Colesterol elevado,2025-07-16,Feminino,Retorno,Bradesco Saúde
1609,Ana Cecília Caldeira,94,RJ,Rio de Janeiro,Centro Médico,Ortopedia,Dermatite,2025-06-17,Feminino,Exame,Amil
1610,Dr. Matteo Moraes,36,SP,São Paulo,Pronto-Socorro,Dermatologia,Infecção urinária,2025-01-25,Feminino,Exame,SulAmérica
1611,Sra. Maria Júlia Machado,11,RS,Pelotas,Hospital,Cardiologia,Asma,2025-08-15,Feminino,Retorno,Bradesco Saúde
1612,Stephany Lopes,76,CE,Caucaia,Laboratório,Dermatologia,Diabetes,2025-05-31,Feminino,Exame,Bradesco Saúde
1613,Thiago da Cruz,6,SC,Chapecó,UBS,Psiquiatria,Dermatite,2025-01-21,Masculino,Consulta,Particular
1614,Agatha Nogueira,75,PR,Maringá,Laboratório,Oftalmologia,Asma,2024-01-12,Masculino,Urgência,SulAmérica
1615,Ana Liz Costa,74,CE,Sobral,Hospital,Oftalmologia,Dermatite,2025-06-03,Feminino,Consulta,SUS
1616,Isaac Abreu,4,GO,Aparecida de Goiânia,Centro Médico,Cardiologia,Enxaqueca,2023-11-19,Feminino,Consulta,SulAmérica
1617,Dra. Lara das Neves,46,CE,Juazeiro do Norte,Centro Médico,Ginecologia,Dor abdominal,2024-10-28,Feminino,Exame,Particular
1618,Caio Porto,90,BA,Ilhéus,Pronto-Socorro,Pediatria,Dor abdominal,2023-09-08,Feminino,Exame,Unimed
1619,Evelyn Cardoso,12,MG,Contagem,Centro Médico,Ginecologia,Consulta de rotina,2026-07-30,Masculino,Urgência,Unimed
1620,Melina Souza,82,RJ,Rio de Janeiro,Laboratório,Ginecologia,Consulta de rotina,2023-11-11,Feminino,Retorno,Amil
1621,Juliana Rodrigues,91,PR,Maringá,Unidade de Saúde da Família,Ginecologia,Lombalgia,2026-02-27,Feminino,Urgência,SUS
1622,Eloah Machado,3,MG,Juiz de Fora,UBS,Ortopedia,Consulta de rotina,2024-08-01,Feminino,Urgência,Bradesco Saúde
1623,Eduarda Montenegro,51,SC,Joinville,UBS,Ortopedia,Diabetes,2024-08-08,Masculino,Exame,Unimed
1624,Maria Barbosa,69,MG,Juiz de Fora,Centro Médico,Oftalmologia,Infecção respiratória,2023-09-18,Feminino,Consulta,SulAmérica
1625,Milena Sousa,42,RS,Porto Alegre,Clínica Particular,Neurologia,Dermatite,2024-08-21,Masculino,Retorno,Bradesco Saúde
1626,Henry Gabriel Brito,4,MG,Juiz de Fora,Unidade de Saúde da Família,Ortopedia,Dermatite,2026-07-30,Masculino,Retorno,SUS
1627,Dr. Guilherme Moraes,19,CE,Caucaia,Hospital,Dermatologia,Dor abdominal,2026-04-23,Masculino,Exame,Amil
1628,Cecília da Luz,53,PE,Olinda,UPA,Endocrinologia,Consulta de rotina,2025-06-03,Feminino,Exame,SulAmérica
1629,Lucas Fonseca,34,RS,Pelotas,Laboratório,Ginecologia,Lombalgia,2023-11-07,Masculino,Urgência,Bradesco Saúde
1630,Francisco Guerra,89,BA,Salvador,UPA,Ginecologia,Dermatite,2025-06-12,Masculino,Retorno,Particular
1631,Caroline Sousa,69,SC,Chapecó,Centro Médico,Cardiologia,Colesterol elevado,2024-05-11,Masculino,Urgência,SulAmérica
1632,Alexandre Marques,60,SC,Joinville,Pronto-Socorro,Psiquiatria,Dermatite,2024-08-23,Masculino,Exame,Bradesco Saúde
1633,Pedro Teixeira,76,CE,Sobral,Laboratório,Cardiologia,Infecção respiratória,2024-01-11,Masculino,Exame,Bradesco Saúde
1634,Carlos Eduardo Marques,62,SP,Santos,UPA,Cardiologia,Infecção urinária,2024-11-22,Feminino,Consulta,SulAmérica
1635,Kaique Melo,94,RS,Pelotas,Hospital,Psiquiatria,Alergia,2024-11-14,Feminino,Retorno,Amil
1636,Juliana Gomes,40,PR,Cascavel,Pronto-Socorro,Ginecologia,Dor abdominal,2024-03-29,Feminino,Retorno,Bradesco Saúde
1637,João Cassiano,1,GO,Anápolis,Hospital,Ginecologia,Consulta de rotina,2025-08-04,Masculino,Consulta,Bradesco Saúde
1638,Benicio Oliveira,94,RJ,Volta Redonda,UPA,Ortopedia,Dor abdominal,2026-01-25,Masculino,Retorno,Particular
1639,Sr. Pedro Lucas Camargo,43,CE,Fortaleza,UBS,Cardiologia,Gastrite,2024-06-04,Feminino,Exame,Amil
1640,Erick Ribeiro,44,CE,Caucaia,UPA,Cardiologia,Enxaqueca,2023-10-22,Feminino,Retorno,SulAmérica
1641,José Miguel Novais,64,PE,Caruaru,UBS,Pediatria,Enxaqueca,2024-07-04,Feminino,Retorno,SUS
1642,Marcelo da Cunha,44,BA,Salvador,Unidade de Saúde da Família,Cardiologia,Artrite,2025-04-10,Feminino,Consulta,Bradesco Saúde
1643,Brenda Nunes,8,SP,São José dos Campos,Centro Médico,Cardiologia,Infecção respiratória,2026-03-02,Masculino,Consulta,Particular
1644,Sr. Matheus Andrade,40,BA,Ilhéus,Hospital,Psiquiatria,Consulta de rotina,2024-03-06,Feminino,Consulta,SUS
1645,Ana Júlia Borges,24,PR,Cascavel,Clínica Particular,Ginecologia,Diabetes,2024-07-24,Masculino,Urgência,Bradesco Saúde
1646,Guilherme Pimenta,91,MG,Contagem,UPA,Endocrinologia,Infecção respiratória,2026-03-18,Feminino,Consulta,Bradesco Saúde
1647,Ayla Moraes,16,SP,São José dos Campos,Pronto-Socorro,Dermatologia,Diabetes,2025-07-15,Feminino,Retorno,Bradesco Saúde
1648,Luiza Rezende,13,SC,Joinville,Unidade de Saúde da Família,Ortopedia,Consulta de rotina,2025-02-16,Masculino,Urgência,Amil
1649,Juan Aparecida,58,SC,Chapecó,UBS,Endocrinologia,Diabetes,2025-07-25,Feminino,Retorno,Unimed
1650,Luara Pereira,63,MG,Uberlândia,Clínica Particular,Oftalmologia,Hipertensão,2025-02-23,Feminino,Consulta,Amil
1651,Asafe Sales,67,GO,Goiânia,UBS,Ginecologia,Ansiedade,2023-12-24,Feminino,Retorno,Unimed
1652,Isadora Novais,58,BA,Feira de Santana,Clínica Particular,Dermatologia,Infecção urinária,2026-02-21,Feminino,Exame,Amil
1653,Srta. Amanda Lima,63,PE,Recife,Hospital,Neurologia,Diabetes,2025-11-19,Feminino,Exame,Bradesco Saúde
1654,Otto Gomes,64,PE,Caruaru,Pronto-Socorro,Clínica Geral,Artrite,2026-04-06,Masculino,Retorno,Particular
1655,Sra. Lívia da Rocha,83,RS,Caxias do Sul,Centro Médico,Clínica Geral,Artrite,2024-08-19,Masculino,Consulta,Unimed
1656,Juliana Vasconcelos,46,PE,Olinda,Hospital,Oftalmologia,Asma,2025-04-22,Masculino,Urgência,SulAmérica
1657,Isadora Carvalho,13,SP,Campinas,Unidade de Saúde da Família,Pediatria,Ansiedade,2025-02-21,Masculino,Urgência,Particular
1658,Sra. Maysa Cassiano,27,PR,Cascavel,Hospital,Clínica Geral,Ansiedade,2026-06-24,Feminino,Retorno,SulAmérica
1659,Josué da Paz,1,RJ,Petrópolis,Clínica Particular,Ginecologia,Infecção respiratória,2023-09-26,Feminino,Retorno,Unimed
1660,Dr. Thiago Campos,20,PE,Recife,UPA,Psiquiatria,Dor abdominal,2025-11-22,Feminino,Exame,SulAmérica
1661,Davi Pimenta,27,GO,Anápolis,Pronto-Socorro,Oftalmologia,Asma,2025-05-21,Masculino,Exame,Amil
1662,Sr. Matteo Dias,25,PE,Caruaru,Unidade de Saúde da Família,Dermatologia,Consulta de rotina,2025-07-30,Masculino,Exame,Particular
1663,Antony Souza,85,CE,Caucaia,Clínica Particular,Cardiologia,Infecção urinária,2026-01-21,Masculino,Consulta,SUS
1664,Dr. José Rodrigues,24,CE,Fortaleza,Centro Médico,Pediatria,Asma,2023-10-19,Feminino,Exame,Unimed
1665,Maria Júlia da Paz,37,SC,Blumenau,Pronto-Socorro,Cardiologia,Colesterol elevado,2023-10-24,Masculino,Exame,SUS
1666,Davi Lucas Cavalcanti,26,RJ,Volta Redonda,UPA,Endocrinologia,Hipertensão,2024-05-17,Feminino,Exame,Particular
1667,Alexia Pereira,5,RJ,Niterói,Laboratório,Pediatria,Diabetes,2025-10-30,Masculino,Retorno,Amil
1668,Luísa Ferreira,57,GO,Anápolis,UPA,Neurologia,Consulta de rotina,2024-07-31,Masculino,Retorno,SUS
1669,Ágatha Rodrigues,73,BA,Salvador,Hospital,Pediatria,Lombalgia,2024-09-16,Feminino,Retorno,Unimed
1670,Dra. Júlia Borges,83,CE,Caucaia,Hospital,Oftalmologia,Gastrite,2026-03-06,Masculino,Urgência,Bradesco Saúde
1671,Dr. Cauã Pastor,24,RJ,Niterói,Clínica Particular,Ginecologia,Infecção urinária,2026-01-04,Feminino,Consulta,Amil
1672,Vinicius Campos,78,RJ,Niterói,Pronto-Socorro,Endocrinologia,Infecção respiratória,2025-10-20,Masculino,Urgência,Particular
1673,João Lucas da Luz,53,RJ,Rio de Janeiro,Hospital,Psiquiatria,Asma,2024-12-08,Masculino,Urgência,Unimed
1674,Pedro Lucas Dias,14,SP,Campinas,Clínica Particular,Clínica Geral,Gastrite,2024-04-26,Masculino,Consulta,Amil
1675,Camila Mendonça,29,GO,Goiânia,Hospital,Psiquiatria,Artrite,2024-04-21,Masculino,Consulta,SulAmérica
1676,Isabela Ferreira,37,CE,Sobral,Laboratório,Neurologia,Ansiedade,2023-10-25,Masculino,Exame,Bradesco Saúde
1677,Henrique Melo,82,RS,Pelotas,Unidade de Saúde da Família,Neurologia,Ansiedade,2025-05-12,Masculino,Exame,Bradesco Saúde
1678,Alana Viana,19,BA,Feira de Santana,Pronto-Socorro,Pediatria,Gastrite,2023-09-10,Feminino,Retorno,Unimed
1679,Dr. Anthony Gonçalves,39,SP,Ribeirão Preto,UPA,Clínica Geral,Alergia,2025-08-12,Feminino,Retorno,Amil
1680,Dr. Dante Ribeiro,27,MG,Juiz de Fora,Laboratório,Oftalmologia,Ansiedade,2025-01-26,Feminino,Exame,SulAmérica
1681,Luiz Gustavo Barros,50,CE,Sobral,Unidade de Saúde da Família,Ginecologia,Lombalgia,2024-01-26,Feminino,Exame,SUS
1682,Maria Júlia Melo,32,SC,Joinville,Clínica Particular,Ortopedia,Consulta de rotina,2025-08-16,Masculino,Urgência,Amil
1683,Cecília Costela,48,SC,Chapecó,Pronto-Socorro,Ortopedia,Gastrite,2025-10-21,Masculino,Exame,Particular
1684,Enzo Freitas,39,SC,Chapecó,Laboratório,Clínica Geral,Dor abdominal,2026-02-27,Masculino,Urgência,Bradesco Saúde
1685,Maria da Cunha,67,MG,Contagem,Laboratório,Pediatria,Alergia,2024-08-01,Masculino,Retorno,Amil
1686,Sr. Lucas Leão,35,GO,Aparecida de Goiânia,UPA,Oftalmologia,Consulta de rotina,2024-02-29,Masculino,Retorno,Amil
1687,Cecilia Sales,32,BA,Ilhéus,UPA,Neurologia,Lombalgia,2025-05-16,Masculino,Consulta,Particular
1688,Francisco Pereira,2,RJ,Rio de Janeiro,Hospital,Ginecologia,Dermatite,2024-09-17,Masculino,Urgência,Unimed
1689,Enzo Gabriel Pastor,28,PR,Londrina,Pronto-Socorro,Cardiologia,Lombalgia,2025-08-30,Feminino,Exame,Amil
1690,Clarice Fogaça,38,BA,Feira de Santana,Pronto-Socorro,Cardiologia,Colesterol elevado,2026-04-14,Masculino,Retorno,SUS
1691,Danilo Camargo,69,PE,Recife,Laboratório,Pediatria,Artrite,2023-09-06,Feminino,Urgência,SulAmérica
1692,Sarah Marques,85,PR,Curitiba,UPA,Neurologia,Diabetes,2026-04-12,Masculino,Retorno,Amil
1693,Igor Moreira,62,CE,Sobral,UPA,Clínica Geral,Consulta de rotina,2024-02-07,Feminino,Exame,Bradesco Saúde
1694,Dr. Antônio Gomes,58,GO,Aparecida de Goiânia,Hospital,Neurologia,Infecção urinária,2026-03-02,Feminino,Urgência,Particular
1695,Isaque Almeida,23,BA,Salvador,UPA,Psiquiatria,Enxaqueca,2026-03-01,Feminino,Retorno,Particular
1696,Dr. Nicolas Moura,38,PR,Maringá,UBS,Ginecologia,Consulta de rotina,2023-09-23,Feminino,Consulta,Bradesco Saúde
1697,Sr. Gustavo Henrique Santos,22,GO,Rio Verde,Centro Médico,Dermatologia,Dor abdominal,2025-12-08,Feminino,Consulta,Amil
1698,Fernanda Cavalcante,7,BA,Feira de Santana,Clínica Particular,Dermatologia,Enxaqueca,2025-11-08,Feminino,Exame,Unimed
1699,Bella Borges,85,SP,Santos,Unidade de Saúde da Família,Cardiologia,Lombalgia,2025-04-15,Masculino,Retorno,Bradesco Saúde
1700,Sr. Benjamim Guerra,3,SP,São José dos Campos,Pronto-Socorro,Oftalmologia,Dor abdominal,2025-03-10,Feminino,Exame,Amil
1701,Heloísa Rios,90,SP,Santos,Laboratório,Ginecologia,Lombalgia,2024-05-27,Feminino,Exame,SulAmérica
1702,Anna Liz da Rosa,45,BA,Feira de Santana,Pronto-Socorro,Endocrinologia,Dor abdominal,2024-03-12,Feminino,Urgência,Unimed
1703,Heloisa da Costa,86,RJ,Volta Redonda,UBS,Ginecologia,Dermatite,2026-03-09,Masculino,Consulta,SUS
1704,Bianca Casa Grande,10,RJ,Niterói,UPA,Ginecologia,Diabetes,2024-09-14,Masculino,Retorno,Particular
1705,Luan Câmara,93,RJ,Rio de Janeiro,Hospital,Ginecologia,Dermatite,2024-04-08,Masculino,Retorno,Bradesco Saúde
1706,Letícia Brito,86,CE,Juazeiro do Norte,UBS,Psiquiatria,Diabetes,2024-10-29,Masculino,Retorno,SUS
1707,Sra. Pietra Almeida,12,RJ,Niterói,UBS,Clínica Geral,Gastrite,2026-01-27,Masculino,Retorno,Particular
1708,Zoe Rezende,42,RJ,Volta Redonda,Clínica Particular,Neurologia,Dermatite,2026-04-14,Masculino,Exame,Bradesco Saúde
1709,José Miguel da Rosa,37,MG,Contagem,Hospital,Neurologia,Infecção respiratória,2026-07-04,Masculino,Consulta,SUS
1710,Eloá Ribeiro,19,PR,Maringá,Clínica Particular,Cardiologia,Asma,2024-07-11,Masculino,Retorno,SUS
1711,Cauã Ribeiro,21,BA,Feira de Santana,Laboratório,Psiquiatria,Enxaqueca,2026-02-21,Feminino,Urgência,SUS
1712,Dra. Fernanda Cunha,45,PE,Caruaru,Clínica Particular,Endocrinologia,Hipertensão,2024-06-10,Feminino,Urgência,SUS
1713,Srta. Ana Cecília Jesus,9,RJ,Rio de Janeiro,Unidade de Saúde da Família,Ginecologia,Ansiedade,2025-09-07,Masculino,Exame,Particular
1714,Maria Clara da Paz,87,CE,Fortaleza,UBS,Ginecologia,Consulta de rotina,2023-12-24,Feminino,Consulta,Bradesco Saúde
1715,Vinícius Carvalho,58,RS,Pelotas,Centro Médico,Neurologia,Lombalgia,2024-04-15,Feminino,Urgência,Amil
1716,Ryan Souza,30,BA,Feira de Santana,UPA,Clínica Geral,Asma,2023-11-24,Feminino,Exame,Amil
1717,Gabriel Nunes,52,CE,Juazeiro do Norte,Unidade de Saúde da Família,Neurologia,Alergia,2025-04-20,Masculino,Retorno,SulAmérica
1718,Aurora Moura,4,PE,Petrolina,UPA,Ginecologia,Gastrite,2024-08-25,Masculino,Exame,Unimed
1719,Yuri Macedo,85,SP,Ribeirão Preto,UPA,Pediatria,Consulta de rotina,2024-01-06,Masculino,Retorno,Particular
1720,Alexandre Ribeiro,61,SP,Ribeirão Preto,UPA,Dermatologia,Lombalgia,2025-09-09,Masculino,Consulta,Amil
1721,Ravy Pimenta,39,PE,Olinda,Pronto-Socorro,Ortopedia,Dor abdominal,2024-12-17,Feminino,Exame,Amil
1722,Gabriela Rezende,63,PE,Olinda,Hospital,Ginecologia,Diabetes,2024-09-30,Masculino,Urgência,SulAmérica
1723,Emanuel das Neves,19,CE,Juazeiro do Norte,Clínica Particular,Endocrinologia,Alergia,2025-10-19,Masculino,Exame,Amil
1724,Ana Vitória Gonçalves,81,SP,Santos,UPA,Ginecologia,Infecção urinária,2025-07-25,Feminino,Exame,Bradesco Saúde
1725,Maria Eduarda Aparecida,68,RJ,Niterói,Pronto-Socorro,Ginecologia,Asma,2025-07-19,Feminino,Retorno,Unimed
1726,Théo da Mota,9,GO,Rio Verde,Hospital,Neurologia,Lombalgia,2026-03-18,Feminino,Retorno,SUS
1727,Diogo da Costa,41,BA,Feira de Santana,Unidade de Saúde da Família,Dermatologia,Artrite,2025-06-09,Feminino,Urgência,SulAmérica
1728,Kaique Vargas,42,PR,Londrina,Clínica Particular,Psiquiatria,Consulta de rotina,2025-01-10,Masculino,Retorno,Amil
1729,Benício Nascimento,3,GO,Rio Verde,Centro Médico,Endocrinologia,Ansiedade,2023-08-20,Masculino,Exame,SUS
1730,Paulo Aparecida,11,GO,Anápolis,Unidade de Saúde da Família,Neurologia,Consulta de rotina,2023-11-23,Feminino,Consulta,Amil
1731,Guilherme Garcia,36,PE,Olinda,UPA,Ginecologia,Dermatite,2025-10-12,Masculino,Exame,SUS
1732,Lunna Brito,42,PR,Curitiba,Centro Médico,Psiquiatria,Alergia,2023-12-06,Masculino,Urgência,Unimed
1733,Cecilia Oliveira,78,CE,Juazeiro do Norte,Clínica Particular,Ortopedia,Ansiedade,2024-07-23,Masculino,Urgência,SulAmérica
1734,Calebe Nascimento,68,SP,Campinas,Pronto-Socorro,Ortopedia,Colesterol elevado,2025-10-29,Feminino,Exame,SulAmérica
1735,Dra. Bárbara Farias,34,SP,Santos,Clínica Particular,Pediatria,Enxaqueca,2024-10-12,Masculino,Consulta,SulAmérica
1736,Ana Moura,48,PE,Recife,Unidade de Saúde da Família,Pediatria,Alergia,2023-11-12,Feminino,Retorno,Bradesco Saúde
1737,Sra. Larissa Pinto,14,CE,Juazeiro do Norte,Pronto-Socorro,Neurologia,Enxaqueca,2023-11-25,Masculino,Exame,Unimed
1738,Matheus Peixoto,42,MG,Uberlândia,Hospital,Cardiologia,Hipertensão,2025-03-20,Feminino,Exame,Unimed
1739,Enzo Martins,93,MG,Juiz de Fora,Laboratório,Endocrinologia,Hipertensão,2026-08-12,Feminino,Urgência,Amil
1740,Maria Helena Cardoso,79,MG,Juiz de Fora,Hospital,Dermatologia,Lombalgia,2025-12-02,Masculino,Consulta,SulAmérica
1741,Thales Albuquerque,9,MG,Contagem,UBS,Pediatria,Infecção respiratória,2024-08-06,Masculino,Retorno,SulAmérica
1742,Sr. Francisco da Paz,47,PR,Curitiba,Centro Médico,Ginecologia,Diabetes,2023-08-29,Feminino,Urgência,Particular
1743,Sr. Lucca Correia,70,CE,Sobral,Hospital,Endocrinologia,Gastrite,2025-05-16,Feminino,Retorno,Bradesco Saúde
1744,Dra. Lavínia Viana,58,RJ,Niterói,UPA,Cardiologia,Colesterol elevado,2024-11-11,Feminino,Retorno,SUS
1745,Giovanna Martins,4,SP,São José dos Campos,Hospital,Ortopedia,Alergia,2025-11-08,Masculino,Consulta,SUS
1746,Rafaela Pacheco,18,PR,Londrina,Centro Médico,Ginecologia,Gastrite,2025-02-06,Feminino,Consulta,Bradesco Saúde
1747,Larissa Machado,4,RS,Santa Maria,Laboratório,Endocrinologia,Diabetes,2025-05-28,Masculino,Retorno,Bradesco Saúde
1748,Mateus Novais,30,SP,Campinas,Unidade de Saúde da Família,Clínica Geral,Lombalgia,2025-02-25,Masculino,Urgência,Bradesco Saúde
1749,Davi Ribeiro,28,MG,Contagem,UPA,Endocrinologia,Hipertensão,2023-11-23,Feminino,Urgência,Bradesco Saúde
1750,Dante Barbosa,21,BA,Ilhéus,Clínica Particular,Psiquiatria,Enxaqueca,2024-02-29,Feminino,Retorno,Unimed
1751,Ana Carolina Rodrigues,16,RS,Santa Maria,Pronto-Socorro,Neurologia,Hipertensão,2025-10-27,Feminino,Exame,SUS
1752,José Miguel Castro,6,MG,Belo Horizonte,Laboratório,Cardiologia,Asma,2025-03-23,Masculino,Retorno,Bradesco Saúde
1753,Srta. Agatha Rezende,76,RS,Caxias do Sul,Pronto-Socorro,Ginecologia,Alergia,2026-06-15,Masculino,Retorno,Bradesco Saúde
1754,Mariana Rios,66,RS,Caxias do Sul,Hospital,Dermatologia,Hipertensão,2024-03-09,Masculino,Retorno,Unimed
1755,Thales Leão,93,PR,Cascavel,Laboratório,Ginecologia,Alergia,2025-11-01,Feminino,Retorno,Amil
1756,Otto Farias,86,CE,Juazeiro do Norte,Clínica Particular,Cardiologia,Consulta de rotina,2025-03-24,Masculino,Consulta,Particular
1757,Sra. Camila Nunes,2,GO,Goiânia,Pronto-Socorro,Clínica Geral,Enxaqueca,2024-10-08,Feminino,Exame,SulAmérica
1758,Mateus Costa,13,GO,Aparecida de Goiânia,Hospital,Ginecologia,Dor abdominal,2025-11-17,Masculino,Exame,SulAmérica
1759,Ana Lívia Cavalcante,36,BA,Salvador,Laboratório,Clínica Geral,Enxaqueca,2024-04-18,Masculino,Consulta,Unimed
1760,José Miguel da Paz,59,MG,Juiz de Fora,Clínica Particular,Cardiologia,Ansiedade,2026-02-07,Masculino,Exame,SUS
1761,Calebe Fonseca,12,SP,São Paulo,Clínica Particular,Neurologia,Dermatite,2023-08-27,Feminino,Urgência,Particular
1762,Sr. Matheus Vargas,9,GO,Rio Verde,UPA,Ortopedia,Diabetes,2023-11-23,Feminino,Exame,Particular
1763,Rafaela da Mata,56,SP,Ribeirão Preto,Unidade de Saúde da Família,Oftalmologia,Infecção respiratória,2024-09-30,Masculino,Consulta,SulAmérica
1764,Samuel da Rosa,91,RJ,Petrópolis,Pronto-Socorro,Neurologia,Dor abdominal,2025-05-09,Feminino,Consulta,SulAmérica
1765,Anthony Costela,31,RS,Caxias do Sul,Unidade de Saúde da Família,Clínica Geral,Infecção urinária,2024-08-16,Masculino,Exame,Bradesco Saúde
1766,Gael Henrique Araújo,92,CE,Caucaia,Hospital,Dermatologia,Lombalgia,2026-05-26,Masculino,Urgência,Amil
1767,Benicio Aparecida,48,CE,Caucaia,Centro Médico,Endocrinologia,Artrite,2025-07-13,Masculino,Urgência,SulAmérica
1768,Olivia Machado,23,BA,Ilhéus,Laboratório,Ginecologia,Alergia,2026-03-16,Feminino,Urgência,SUS
1769,Theodoro Almeida,47,CE,Sobral,Laboratório,Cardiologia,Consulta de rotina,2026-01-06,Feminino,Retorno,Unimed
1770,Bernardo Macedo,58,BA,Ilhéus,UPA,Clínica Geral,Lombalgia,2025-11-03,Masculino,Urgência,Bradesco Saúde
1771,Isaac Moraes,27,MG,Uberlândia,Laboratório,Cardiologia,Dermatite,2026-01-16,Feminino,Consulta,Bradesco Saúde
1772,Ana Carolina Ramos,67,SC,Florianópolis,UBS,Psiquiatria,Hipertensão,2025-07-29,Feminino,Retorno,SulAmérica
1773,Rafael Melo,63,PR,Maringá,UBS,Ginecologia,Asma,2025-02-27,Feminino,Exame,Bradesco Saúde
1774,Lavínia Brito,74,PE,Olinda,Centro Médico,Oftalmologia,Asma,2023-08-27,Masculino,Retorno,SulAmérica
1775,João Gonçalves,89,CE,Caucaia,Clínica Particular,Clínica Geral,Ansiedade,2026-07-31,Masculino,Exame,SUS
1776,Aylla Jesus,31,RJ,Petrópolis,Laboratório,Dermatologia,Dermatite,2026-03-16,Masculino,Consulta,SUS
1777,Lorenzo Aparecida,4,SP,São Paulo,Pronto-Socorro,Cardiologia,Dor abdominal,2024-03-16,Masculino,Consulta,Particular
1778,Júlia da Paz,16,RS,Santa Maria,Laboratório,Ginecologia,Infecção urinária,2024-02-22,Feminino,Consulta,SulAmérica
1779,Oliver Gonçalves,44,GO,Anápolis,Laboratório,Ginecologia,Dor abdominal,2025-04-27,Feminino,Exame,Bradesco Saúde
1780,Melissa Sales,82,GO,Rio Verde,Hospital,Neurologia,Hipertensão,2024-02-05,Feminino,Urgência,Unimed
1781,Gael Henrique Pacheco,90,SP,Santos,Unidade de Saúde da Família,Oftalmologia,Colesterol elevado,2024-11-06,Masculino,Exame,SulAmérica
1782,Maria Luiza Camargo,88,GO,Anápolis,Unidade de Saúde da Família,Clínica Geral,Gastrite,2026-05-19,Masculino,Exame,Particular
1783,Jade Montenegro,70,CE,Juazeiro do Norte,UBS,Cardiologia,Dor abdominal,2025-03-31,Masculino,Exame,Amil
1784,Ayla da Rosa,78,BA,Feira de Santana,Unidade de Saúde da Família,Clínica Geral,Lombalgia,2025-09-04,Feminino,Exame,SUS
1785,Antônio Borges,13,GO,Rio Verde,Hospital,Pediatria,Consulta de rotina,2025-12-29,Masculino,Exame,Particular
1786,Valentina Fogaça,60,SC,Joinville,Pronto-Socorro,Psiquiatria,Gastrite,2023-09-16,Masculino,Urgência,Bradesco Saúde
1787,Pietro da Rosa,23,RJ,Volta Redonda,Unidade de Saúde da Família,Dermatologia,Dermatite,2024-07-08,Masculino,Consulta,Unimed
1788,Liz Machado,55,GO,Anápolis,UBS,Pediatria,Dermatite,2026-01-09,Masculino,Retorno,Amil
1789,Dr. Enzo Oliveira,1,CE,Caucaia,Laboratório,Pediatria,Colesterol elevado,2025-09-16,Feminino,Consulta,Unimed
1790,Maria Fernanda Siqueira,44,MG,Uberlândia,Unidade de Saúde da Família,Ortopedia,Asma,2025-01-31,Feminino,Consulta,Particular
1791,João Carvalho,17,MG,Uberlândia,Hospital,Neurologia,Alergia,2024-11-17,Feminino,Exame,Particular
1792,Danilo Monteiro,82,SC,Blumenau,UBS,Oftalmologia,Alergia,2024-11-22,Masculino,Urgência,Amil
1793,José Pedro Ribeiro,9,SC,Chapecó,UBS,Cardiologia,Enxaqueca,2026-07-26,Feminino,Exame,Amil
1794,Dra. Maria Laura Costa,18,SC,Joinville,UBS,Clínica Geral,Infecção respiratória,2024-07-22,Masculino,Retorno,SulAmérica
1795,Maria Cecília Vasconcelos,85,PR,Cascavel,Centro Médico,Endocrinologia,Enxaqueca,2024-04-26,Feminino,Consulta,SulAmérica
1796,Marcela Caldeira,15,MG,Contagem,Hospital,Ortopedia,Dor abdominal,2024-02-27,Masculino,Urgência,SUS
1797,Luiz Felipe Casa Grande,48,PE,Recife,Hospital,Endocrinologia,Colesterol elevado,2024-03-20,Masculino,Consulta,Bradesco Saúde
1798,Sr. Danilo Cavalcanti,39,RS,Porto Alegre,UPA,Ginecologia,Ansiedade,2023-10-22,Masculino,Exame,SUS
1799,João Vitor Moreira,62,PR,Cascavel,Unidade de Saúde da Família,Ortopedia,Diabetes,2023-11-26,Masculino,Exame,Bradesco Saúde
1800,Felipe Dias,19,SC,Florianópolis,UPA,Endocrinologia,Infecção respiratória,2026-02-27,Masculino,Exame,Bradesco Saúde
1801,Dra. Ana Beatriz Vargas,32,RJ,Niterói,Laboratório,Ginecologia,Dor abdominal,2024-06-11,Feminino,Exame,Particular
1802,Mariane da Cruz,42,PE,Recife,Laboratório,Clínica Geral,Dor abdominal,2025-01-06,Feminino,Exame,Amil
1803,Henrique da Costa,17,GO,Aparecida de Goiânia,Unidade de Saúde da Família,Psiquiatria,Colesterol elevado,2024-11-07,Feminino,Retorno,SUS
1804,Rafaela Rezende,64,GO,Anápolis,UBS,Oftalmologia,Consulta de rotina,2025-12-22,Masculino,Exame,Particular
1805,Benicio Novais,91,SC,Florianópolis,UPA,Clínica Geral,Lombalgia,2025-12-12,Feminino,Exame,Unimed
1806,Luana Jesus,39,CE,Juazeiro do Norte,Centro Médico,Dermatologia,Dermatite,2024-11-13,Feminino,Exame,Amil
1807,Sr. Theo Santos,61,GO,Aparecida de Goiânia,Centro Médico,Cardiologia,Asma,2023-11-19,Feminino,Urgência,Bradesco Saúde
1808,Maysa Viana,33,SC,Florianópolis,Pronto-Socorro,Dermatologia,Dermatite,2024-07-23,Feminino,Retorno,Unimed
1809,Helena Novais,73,BA,Feira de Santana,Clínica Particular,Ginecologia,Enxaqueca,2026-03-20,Masculino,Urgência,Bradesco Saúde
1810,Dr. Luiz Miguel Abreu,34,PE,Caruaru,Laboratório,Ortopedia,Colesterol elevado,2025-05-07,Masculino,Urgência,SUS
1811,Danilo Sales,27,BA,Vitória da Conquista,Unidade de Saúde da Família,Psiquiatria,Artrite,2025-12-16,Masculino,Consulta,SulAmérica
1812,Theodoro Novaes,27,RS,Caxias do Sul,Centro Médico,Pediatria,Ansiedade,2026-03-05,Feminino,Urgência,SUS
1813,Sr. Josué Machado,92,PE,Petrolina,Pronto-Socorro,Psiquiatria,Alergia,2023-09-01,Feminino,Retorno,Unimed
1814,Mirella Nogueira,33,GO,Goiânia,UBS,Oftalmologia,Dermatite,2025-04-25,Feminino,Consulta,Particular
1815,Bianca Souza,64,PR,Maringá,Unidade de Saúde da Família,Endocrinologia,Consulta de rotina,2026-05-29,Feminino,Exame,SUS
1816,Ágatha Freitas,55,RS,Porto Alegre,Unidade de Saúde da Família,Psiquiatria,Diabetes,2025-01-03,Feminino,Exame,Amil
1817,Mariah Costela,18,BA,Salvador,UPA,Cardiologia,Lombalgia,2025-08-26,Masculino,Consulta,Particular
1818,Maria Luísa Cassiano,71,RS,Porto Alegre,Pronto-Socorro,Pediatria,Colesterol elevado,2025-09-23,Masculino,Exame,SUS
1819,Stephany Sá,8,SP,São José dos Campos,Hospital,Cardiologia,Lombalgia,2024-06-10,Feminino,Urgência,Amil
1820,Sr. Murilo Cirino,29,PR,Londrina,Pronto-Socorro,Endocrinologia,Lombalgia,2026-06-11,Masculino,Retorno,Particular
1821,Arthur Siqueira,29,SC,Blumenau,UPA,Oftalmologia,Dor abdominal,2024-11-29,Masculino,Retorno,Particular
1822,Henrique Pacheco,63,GO,Anápolis,UBS,Cardiologia,Dor abdominal,2025-05-16,Feminino,Retorno,SUS
1823,Davi Luiz Machado,23,CE,Caucaia,Clínica Particular,Dermatologia,Diabetes,2026-03-03,Masculino,Retorno,SulAmérica
1824,Marcelo Pires,75,RS,Santa Maria,Laboratório,Neurologia,Dor abdominal,2024-07-13,Masculino,Consulta,Particular
1825,Marcos Vinicius Alves,57,PE,Petrolina,UPA,Oftalmologia,Dermatite,2026-05-17,Feminino,Consulta,Bradesco Saúde
1826,Maria Liz Pacheco,87,RS,Caxias do Sul,Unidade de Saúde da Família,Oftalmologia,Colesterol elevado,2025-07-07,Feminino,Urgência,Particular
1827,Sofia Moraes,57,CE,Sobral,Clínica Particular,Ginecologia,Infecção respiratória,2025-04-21,Masculino,Exame,SUS
1828,Pietra Vasconcelos,28,PE,Olinda,Centro Médico,Ginecologia,Gastrite,2024-08-07,Feminino,Retorno,SulAmérica
1829,Bento Fogaça,49,RS,Caxias do Sul,Unidade de Saúde da Família,Clínica Geral,Infecção urinária,2024-01-31,Masculino,Consulta,Amil
1830,Brenda Pacheco,74,SP,Ribeirão Preto,Centro Médico,Ginecologia,Gastrite,2023-11-03,Masculino,Exame,Amil
1831,Henry Gabriel Ferreira,12,CE,Sobral,Laboratório,Dermatologia,Lombalgia,2026-07-27,Masculino,Urgência,Unimed
1832,Noah da Paz,21,RS,Santa Maria,UPA,Ortopedia,Dermatite,2023-10-09,Masculino,Consulta,Amil
1833,Nicole Marques,30,BA,Salvador,UBS,Pediatria,Diabetes,2025-08-30,Masculino,Urgência,Particular
1834,Maria Liz Machado,58,SC,Blumenau,UPA,Dermatologia,Infecção respiratória,2024-04-15,Feminino,Urgência,SUS
1835,Ana Laura da Costa,40,PR,Cascavel,UPA,Endocrinologia,Diabetes,2024-12-14,Masculino,Consulta,Bradesco Saúde
1836,José Cavalcanti,84,SP,São José dos Campos,UPA,Dermatologia,Artrite,2024-06-22,Feminino,Exame,SUS
1837,Maria Luísa Lopes,26,PR,Curitiba,UBS,Cardiologia,Colesterol elevado,2026-01-07,Masculino,Urgência,SUS
1838,Isabel Gonçalves,60,SC,Florianópolis,Centro Médico,Pediatria,Infecção respiratória,2024-11-18,Masculino,Retorno,Particular
1839,Maria Laura Castro,35,BA,Feira de Santana,Hospital,Endocrinologia,Artrite,2026-03-28,Masculino,Exame,SUS
1840,Gustavo Henrique Sousa,61,MG,Belo Horizonte,UPA,Pediatria,Dor abdominal,2026-01-20,Feminino,Urgência,Amil
1841,Alice Fonseca,23,PR,Cascavel,UBS,Ortopedia,Infecção respiratória,2025-10-22,Masculino,Consulta,Amil
1842,Larissa Costa,37,MG,Belo Horizonte,Unidade de Saúde da Família,Endocrinologia,Colesterol elevado,2023-08-26,Feminino,Exame,Bradesco Saúde
1843,Yasmin Vieira,68,SC,Chapecó,Unidade de Saúde da Família,Endocrinologia,Lombalgia,2023-12-16,Feminino,Urgência,Bradesco Saúde
1844,Sr. Vitor Gabriel Costa,65,PE,Olinda,Unidade de Saúde da Família,Pediatria,Colesterol elevado,2024-11-21,Masculino,Retorno,Particular
1845,Srta. Maria Isis Borges,39,GO,Anápolis,UBS,Psiquiatria,Ansiedade,2026-02-18,Feminino,Exame,Amil
1846,Pedro Henrique Pinto,4,RS,Pelotas,Centro Médico,Neurologia,Dor abdominal,2025-11-21,Masculino,Retorno,Amil
1847,Isabel Viana,76,MG,Contagem,UPA,Dermatologia,Gastrite,2024-10-08,Masculino,Retorno,Particular
1848,Lucca Guerra,33,PR,Cascavel,Unidade de Saúde da Família,Oftalmologia,Alergia,2024-03-04,Feminino,Urgência,SUS
1849,Joaquim Novaes,54,CE,Caucaia,Hospital,Ortopedia,Infecção respiratória,2023-10-17,Masculino,Urgência,Unimed
1850,Ana Julia Caldeira,60,SP,Santos,Laboratório,Oftalmologia,Diabetes,2024-03-21,Feminino,Urgência,Bradesco Saúde
1851,Vinicius Martins,6,SC,Chapecó,Unidade de Saúde da Família,Cardiologia,Lombalgia,2024-10-31,Feminino,Retorno,Unimed
1852,Maria Eduarda Montenegro,2,SC,Joinville,UBS,Pediatria,Asma,2026-07-23,Feminino,Consulta,Particular
1853,Sarah Almeida,81,SC,Joinville,Centro Médico,Clínica Geral,Alergia,2024-06-17,Feminino,Urgência,Bradesco Saúde
1854,Luiz Fernando Sales,80,CE,Juazeiro do Norte,Centro Médico,Dermatologia,Lombalgia,2026-07-03,Masculino,Consulta,Amil
1855,Sr. Theo Moreira,66,CE,Sobral,Hospital,Endocrinologia,Asma,2026-05-15,Masculino,Retorno,Amil
1856,Gabriela Gomes,94,BA,Ilhéus,Pronto-Socorro,Pediatria,Infecção respiratória,2026-05-27,Masculino,Consulta,Bradesco Saúde
1857,Lívia Moura,51,PE,Caruaru,Clínica Particular,Clínica Geral,Hipertensão,2025-09-22,Feminino,Consulta,SUS
1858,Ana Luiza Alves,73,PR,Cascavel,Clínica Particular,Oftalmologia,Colesterol elevado,2024-03-25,Masculino,Exame,Bradesco Saúde
1859,Sr. Henry Gabriel Dias,27,GO,Anápolis,Hospital,Cardiologia,Infecção respiratória,2025-12-12,Masculino,Urgência,SulAmérica
1860,Larissa Rios,29,CE,Fortaleza,Unidade de Saúde da Família,Pediatria,Ansiedade,2026-06-03,Feminino,Consulta,Particular
1861,Bruno Porto,79,CE,Juazeiro do Norte,Centro Médico,Neurologia,Enxaqueca,2024-03-11,Feminino,Urgência,Bradesco Saúde
1862,Vitor Campos,77,MG,Juiz de Fora,Clínica Particular,Ortopedia,Dermatite,2024-01-15,Masculino,Exame,Amil
1863,Sr. Joaquim Aragão,66,RS,Pelotas,Pronto-Socorro,Neurologia,Asma,2024-10-23,Feminino,Consulta,Bradesco Saúde
1864,Bento Gomes,14,RS,Pelotas,UPA,Endocrinologia,Dor abdominal,2026-07-29,Masculino,Retorno,Amil
1865,Allana Porto,90,MG,Belo Horizonte,Centro Médico,Oftalmologia,Asma,2026-03-04,Feminino,Exame,Bradesco Saúde
1866,Dr. Luiz Fernando Aragão,11,BA,Vitória da Conquista,Clínica Particular,Pediatria,Consulta de rotina,2023-12-01,Feminino,Consulta,Unimed
1867,Laís da Rosa,52,SP,Ribeirão Preto,Laboratório,Pediatria,Gastrite,2026-03-14,Feminino,Consulta,Unimed
1868,Rafael Santos,40,BA,Salvador,Clínica Particular,Neurologia,Ansiedade,2026-02-05,Feminino,Exame,Bradesco Saúde
1869,Srta. Evelyn da Luz,56,PR,Cascavel,Clínica Particular,Dermatologia,Dor abdominal,2025-10-02,Masculino,Urgência,SUS
1870,João Gabriel Ramos,76,GO,Anápolis,Laboratório,Cardiologia,Diabetes,2025-01-25,Masculino,Consulta,SulAmérica
1871,Gael Henrique Cardoso,70,SP,Campinas,Laboratório,Neurologia,Ansiedade,2023-08-23,Masculino,Retorno,Particular
1872,Davi Lucas Pacheco,23,SP,Ribeirão Preto,Hospital,Pediatria,Enxaqueca,2025-10-17,Feminino,Urgência,SulAmérica
1873,Sr. Otto Lima,6,GO,Goiânia,UPA,Dermatologia,Lombalgia,2024-12-19,Masculino,Consulta,Bradesco Saúde
1874,Luiza da Mota,79,RJ,Rio de Janeiro,Hospital,Ortopedia,Colesterol elevado,2023-12-31,Masculino,Exame,Amil
1875,Alícia Costela,76,RJ,Petrópolis,Pronto-Socorro,Psiquiatria,Dermatite,2024-12-17,Masculino,Urgência,SUS
1876,Murilo Cardoso,78,RJ,Volta Redonda,Pronto-Socorro,Pediatria,Infecção urinária,2023-11-09,Masculino,Exame,Bradesco Saúde
1877,Ayla Vargas,5,PR,Maringá,Laboratório,Ginecologia,Infecção urinária,2026-05-05,Masculino,Exame,Amil
1878,Beatriz Ribeiro,38,BA,Vitória da Conquista,Laboratório,Oftalmologia,Colesterol elevado,2026-08-07,Masculino,Urgência,SulAmérica
1879,Mariane Dias,31,BA,Feira de Santana,Unidade de Saúde da Família,Pediatria,Asma,2023-08-18,Masculino,Consulta,Particular
1880,Maysa Machado,16,SP,São José dos Campos,UPA,Cardiologia,Alergia,2024-12-14,Masculino,Retorno,SulAmérica
1881,Murilo Porto,43,RJ,Petrópolis,Centro Médico,Psiquiatria,Dor abdominal,2023-09-17,Feminino,Exame,Amil
1882,Dr. Theodoro da Cruz,91,RJ,Petrópolis,Clínica Particular,Neurologia,Infecção urinária,2024-04-24,Masculino,Urgência,SUS
1883,Antonella Leão,45,PE,Olinda,UBS,Clínica Geral,Hipertensão,2025-02-22,Feminino,Exame,SUS
1884,Anthony Gabriel Leão,85,CE,Sobral,Laboratório,Ginecologia,Alergia,2025-01-21,Masculino,Urgência,SulAmérica
1885,Ana Liz Vieira,73,PE,Caruaru,UPA,Clínica Geral,Dermatite,2025-05-02,Masculino,Urgência,Amil
1886,Dra. Cecília das Neves,43,RJ,Volta Redonda,UPA,Clínica Geral,Ansiedade,2026-03-28,Masculino,Retorno,Bradesco Saúde
1887,Ravi Castro,36,GO,Rio Verde,Clínica Particular,Pediatria,Gastrite,2024-09-03,Masculino,Consulta,SulAmérica
1888,Maria Isis Mendonça,79,BA,Vitória da Conquista,Centro Médico,Ginecologia,Hipertensão,2025-03-10,Masculino,Exame,Bradesco Saúde
1889,Davi Ramos,19,PR,Londrina,Centro Médico,Endocrinologia,Enxaqueca,2024-01-09,Feminino,Retorno,Amil
1890,Maria Vitória Cavalcante,93,SP,Ribeirão Preto,Pronto-Socorro,Endocrinologia,Colesterol elevado,2024-06-07,Feminino,Consulta,Unimed
1891,José Pedro Novais,53,BA,Salvador,UBS,Neurologia,Dermatite,2024-12-02,Feminino,Exame,Bradesco Saúde
1892,Ravi Vargas,41,GO,Aparecida de Goiânia,Clínica Particular,Neurologia,Enxaqueca,2025-01-17,Feminino,Consulta,SUS
1893,Dr. Matheus Pimenta,51,GO,Anápolis,Pronto-Socorro,Clínica Geral,Artrite,2026-01-13,Masculino,Consulta,SUS
1894,Nicolas Silveira,51,CE,Caucaia,Hospital,Oftalmologia,Hipertensão,2025-06-25,Masculino,Urgência,Bradesco Saúde
1895,Aurora Nascimento,3,SC,Chapecó,Pronto-Socorro,Psiquiatria,Infecção urinária,2025-09-23,Masculino,Exame,Bradesco Saúde
1896,Melina Souza,15,PR,Maringá,Clínica Particular,Oftalmologia,Artrite,2025-01-27,Feminino,Retorno,Bradesco Saúde
1897,Heloísa Mendes,88,PR,Curitiba,Laboratório,Cardiologia,Lombalgia,2025-11-15,Masculino,Exame,Particular
1898,Nina Cirino,94,RJ,Niterói,Pronto-Socorro,Pediatria,Infecção urinária,2025-06-03,Feminino,Urgência,Amil
1899,Liam Silveira,27,MG,Contagem,UPA,Ginecologia,Diabetes,2026-04-27,Feminino,Urgência,Bradesco Saúde
1900,Alexandre Fonseca,10,SC,Florianópolis,UPA,Cardiologia,Dermatite,2026-01-12,Masculino,Retorno,Particular
1901,Rodrigo Ramos,15,RS,Caxias do Sul,Unidade de Saúde da Família,Ginecologia,Diabetes,2025-05-12,Feminino,Consulta,Amil
1902,Brayan Ferreira,11,GO,Anápolis,Centro Médico,Cardiologia,Lombalgia,2025-04-04,Masculino,Exame,SUS
1903,Isadora Macedo,93,SC,Blumenau,Hospital,Psiquiatria,Colesterol elevado,2026-07-26,Masculino,Consulta,SUS
1904,Lunna Gonçalves,21,MG,Juiz de Fora,Clínica Particular,Neurologia,Ansiedade,2025-10-12,Feminino,Consulta,Unimed
1905,Melissa Abreu,14,PE,Petrolina,Laboratório,Ortopedia,Infecção respiratória,2025-05-25,Masculino,Exame,Bradesco Saúde
1906,Sr. Matheus Silva,85,RJ,Niterói,Unidade de Saúde da Família,Endocrinologia,Colesterol elevado,2026-06-05,Feminino,Exame,Unimed
1907,Dra. Maria Julia Costa,6,BA,Feira de Santana,Hospital,Neurologia,Dor abdominal,2025-10-17,Masculino,Urgência,Particular
1908,Dr. Marcos Vinicius Monteiro,54,BA,Vitória da Conquista,Hospital,Ginecologia,Dermatite,2025-10-25,Feminino,Consulta,SUS
1909,Luara Macedo,76,RJ,Rio de Janeiro,UPA,Neurologia,Alergia,2024-08-08,Feminino,Consulta,Bradesco Saúde
1910,Vicente Vasconcelos,32,SP,Santos,Pronto-Socorro,Endocrinologia,Dermatite,2025-12-21,Feminino,Urgência,Particular
1911,Gustavo Vasconcelos,39,RJ,Rio de Janeiro,UPA,Dermatologia,Dermatite,2025-11-16,Feminino,Retorno,Unimed
1912,Srta. Fernanda Oliveira,10,BA,Ilhéus,Centro Médico,Cardiologia,Alergia,2026-03-09,Feminino,Urgência,Amil
1913,Esther da Cunha,37,SP,São Paulo,Centro Médico,Pediatria,Asma,2025-10-31,Masculino,Retorno,Bradesco Saúde
1914,João Miguel Rodrigues,47,GO,Goiânia,UBS,Cardiologia,Enxaqueca,2023-12-23,Feminino,Urgência,Particular
1915,Srta. Luara Macedo,75,MG,Uberlândia,UBS,Ortopedia,Hipertensão,2023-09-01,Feminino,Urgência,Bradesco Saúde
1916,Sophia Teixeira,92,SC,Florianópolis,Pronto-Socorro,Endocrinologia,Infecção urinária,2024-04-19,Feminino,Consulta,Amil
1917,Lucas Gabriel Nunes,54,SP,Santos,UBS,Ginecologia,Enxaqueca,2024-03-14,Masculino,Retorno,Particular
1918,Srta. Clarice Moura,14,RJ,Rio de Janeiro,Unidade de Saúde da Família,Clínica Geral,Alergia,2025-11-12,Feminino,Exame,Bradesco Saúde
1919,Kamilly Cassiano,21,RJ,Petrópolis,Clínica Particular,Cardiologia,Lombalgia,2023-09-19,Masculino,Retorno,SulAmérica
1920,Alana Ribeiro,81,GO,Goiânia,Hospital,Neurologia,Dor abdominal,2025-05-21,Masculino,Retorno,SulAmérica
1921,Erick Aparecida,53,SC,Joinville,Hospital,Endocrinologia,Ansiedade,2024-07-15,Feminino,Retorno,Amil
1922,Vitor Gabriel Santos,8,SC,Joinville,Laboratório,Ortopedia,Consulta de rotina,2023-10-02,Feminino,Retorno,Bradesco Saúde
1923,José Rocha,18,RS,Pelotas,Laboratório,Psiquiatria,Gastrite,2025-02-01,Feminino,Urgência,SUS
1924,Ana Sophia Azevedo,91,GO,Goiânia,Laboratório,Dermatologia,Infecção urinária,2026-05-02,Feminino,Consulta,Particular
1925,Sarah Silva,33,PE,Olinda,UPA,Psiquiatria,Infecção respiratória,2026-08-07,Masculino,Retorno,SUS
1926,Helena Santos,32,SP,Campinas,Hospital,Cardiologia,Infecção urinária,2025-02-04,Feminino,Retorno,SUS
1927,José Pedro Rezende,74,RS,Porto Alegre,Hospital,Ortopedia,Asma,2026-02-10,Masculino,Consulta,Amil
1928,Diogo Abreu,27,RJ,Petrópolis,Unidade de Saúde da Família,Pediatria,Infecção respiratória,2026-03-07,Masculino,Urgência,Unimed
1929,Dra. Mariana Lima,85,PE,Petrolina,Pronto-Socorro,Neurologia,Infecção urinária,2026-02-10,Masculino,Retorno,SUS
1930,Dom da Paz,25,PE,Caruaru,Clínica Particular,Neurologia,Alergia,2024-04-14,Feminino,Exame,Particular
1931,Vitor Hugo da Conceição,56,RS,Porto Alegre,Unidade de Saúde da Família,Pediatria,Hipertensão,2026-07-18,Masculino,Exame,Bradesco Saúde
1932,Natália da Mota,53,RS,Caxias do Sul,UBS,Dermatologia,Infecção respiratória,2025-05-30,Feminino,Urgência,SUS
1933,Luiz Felipe Duarte,61,PE,Recife,UBS,Psiquiatria,Alergia,2024-06-21,Feminino,Urgência,SulAmérica
1934,Dante Ribeiro,26,PR,Cascavel,Pronto-Socorro,Neurologia,Gastrite,2025-08-18,Feminino,Retorno,Amil
1935,Sr. Matheus Correia,18,PR,Cascavel,Hospital,Ortopedia,Infecção urinária,2024-01-11,Feminino,Exame,SUS
1936,Bruno da Rosa,15,SC,Joinville,Pronto-Socorro,Ginecologia,Artrite,2026-07-05,Feminino,Consulta,Unimed
1937,Juliana Lopes,52,SC,Blumenau,Hospital,Cardiologia,Consulta de rotina,2025-12-29,Masculino,Retorno,Unimed
1938,Liz Machado,86,RS,Caxias do Sul,UPA,Neurologia,Artrite,2025-10-29,Masculino,Retorno,Particular
1939,Sofia Freitas,73,BA,Ilhéus,Centro Médico,Clínica Geral,Alergia,2025-08-11,Masculino,Retorno,Particular
1940,Enrico Costa,33,RS,Santa Maria,Pronto-Socorro,Psiquiatria,Dor abdominal,2024-08-15,Feminino,Urgência,Particular
1941,Vitória Duarte,80,PE,Petrolina,Clínica Particular,Ortopedia,Lombalgia,2023-09-02,Masculino,Urgência,Unimed
1942,Yuri Barbosa,69,CE,Caucaia,Centro Médico,Neurologia,Dor abdominal,2024-12-03,Feminino,Consulta,SulAmérica
1943,Henrique Ferreira,73,RJ,Rio de Janeiro,UPA,Ortopedia,Gastrite,2024-03-26,Masculino,Retorno,Amil
1944,Isabelly Macedo,14,PE,Recife,Unidade de Saúde da Família,Pediatria,Dor abdominal,2025-04-27,Masculino,Retorno,Unimed
1945,Gabriela Pimenta,33,RJ,Rio de Janeiro,Hospital,Psiquiatria,Gastrite,2025-10-11,Masculino,Urgência,SulAmérica
1946,Bianca Fonseca,27,GO,Rio Verde,UBS,Ginecologia,Ansiedade,2025-03-14,Masculino,Consulta,Particular
1947,Srta. Isabel Correia,6,RS,Caxias do Sul,Unidade de Saúde da Família,Dermatologia,Artrite,2026-05-02,Masculino,Consulta,Amil
1948,Dante Almeida,43,PR,Cascavel,UBS,Cardiologia,Artrite,2026-03-13,Masculino,Urgência,Particular
1949,Enrico Mendes,46,PE,Caruaru,Unidade de Saúde da Família,Endocrinologia,Asma,2025-12-29,Masculino,Consulta,SulAmérica
1950,Rodrigo Gomes,86,RJ,Rio de Janeiro,Pronto-Socorro,Ortopedia,Infecção respiratória,2024-05-05,Masculino,Retorno,SulAmérica
1951,Gabriela Garcia,26,SP,Campinas,Clínica Particular,Ortopedia,Infecção respiratória,2025-06-17,Feminino,Exame,Particular
1952,Rafaela Azevedo,80,CE,Caucaia,UPA,Clínica Geral,Diabetes,2024-11-17,Masculino,Urgência,SulAmérica
1953,Lívia Correia,20,RS,Santa Maria,UBS,Pediatria,Alergia,2025-05-03,Feminino,Consulta,SUS
1954,Enzo da Cruz,69,BA,Salvador,UPA,Oftalmologia,Diabetes,2024-08-23,Masculino,Retorno,SUS
1955,Igor Alves,54,RJ,Niterói,UBS,Oftalmologia,Dor abdominal,2025-10-10,Masculino,Urgência,SulAmérica
1956,Sophia Santos,58,SC,Blumenau,UPA,Psiquiatria,Artrite,2025-06-29,Masculino,Exame,Amil
1957,Beatriz Camargo,36,MG,Contagem,Centro Médico,Dermatologia,Consulta de rotina,2024-07-20,Masculino,Consulta,SUS
1958,Julia Moura,49,PE,Caruaru,Unidade de Saúde da Família,Cardiologia,Dermatite,2024-11-12,Masculino,Retorno,Particular
1959,Sra. Sophia Cavalcanti,72,PR,Curitiba,Unidade de Saúde da Família,Oftalmologia,Ansiedade,2025-01-21,Masculino,Consulta,Bradesco Saúde
1960,Otávio Cardoso,17,MG,Uberlândia,Clínica Particular,Clínica Geral,Artrite,2024-10-18,Masculino,Retorno,Bradesco Saúde
1961,Anna Liz Macedo,44,SC,Florianópolis,UBS,Dermatologia,Enxaqueca,2024-06-22,Feminino,Retorno,SUS
1962,Heitor Leão,63,SP,Ribeirão Preto,Clínica Particular,Pediatria,Colesterol elevado,2025-07-04,Masculino,Consulta,Bradesco Saúde
1963,Cecília Campos,10,MG,Contagem,Laboratório,Endocrinologia,Diabetes,2024-01-01,Feminino,Exame,SUS
1964,Dr. Ravy Fogaça,4,RS,Pelotas,Hospital,Clínica Geral,Colesterol elevado,2025-04-03,Masculino,Consulta,SulAmérica
1965,Lucas Camargo,42,SP,São Paulo,UPA,Psiquiatria,Diabetes,2024-03-23,Masculino,Retorno,Amil
1966,Mariah Pimenta,69,RJ,Volta Redonda,Centro Médico,Clínica Geral,Colesterol elevado,2023-10-26,Masculino,Retorno,Unimed
1967,Sra. Alexia Sá,87,BA,Ilhéus,UBS,Endocrinologia,Infecção urinária,2026-05-09,Feminino,Urgência,Unimed
1968,Pedro Lucas Martins,70,MG,Belo Horizonte,UPA,Psiquiatria,Infecção urinária,2026-07-18,Feminino,Urgência,Amil
1969,Gustavo Henrique Mendes,20,SC,Florianópolis,UPA,Dermatologia,Artrite,2026-03-01,Masculino,Urgência,Amil
1970,Sophie Gomes,65,CE,Fortaleza,Laboratório,Neurologia,Hipertensão,2024-07-05,Masculino,Consulta,Particular
1971,Helena Ribeiro,49,RS,Caxias do Sul,Centro Médico,Ginecologia,Diabetes,2026-03-07,Feminino,Urgência,Bradesco Saúde
1972,Bella Porto,49,MG,Contagem,UBS,Ortopedia,Gastrite,2025-02-07,Masculino,Urgência,Bradesco Saúde
1973,Nicolas Mendes,48,PR,Maringá,Hospital,Ginecologia,Enxaqueca,2025-03-22,Masculino,Exame,SulAmérica
1974,Liz Andrade,92,SP,São José dos Campos,Hospital,Neurologia,Hipertensão,2026-08-13,Feminino,Retorno,SUS
1975,Cecilia Pinto,80,PE,Petrolina,Centro Médico,Clínica Geral,Colesterol elevado,2023-12-01,Masculino,Retorno,Particular
1976,Dr. Diogo Gonçalves,7,SP,Santos,UBS,Oftalmologia,Enxaqueca,2025-08-15,Masculino,Consulta,Unimed
1977,João Lucas Sampaio,71,RS,Caxias do Sul,Unidade de Saúde da Família,Neurologia,Ansiedade,2025-12-22,Masculino,Retorno,Amil
1978,Bento Gonçalves,52,PR,Curitiba,Pronto-Socorro,Ortopedia,Infecção respiratória,2024-06-17,Masculino,Retorno,SulAmérica
1979,Maria Luísa Sales,93,PE,Caruaru,UPA,Endocrinologia,Consulta de rotina,2024-12-13,Feminino,Exame,Unimed
1980,Mirella Fonseca,32,MG,Belo Horizonte,Laboratório,Pediatria,Lombalgia,2024-04-03,Feminino,Retorno,Particular
1981,Antonella Nunes,11,RS,Pelotas,Unidade de Saúde da Família,Clínica Geral,Dermatite,2025-05-14,Feminino,Urgência,SulAmérica
1982,Luiz Otávio Dias,46,PE,Olinda,Centro Médico,Dermatologia,Dermatite,2023-09-09,Masculino,Retorno,Amil
1983,Joaquim Leão,44,PR,Maringá,UPA,Dermatologia,Dor abdominal,2025-01-04,Masculino,Consulta,Amil
1984,Isaac Mendonça,53,PE,Caruaru,Pronto-Socorro,Dermatologia,Artrite,2025-09-21,Masculino,Retorno,SulAmérica
1985,Kevin Vasconcelos,31,RJ,Petrópolis,UPA,Dermatologia,Lombalgia,2025-02-25,Masculino,Exame,Bradesco Saúde
1986,Dr. Kaique Albuquerque,5,SP,Santos,Pronto-Socorro,Clínica Geral,Dermatite,2025-12-14,Feminino,Retorno,SUS
1987,José Miguel Mendonça,46,PR,Londrina,Clínica Particular,Endocrinologia,Enxaqueca,2026-01-02,Feminino,Consulta,Amil
1988,Arthur Miguel Abreu,14,PR,Londrina,UBS,Cardiologia,Asma,2025-06-29,Feminino,Exame,SulAmérica
1989,Brenda Sá,78,RJ,Rio de Janeiro,Clínica Particular,Ortopedia,Consulta de rotina,2025-03-31,Masculino,Retorno,Amil
1990,Rafael Ribeiro,52,PR,Londrina,Centro Médico,Ortopedia,Hipertensão,2023-12-16,Feminino,Consulta,SulAmérica
1991,Dr. Davi Lucca Cassiano,79,RJ,Rio de Janeiro,Unidade de Saúde da Família,Ginecologia,Gastrite,2025-07-25,Masculino,Exame,Bradesco Saúde
1992,Vitória Campos,2,PE,Recife,UPA,Ortopedia,Dermatite,2026-01-23,Masculino,Consulta,Bradesco Saúde
1993,Dr. Marcelo Silveira,54,RJ,Petrópolis,UBS,Endocrinologia,Infecção respiratória,2024-07-31,Masculino,Retorno,SulAmérica
1994,Ana Julia Alves,61,PE,Caruaru,Unidade de Saúde da Família,Dermatologia,Asma,2025-03-01,Feminino,Consulta,SulAmérica
1995,Luiz Miguel Moreira,80,PE,Recife,Clínica Particular,Oftalmologia,Lombalgia,2025-10-03,Feminino,Retorno,Particular
1996,Luiz Fernando Silveira,78,RJ,Petrópolis,UBS,Cardiologia,Dermatite,2024-01-19,Feminino,Consulta,Bradesco Saúde
1997,Lívia Gonçalves,30,RS,Caxias do Sul,Laboratório,Endocrinologia,Alergia,2026-02-05,Feminino,Consulta,Bradesco Saúde
1998,Sr. João Felipe Alves,25,MG,Contagem,UPA,Pediatria,Dor abdominal,2025-10-21,Masculino,Consulta,SUS
1999,Antonella da Paz,43,CE,Juazeiro do Norte,Centro Médico,Oftalmologia,Diabetes,2025-04-03,Masculino,Urgência,Particular
2000,Vitor Gabriel Alves,67,RS,Caxias do Sul,Laboratório,Clínica Geral,Dermatite,2025-02-16,Feminino,Consulta,Unimed
2001,Diogo Camargo,51,PR,Cascavel,Laboratório,Oftalmologia,Colesterol elevado,2025-01-27,Masculino,Consulta,Particular
2002,Leandro Sá,3,MG,Contagem,Hospital,Ortopedia,Dermatite,2025-03-12,Masculino,Retorno,Unimed
2003,Isabella Marques,78,PE,Petrolina,UBS,Clínica Geral,Gastrite,2026-03-14,Masculino,Exame,Particular
2004,Samuel Duarte,13,BA,Feira de Santana,UPA,Ortopedia,Enxaqueca,2024-03-02,Feminino,Urgência,Particular
2005,Luiza Novaes,56,PE,Olinda,UBS,Neurologia,Infecção urinária,2025-09-07,Feminino,Exame,Bradesco Saúde
2006,Raul Teixeira,68,MG,Uberlândia,Pronto-Socorro,Dermatologia,Asma,2024-01-09,Masculino,Consulta,SUS
2007,Eloá Cavalcante,68,RS,Porto Alegre,Unidade de Saúde da Família,Ortopedia,Lombalgia,2024-09-11,Feminino,Retorno,Amil
2008,Ana Liz Farias,53,SC,Joinville,Hospital,Ortopedia,Dor abdominal,2026-03-25,Feminino,Consulta,Particular
2009,Enzo Gabriel Mendonça,58,RJ,Petrópolis,Hospital,Psiquiatria,Dermatite,2024-08-10,Masculino,Urgência,Bradesco Saúde
2010,Yago Rios,38,GO,Goiânia,Pronto-Socorro,Psiquiatria,Infecção respiratória,2026-07-09,Masculino,Exame,Unimed
2011,Diego Dias,52,GO,Aparecida de Goiânia,Laboratório,Psiquiatria,Consulta de rotina,2025-05-16,Feminino,Urgência,Bradesco Saúde
2012,Lucca Castro,12,GO,Rio Verde,Pronto-Socorro,Pediatria,Artrite,2025-09-03,Feminino,Exame,SulAmérica
2013,Sophie Lima,19,GO,Aparecida de Goiânia,Centro Médico,Psiquiatria,Diabetes,2023-10-09,Feminino,Consulta,Bradesco Saúde
2014,Sra. Bianca Costela,23,RS,Caxias do Sul,Clínica Particular,Cardiologia,Infecção respiratória,2026-04-13,Masculino,Urgência,SUS
2015,Henrique Sousa,73,PE,Petrolina,Hospital,Oftalmologia,Consulta de rotina,2024-05-28,Masculino,Exame,SUS
2016,Luísa Gomes,59,PE,Recife,Laboratório,Clínica Geral,Infecção urinária,2026-04-20,Feminino,Retorno,SulAmérica
2017,Thomas Cavalcanti,72,PR,Maringá,Clínica Particular,Endocrinologia,Consulta de rotina,2024-11-26,Masculino,Urgência,SulAmérica
2018,Sr. Davi Lucas Mendes,84,GO,Anápolis,Clínica Particular,Endocrinologia,Infecção respiratória,2025-12-31,Masculino,Urgência,Particular
2019,José Pedro Pinto,85,BA,Ilhéus,UBS,Pediatria,Ansiedade,2024-01-11,Feminino,Urgência,Particular
2020,Antônio Rezende,52,SC,Joinville,Centro Médico,Endocrinologia,Infecção urinária,2024-04-10,Masculino,Exame,SulAmérica
2021,Maria Julia Guerra,71,RS,Porto Alegre,Laboratório,Psiquiatria,Gastrite,2025-05-09,Feminino,Exame,SulAmérica
2022,Jade da Costa,2,RJ,Niterói,Unidade de Saúde da Família,Oftalmologia,Diabetes,2025-11-08,Masculino,Retorno,Bradesco Saúde
2023,Cauã Garcia,16,BA,Vitória da Conquista,Pronto-Socorro,Ortopedia,Colesterol elevado,2025-01-22,Feminino,Exame,Bradesco Saúde
2024,Caio Pereira,76,MG,Uberlândia,Pronto-Socorro,Endocrinologia,Enxaqueca,2025-11-27,Masculino,Consulta,SUS
2025,Bernardo Vargas,1,CE,Caucaia,Hospital,Endocrinologia,Gastrite,2025-07-22,Feminino,Exame,Particular
2026,Maria Eduarda da Rosa,50,SP,São Paulo,Clínica Particular,Cardiologia,Diabetes,2025-07-23,Masculino,Urgência,Particular
2027,Isabella Sá,49,SP,São Paulo,Hospital,Psiquiatria,Infecção urinária,2025-03-07,Feminino,Consulta,Unimed
2028,Guilherme Duarte,95,GO,Goiânia,Centro Médico,Clínica Geral,Alergia,2025-09-15,Feminino,Retorno,SulAmérica
2029,Maria Flor Guerra,75,SC,Joinville,Unidade de Saúde da Família,Oftalmologia,Infecção urinária,2026-04-28,Masculino,Consulta,SulAmérica
2030,Rebeca Marques,82,BA,Feira de Santana,Pronto-Socorro,Dermatologia,Hipertensão,2024-07-03,Feminino,Exame,Amil
2031,Amanda Carvalho,51,GO,Anápolis,UPA,Clínica Geral,Asma,2026-06-12,Feminino,Retorno,SulAmérica
2032,Dra. Maria Luísa Porto,86,PE,Petrolina,UPA,Psiquiatria,Infecção respiratória,2026-07-27,Feminino,Consulta,Bradesco Saúde
2033,Vitor Farias,93,RJ,Volta Redonda,Unidade de Saúde da Família,Oftalmologia,Ansiedade,2024-07-03,Masculino,Retorno,Bradesco Saúde
2034,Pietro Garcia,34,GO,Goiânia,Hospital,Oftalmologia,Ansiedade,2023-12-27,Feminino,Consulta,SUS
2035,José Pedro Correia,59,PR,Londrina,Clínica Particular,Cardiologia,Ansiedade,2026-07-30,Masculino,Urgência,Unimed
2036,Ana Cecília Moraes,45,MG,Uberlândia,Laboratório,Cardiologia,Alergia,2024-09-01,Masculino,Exame,Particular
2037,Leonardo Rodrigues,87,PR,Londrina,UBS,Cardiologia,Consulta de rotina,2024-12-16,Masculino,Consulta,Amil
2038,Mirella da Costa,55,RJ,Niterói,Clínica Particular,Endocrinologia,Infecção urinária,2024-09-05,Feminino,Retorno,Amil
2039,Brenda Pereira,49,CE,Juazeiro do Norte,UBS,Ortopedia,Dor abdominal,2024-05-29,Feminino,Consulta,SulAmérica
2040,Vicente Novais,40,SC,Blumenau,Pronto-Socorro,Psiquiatria,Hipertensão,2025-06-25,Masculino,Urgência,Particular
2041,Emanuelly Silveira,38,MG,Contagem,Hospital,Cardiologia,Gastrite,2024-03-22,Feminino,Urgência,Particular
2042,Bianca Santos,27,PR,Cascavel,Pronto-Socorro,Cardiologia,Gastrite,2026-07-25,Feminino,Consulta,SUS
2043,Maria Helena Souza,86,CE,Sobral,UPA,Pediatria,Diabetes,2024-02-11,Masculino,Retorno,SulAmérica
2044,Lucas Gabriel Mendonça,76,RJ,Volta Redonda,UPA,Cardiologia,Infecção urinária,2025-12-03,Masculino,Urgência,Bradesco Saúde
2045,Eduardo Sá,74,PE,Olinda,Centro Médico,Neurologia,Colesterol elevado,2026-07-01,Feminino,Retorno,Amil
2046,Anthony Peixoto,15,PR,Londrina,UPA,Endocrinologia,Infecção urinária,2024-05-18,Feminino,Exame,Particular
2047,Lara Carvalho,74,BA,Feira de Santana,Unidade de Saúde da Família,Clínica Geral,Alergia,2025-10-06,Feminino,Exame,SulAmérica
2048,Sr. Nicolas Rocha,62,RJ,Volta Redonda,Hospital,Oftalmologia,Dermatite,2025-07-28,Feminino,Retorno,Amil
2049,Guilherme Barbosa,2,SC,Joinville,Centro Médico,Clínica Geral,Gastrite,2024-07-11,Masculino,Consulta,SulAmérica
2050,Maria Isis da Luz,29,MG,Uberlândia,Centro Médico,Ginecologia,Infecção urinária,2026-01-28,Masculino,Consulta,Amil
2051,Daniel Gomes,43,BA,Salvador,Unidade de Saúde da Família,Cardiologia,Infecção urinária,2025-11-29,Feminino,Exame,Bradesco Saúde
2052,Isaque Rocha,67,MG,Belo Horizonte,UPA,Cardiologia,Consulta de rotina,2026-03-14,Masculino,Urgência,Bradesco Saúde
2053,Jade Leão,77,PE,Petrolina,Hospital,Endocrinologia,Consulta de rotina,2025-03-04,Feminino,Retorno,Amil
2054,Sra. Maria Laura Fonseca,70,GO,Anápolis,Hospital,Pediatria,Infecção respiratória,2024-02-23,Masculino,Urgência,Particular
2055,Noah Montenegro,85,GO,Aparecida de Goiânia,Laboratório,Psiquiatria,Asma,2025-04-03,Feminino,Urgência,SulAmérica
2056,Danilo Alves,78,MG,Juiz de Fora,Centro Médico,Psiquiatria,Artrite,2024-04-30,Masculino,Consulta,Unimed
2057,Henry Gabriel Martins,81,BA,Ilhéus,Unidade de Saúde da Família,Clínica Geral,Asma,2024-06-12,Feminino,Consulta,Unimed
2058,Benicio da Luz,70,MG,Uberlândia,Laboratório,Neurologia,Gastrite,2024-11-27,Feminino,Retorno,Bradesco Saúde
2059,Sr. Pedro Henrique Pacheco,79,MG,Belo Horizonte,Unidade de Saúde da Família,Dermatologia,Gastrite,2023-09-18,Masculino,Consulta,SulAmérica
2060,Heitor Ferreira,79,CE,Sobral,Unidade de Saúde da Família,Oftalmologia,Artrite,2024-02-17,Masculino,Exame,Bradesco Saúde
2061,Mirella Castro,17,CE,Caucaia,Centro Médico,Endocrinologia,Consulta de rotina,2025-12-14,Masculino,Exame,SulAmérica
2062,Fernanda Araújo,41,SP,São José dos Campos,Hospital,Oftalmologia,Infecção urinária,2023-12-02,Masculino,Retorno,Unimed
2063,Juan Silveira,4,SP,Santos,Centro Médico,Oftalmologia,Gastrite,2024-02-04,Feminino,Exame,Bradesco Saúde
2064,Dra. Hellena Campos,87,SP,São Paulo,UBS,Pediatria,Enxaqueca,2026-03-30,Masculino,Urgência,Unimed
2065,João Vitor Oliveira,24,RS,Pelotas,Laboratório,Neurologia,Consulta de rotina,2025-02-28,Feminino,Retorno,SUS
2066,Carlos Eduardo Câmara,24,BA,Vitória da Conquista,Clínica Particular,Pediatria,Infecção urinária,2025-12-23,Feminino,Exame,SUS
2067,Sr. Felipe Rodrigues,44,PR,Curitiba,Laboratório,Pediatria,Enxaqueca,2024-12-21,Masculino,Urgência,SUS
2068,Júlia da Cruz,93,SC,Blumenau,Unidade de Saúde da Família,Pediatria,Ansiedade,2024-09-19,Feminino,Exame,SUS
2069,Vitória Araújo,52,GO,Aparecida de Goiânia,Clínica Particular,Ortopedia,Lombalgia,2025-07-08,Feminino,Consulta,SUS
2070,Otávio Machado,72,SC,Florianópolis,Laboratório,Ginecologia,Lombalgia,2024-05-16,Masculino,Exame,Bradesco Saúde
2071,Pedro Miguel Viana,72,RS,Santa Maria,Centro Médico,Clínica Geral,Consulta de rotina,2026-08-02,Feminino,Exame,SulAmérica
2072,Vitor Hugo Peixoto,29,RS,Pelotas,Hospital,Ortopedia,Enxaqueca,2024-08-29,Masculino,Consulta,Particular
2073,Srta. Maria Isis Camargo,22,CE,Sobral,Hospital,Ortopedia,Artrite,2025-02-20,Feminino,Retorno,Unimed
2074,Maria Isis Pereira,47,SP,São Paulo,Clínica Particular,Oftalmologia,Enxaqueca,2026-04-03,Masculino,Urgência,Unimed
2075,Srta. Pietra Martins,42,CE,Fortaleza,Centro Médico,Ortopedia,Diabetes,2023-10-11,Masculino,Retorno,Unimed
2076,Isadora Rodrigues,54,GO,Aparecida de Goiânia,Unidade de Saúde da Família,Endocrinologia,Diabetes,2024-06-27,Masculino,Exame,Amil
2077,Dr. Marcelo Casa Grande,3,BA,Salvador,Pronto-Socorro,Pediatria,Asma,2025-05-27,Masculino,Urgência,Particular
2078,Luiz Felipe Santos,23,SP,Santos,Unidade de Saúde da Família,Oftalmologia,Consulta de rotina,2024-09-14,Masculino,Exame,Bradesco Saúde
2079,Maria Isis Cirino,94,SP,São José dos Campos,UPA,Neurologia,Hipertensão,2024-04-16,Feminino,Urgência,SUS
2080,Caio Pacheco,52,PR,Maringá,UPA,Pediatria,Ansiedade,2025-12-21,Feminino,Exame,Amil
2081,Nina Fogaça,75,SP,Santos,Laboratório,Neurologia,Artrite,2025-11-20,Feminino,Urgência,Unimed
2082,Heloísa da Cruz,64,MG,Uberlândia,Centro Médico,Endocrinologia,Lombalgia,2023-11-06,Feminino,Urgência,SulAmérica
2083,Liz Siqueira,47,GO,Rio Verde,Centro Médico,Psiquiatria,Enxaqueca,2023-09-02,Masculino,Retorno,Unimed
2084,Sra. Mariana Pacheco,11,GO,Goiânia,Laboratório,Ginecologia,Hipertensão,2025-02-13,Masculino,Consulta,Particular
2085,Maria Julia Rios,40,SP,Campinas,Centro Médico,Ortopedia,Consulta de rotina,2026-01-17,Masculino,Consulta,SUS
2086,Srta. Gabrielly Silva,42,MG,Belo Horizonte,Centro Médico,Cardiologia,Dor abdominal,2024-03-31,Masculino,Urgência,Unimed
2087,Emanuelly da Mata,67,CE,Fortaleza,Clínica Particular,Oftalmologia,Artrite,2026-01-06,Masculino,Consulta,Unimed
2088,Catarina Vieira,67,RS,Pelotas,Laboratório,Oftalmologia,Consulta de rotina,2025-05-30,Feminino,Retorno,Amil
2089,Valentina Silveira,58,PR,Cascavel,Unidade de Saúde da Família,Dermatologia,Infecção urinária,2026-07-07,Feminino,Retorno,SulAmérica
2090,Vitor Hugo Monteiro,47,SP,Campinas,UPA,Ginecologia,Enxaqueca,2024-07-17,Masculino,Consulta,Bradesco Saúde
2091,Caleb da Cunha,91,PR,Londrina,UBS,Pediatria,Dor abdominal,2026-03-26,Masculino,Retorno,SUS
2092,João Gabriel Teixeira,83,GO,Aparecida de Goiânia,Hospital,Dermatologia,Consulta de rotina,2025-06-21,Masculino,Consulta,Amil
2093,Nina Ribeiro,67,SP,São Paulo,Clínica Particular,Oftalmologia,Enxaqueca,2026-04-18,Feminino,Retorno,SUS
2094,Erick Novais,45,SC,Chapecó,Hospital,Endocrinologia,Infecção respiratória,2025-03-31,Feminino,Exame,Bradesco Saúde
2095,Clarice Sampaio,23,RJ,Volta Redonda,UPA,Ginecologia,Alergia,2023-09-26,Feminino,Urgência,Unimed
2096,Vitor Câmara,62,BA,Vitória da Conquista,UPA,Oftalmologia,Infecção respiratória,2023-10-07,Masculino,Urgência,SUS
2097,Milena Moreira,66,GO,Goiânia,Unidade de Saúde da Família,Oftalmologia,Ansiedade,2024-11-13,Masculino,Consulta,Amil
2098,Anthony da Rosa,24,SP,São José dos Campos,Unidade de Saúde da Família,Cardiologia,Infecção urinária,2025-07-07,Feminino,Retorno,Particular
2099,Luísa Borges,26,CE,Caucaia,Unidade de Saúde da Família,Ortopedia,Ansiedade,2024-10-12,Masculino,Consulta,Unimed
2100,Lorenzo Fernandes,20,MG,Uberlândia,Clínica Particular,Oftalmologia,Ansiedade,2024-10-22,Masculino,Consulta,SulAmérica
2101,Enzo Almeida,85,PE,Caruaru,UBS,Dermatologia,Dor abdominal,2023-10-14,Masculino,Retorno,SUS
2102,Eloá Caldeira,90,BA,Vitória da Conquista,Clínica Particular,Psiquiatria,Dermatite,2024-09-13,Masculino,Urgência,Bradesco Saúde
2103,Ana Beatriz Fogaça,54,RS,Pelotas,UBS,Neurologia,Asma,2026-05-16,Feminino,Exame,SUS
2104,Ana Júlia Melo,38,MG,Contagem,Clínica Particular,Clínica Geral,Consulta de rotina,2026-02-22,Feminino,Urgência,Unimed
2105,Luiz Felipe Leão,79,GO,Rio Verde,UBS,Pediatria,Ansiedade,2026-02-08,Feminino,Exame,Particular
2106,Carlos Eduardo Rocha,57,MG,Uberlândia,UBS,Pediatria,Hipertensão,2025-11-10,Feminino,Retorno,SulAmérica
2107,Ayla Mendes,68,GO,Rio Verde,Unidade de Saúde da Família,Cardiologia,Dor abdominal,2025-03-01,Feminino,Urgência,SUS
2108,Dr. Henrique Barbosa,17,GO,Aparecida de Goiânia,UPA,Clínica Geral,Colesterol elevado,2024-01-13,Masculino,Retorno,Unimed
2109,Joana Castro,71,PE,Recife,Clínica Particular,Pediatria,Hipertensão,2026-03-02,Masculino,Urgência,Bradesco Saúde
2110,Gabrielly Costela,67,CE,Sobral,Unidade de Saúde da Família,Ginecologia,Infecção urinária,2026-02-26,Masculino,Urgência,SulAmérica
2111,Gustavo Almeida,24,SC,Blumenau,Clínica Particular,Endocrinologia,Gastrite,2025-03-24,Masculino,Consulta,SUS
2112,Sophia das Neves,39,SP,Santos,Clínica Particular,Oftalmologia,Infecção urinária,2024-12-23,Masculino,Urgência,Particular
2113,Juan Lima,45,CE,Fortaleza,UPA,Ortopedia,Dermatite,2025-10-06,Masculino,Consulta,SUS
2114,Amanda Castro,94,GO,Aparecida de Goiânia,Centro Médico,Clínica Geral,Diabetes,2026-02-22,Feminino,Retorno,Amil
2115,Isadora Rezende,8,RS,Caxias do Sul,Clínica Particular,Clínica Geral,Consulta de rotina,2026-05-29,Feminino,Exame,Particular
2116,Dr. Gael Melo,12,PR,Cascavel,UBS,Pediatria,Gastrite,2026-08-01,Masculino,Retorno,SulAmérica
2117,Dra. Ester Casa Grande,27,MG,Belo Horizonte,UPA,Cardiologia,Dermatite,2025-07-24,Feminino,Exame,Amil
2118,Benicio Moraes,15,MG,Belo Horizonte,UBS,Cardiologia,Diabetes,2024-04-27,Feminino,Exame,Particular
2119,Rafael Pereira,6,MG,Uberlândia,UBS,Psiquiatria,Asma,2024-11-03,Masculino,Exame,SUS
2120,Milena da Conceição,32,BA,Ilhéus,Clínica Particular,Psiquiatria,Asma,2023-12-15,Masculino,Consulta,Unimed
2121,Ana Clara Nascimento,56,GO,Aparecida de Goiânia,Laboratório,Ginecologia,Dor abdominal,2024-05-13,Masculino,Retorno,Amil
2122,Sara Fonseca,20,RS,Porto Alegre,Pronto-Socorro,Pediatria,Diabetes,2026-01-19,Masculino,Urgência,Particular
2123,Sra. Mariane Carvalho,81,SC,Chapecó,UPA,Ginecologia,Dermatite,2024-03-06,Masculino,Urgência,SUS
2124,Enzo Gabriel Pires,49,MG,Juiz de Fora,UPA,Clínica Geral,Dermatite,2025-01-30,Masculino,Urgência,Unimed
2125,Maria Novais,95,PE,Recife,Hospital,Ortopedia,Asma,2024-03-14,Feminino,Retorno,SulAmérica
2126,Pedro Carvalho,3,GO,Rio Verde,UBS,Ortopedia,Alergia,2025-12-30,Masculino,Retorno,Unimed
2127,Théo Ferreira,46,PR,Cascavel,Centro Médico,Endocrinologia,Lombalgia,2024-04-19,Feminino,Urgência,SUS
2128,Ravi Lucca Albuquerque,34,PR,Curitiba,UBS,Pediatria,Hipertensão,2025-01-04,Masculino,Exame,Particular
2129,Thiago Vieira,47,PE,Recife,UPA,Neurologia,Dor abdominal,2026-01-13,Feminino,Urgência,Particular
2130,Stella Pereira,57,MG,Belo Horizonte,UBS,Oftalmologia,Gastrite,2026-04-24,Masculino,Exame,SUS
2131,Beatriz Freitas,37,MG,Uberlândia,UBS,Ginecologia,Lombalgia,2024-11-19,Feminino,Retorno,SulAmérica
2132,Igor Cunha,90,SP,Campinas,Pronto-Socorro,Clínica Geral,Dor abdominal,2023-09-20,Masculino,Consulta,Particular
2133,Dr. Joaquim Santos,52,GO,Anápolis,Unidade de Saúde da Família,Psiquiatria,Ansiedade,2026-01-18,Feminino,Urgência,Amil
2134,Cecília Casa Grande,48,RS,Porto Alegre,Unidade de Saúde da Família,Psiquiatria,Infecção urinária,2026-07-13,Feminino,Urgência,Unimed
2135,Kevin Pacheco,32,PE,Olinda,Pronto-Socorro,Neurologia,Dermatite,2025-05-22,Masculino,Retorno,Unimed
2136,Felipe Freitas,1,CE,Sobral,UBS,Clínica Geral,Artrite,2025-11-27,Masculino,Consulta,Bradesco Saúde
2137,Sr. Rodrigo Cirino,27,RJ,Rio de Janeiro,Hospital,Oftalmologia,Artrite,2025-06-05,Masculino,Consulta,Amil
2138,Camila Machado,12,PE,Caruaru,Unidade de Saúde da Família,Pediatria,Gastrite,2025-08-08,Masculino,Consulta,Bradesco Saúde
2139,Luísa Teixeira,58,RJ,Petrópolis,UBS,Pediatria,Consulta de rotina,2024-07-15,Masculino,Consulta,Unimed
2140,Lunna Pastor,11,SP,Ribeirão Preto,Clínica Particular,Endocrinologia,Hipertensão,2024-06-22,Feminino,Exame,Particular
2141,Maria Fernanda Aragão,60,PR,Curitiba,Clínica Particular,Ginecologia,Diabetes,2026-01-12,Masculino,Urgência,Unimed
2142,Maria Eduarda Fogaça,63,SC,Blumenau,Pronto-Socorro,Ortopedia,Colesterol elevado,2023-11-16,Feminino,Retorno,Particular
2143,Maria Liz Câmara,3,PR,Curitiba,Laboratório,Pediatria,Lombalgia,2025-10-07,Feminino,Exame,Amil
2144,Yuri Cavalcante,64,PE,Caruaru,Hospital,Ortopedia,Diabetes,2023-12-31,Masculino,Urgência,SUS
2145,Joaquim Cavalcanti,21,PR,Cascavel,Unidade de Saúde da Família,Dermatologia,Dermatite,2024-03-30,Feminino,Exame,Amil
2146,Srta. Maya Lima,46,MG,Belo Horizonte,UBS,Endocrinologia,Dor abdominal,2024-12-19,Masculino,Exame,Particular
2147,Luísa Costela,35,SP,São Paulo,Laboratório,Oftalmologia,Gastrite,2025-01-08,Masculino,Urgência,Unimed
2148,Maria Luísa Andrade,9,GO,Goiânia,UBS,Clínica Geral,Alergia,2025-04-30,Feminino,Exame,Particular
2149,José Miguel Peixoto,3,RS,Porto Alegre,Pronto-Socorro,Psiquiatria,Dor abdominal,2024-06-27,Masculino,Urgência,Bradesco Saúde
2150,Valentina Nascimento,32,SP,Santos,UBS,Ginecologia,Colesterol elevado,2024-04-27,Masculino,Consulta,Unimed
2151,Renan Ramos,76,GO,Goiânia,Pronto-Socorro,Psiquiatria,Dermatite,2024-05-17,Feminino,Exame,Bradesco Saúde
2152,Mathias Nunes,82,SC,Chapecó,Clínica Particular,Cardiologia,Dor abdominal,2026-05-08,Feminino,Exame,SulAmérica
2153,Valentina Mendonça,49,RJ,Volta Redonda,Pronto-Socorro,Cardiologia,Gastrite,2024-08-21,Feminino,Consulta,SUS
2154,Ana Clara Machado,37,PR,Cascavel,Hospital,Neurologia,Alergia,2025-07-21,Feminino,Retorno,SUS
2155,Oliver Guerra,56,MG,Juiz de Fora,UPA,Ortopedia,Asma,2024-02-02,Feminino,Consulta,Bradesco Saúde
2156,Caroline Silva,9,CE,Fortaleza,Pronto-Socorro,Pediatria,Ansiedade,2024-03-23,Feminino,Retorno,Particular
2157,Sr. Enzo Gabriel Costa,7,PR,Cascavel,Unidade de Saúde da Família,Endocrinologia,Dermatite,2025-09-21,Masculino,Consulta,Particular
2158,Igor Campos,21,PE,Recife,Hospital,Dermatologia,Diabetes,2026-06-01,Masculino,Retorno,Unimed
2159,Larissa Vargas,19,GO,Rio Verde,UBS,Cardiologia,Alergia,2023-08-18,Masculino,Urgência,SulAmérica
2160,Bryan Rocha,10,SC,Florianópolis,Laboratório,Dermatologia,Enxaqueca,2026-05-15,Masculino,Retorno,Particular
2161,João Felipe Martins,67,CE,Juazeiro do Norte,Clínica Particular,Psiquiatria,Alergia,2023-11-09,Feminino,Exame,Particular
2162,Davi Lucca Gomes,8,SC,Joinville,Hospital,Dermatologia,Artrite,2025-02-20,Masculino,Exame,Amil
2163,Melissa Jesus,86,BA,Ilhéus,UBS,Pediatria,Dermatite,2025-11-23,Masculino,Exame,Bradesco Saúde
2164,Sra. Isabella Duarte,77,RJ,Petrópolis,Laboratório,Cardiologia,Colesterol elevado,2025-07-19,Masculino,Retorno,Bradesco Saúde
2165,Thales Alves,22,CE,Juazeiro do Norte,Laboratório,Endocrinologia,Ansiedade,2024-12-23,Masculino,Exame,SulAmérica
2166,Ana Carolina Fonseca,86,PE,Petrolina,Hospital,Dermatologia,Hipertensão,2024-08-17,Feminino,Retorno,SulAmérica
2167,Levi Leão,12,RJ,Petrópolis,Laboratório,Cardiologia,Lombalgia,2025-08-25,Feminino,Consulta,Amil
2168,Srta. Melissa Novais,23,SC,Joinville,Unidade de Saúde da Família,Dermatologia,Infecção urinária,2024-01-13,Masculino,Urgência,SulAmérica
2169,Dra. Maria Almeida,14,PE,Caruaru,Unidade de Saúde da Família,Psiquiatria,Colesterol elevado,2024-05-07,Feminino,Retorno,Unimed
2170,Thiago Rios,54,SP,São José dos Campos,Pronto-Socorro,Psiquiatria,Gastrite,2024-10-25,Feminino,Retorno,SulAmérica
2171,Mariah Marques,4,RS,Santa Maria,Pronto-Socorro,Neurologia,Artrite,2023-11-12,Feminino,Retorno,Particular
2172,Dr. Enzo Gabriel Cardoso,20,CE,Fortaleza,Centro Médico,Cardiologia,Gastrite,2023-12-18,Masculino,Retorno,Unimed
2173,Oliver Rodrigues,81,GO,Aparecida de Goiânia,Laboratório,Dermatologia,Artrite,2024-06-12,Masculino,Consulta,Bradesco Saúde
2174,Ana Júlia Moraes,35,GO,Aparecida de Goiânia,Laboratório,Endocrinologia,Asma,2023-08-22,Masculino,Consulta,Amil
2175,Natália Alves,51,MG,Juiz de Fora,Unidade de Saúde da Família,Pediatria,Colesterol elevado,2025-05-17,Feminino,Consulta,Amil
2176,Levi Guerra,9,SP,São José dos Campos,UBS,Dermatologia,Diabetes,2026-08-13,Masculino,Consulta,Bradesco Saúde
2177,Apollo Ramos,85,PR,Maringá,UPA,Ortopedia,Asma,2023-09-11,Feminino,Consulta,SUS
2178,Laís Cardoso,93,PR,Cascavel,Laboratório,Clínica Geral,Lombalgia,2024-07-24,Masculino,Retorno,Particular
2179,Yan da Rosa,72,RS,Pelotas,UBS,Oftalmologia,Lombalgia,2026-08-16,Masculino,Retorno,Unimed
2180,Leonardo Gonçalves,64,RS,Pelotas,UPA,Dermatologia,Diabetes,2024-11-13,Masculino,Exame,Unimed
2181,Melina Jesus,90,SP,Campinas,Pronto-Socorro,Dermatologia,Hipertensão,2024-09-21,Feminino,Exame,Particular
2182,Dra. Ana Cecília Silva,9,CE,Sobral,UPA,Dermatologia,Consulta de rotina,2026-03-27,Masculino,Consulta,Amil
2183,Apollo Nogueira,13,CE,Caucaia,Pronto-Socorro,Cardiologia,Alergia,2024-11-02,Feminino,Exame,Bradesco Saúde
2184,Evelyn Pires,42,RJ,Niterói,UPA,Oftalmologia,Infecção urinária,2026-02-12,Feminino,Urgência,Bradesco Saúde
2185,Sr. Anthony das Neves,90,PE,Olinda,Laboratório,Psiquiatria,Artrite,2026-03-06,Feminino,Urgência,Bradesco Saúde
2186,Calebe Sousa,89,PE,Caruaru,UBS,Ginecologia,Lombalgia,2024-05-07,Feminino,Urgência,SulAmérica
2187,Davi Nunes,16,SP,São Paulo,UPA,Psiquiatria,Infecção urinária,2026-05-13,Masculino,Consulta,SulAmérica
2188,Lucas da Conceição,32,CE,Juazeiro do Norte,Laboratório,Clínica Geral,Lombalgia,2024-12-13,Masculino,Consulta,Amil
2189,Sr. Oliver Silveira,88,RJ,Volta Redonda,Hospital,Ortopedia,Dermatite,2024-12-20,Feminino,Retorno,Amil
2190,Sabrina Sousa,53,BA,Feira de Santana,UPA,Cardiologia,Artrite,2024-02-05,Feminino,Urgência,Unimed
2191,Dr. Lorenzo da Mota,49,GO,Goiânia,Unidade de Saúde da Família,Clínica Geral,Hipertensão,2026-01-21,Masculino,Urgência,SUS
2192,Maria Luísa da Conceição,23,RS,Pelotas,Hospital,Dermatologia,Ansiedade,2025-06-10,Feminino,Exame,SulAmérica
2193,Liam Pereira,56,RS,Santa Maria,Unidade de Saúde da Família,Oftalmologia,Hipertensão,2025-01-05,Feminino,Exame,Unimed
2194,Caleb Siqueira,40,MG,Belo Horizonte,Centro Médico,Oftalmologia,Dermatite,2026-07-03,Feminino,Exame,Amil
2195,Miguel Azevedo,74,BA,Salvador,Unidade de Saúde da Família,Dermatologia,Colesterol elevado,2024-06-12,Feminino,Retorno,SUS
2196,João Guilherme Porto,55,SC,Florianópolis,UPA,Ortopedia,Dermatite,2023-12-29,Feminino,Urgência,Amil
2197,Clara Silveira,82,PE,Olinda,UPA,Oftalmologia,Lombalgia,2024-12-02,Feminino,Consulta,Particular
2198,Rafael Melo,78,PE,Caruaru,Centro Médico,Ortopedia,Ansiedade,2023-12-06,Masculino,Consulta,SulAmérica
2199,Marcelo Câmara,24,PE,Olinda,UBS,Pediatria,Infecção respiratória,2024-11-28,Feminino,Retorno,Amil
2200,Heloisa Pimenta,89,PE,Petrolina,Unidade de Saúde da Família,Dermatologia,Gastrite,2025-10-30,Masculino,Urgência,Bradesco Saúde
2201,Ana Júlia Nunes,4,RJ,Volta Redonda,UBS,Cardiologia,Infecção respiratória,2025-09-26,Feminino,Consulta,Particular
2202,Gabriel Siqueira,69,BA,Vitória da Conquista,Laboratório,Clínica Geral,Hipertensão,2025-08-22,Masculino,Consulta,Amil
2203,Ravi Costela,62,GO,Rio Verde,Unidade de Saúde da Família,Endocrinologia,Infecção respiratória,2026-08-14,Masculino,Consulta,SUS
2204,Asafe Andrade,57,GO,Anápolis,Hospital,Dermatologia,Alergia,2025-11-12,Masculino,Exame,Unimed
2205,Yuri da Mota,10,MG,Contagem,UPA,Cardiologia,Ansiedade,2025-11-29,Masculino,Consulta,SUS
2206,Luiz Henrique Macedo,30,SC,Blumenau,Unidade de Saúde da Família,Ginecologia,Dor abdominal,2024-06-24,Feminino,Urgência,SulAmérica
2207,Mariane Brito,69,GO,Rio Verde,Hospital,Neurologia,Artrite,2024-02-23,Feminino,Retorno,Unimed
2208,Nathan Jesus,40,RS,Caxias do Sul,UPA,Cardiologia,Infecção urinária,2023-09-16,Masculino,Urgência,Unimed
2209,Dra. Maria Ramos,7,BA,Vitória da Conquista,Hospital,Oftalmologia,Enxaqueca,2025-03-14,Feminino,Urgência,Unimed
2210,Lunna Ramos,95,CE,Juazeiro do Norte,UPA,Ortopedia,Dermatite,2023-12-16,Masculino,Consulta,SUS
2211,Dr. Felipe da Rocha,92,PR,Londrina,Unidade de Saúde da Família,Dermatologia,Colesterol elevado,2024-04-26,Feminino,Consulta,Amil
2212,Ana Vitória Ramos,27,CE,Sobral,Clínica Particular,Dermatologia,Infecção urinária,2026-02-18,Masculino,Exame,SUS
2213,Thomas da Cruz,72,SP,Campinas,Laboratório,Pediatria,Dermatite,2025-12-25,Masculino,Exame,Unimed
2214,Davi Lucas Marques,8,SP,São José dos Campos,UBS,Psiquiatria,Colesterol elevado,2025-03-07,Feminino,Retorno,Particular
2215,Sabrina Pastor,92,RS,Pelotas,Clínica Particular,Clínica Geral,Gastrite,2024-10-02,Masculino,Urgência,SulAmérica
2216,Sr. Otávio Barros,35,SC,Joinville,Clínica Particular,Ginecologia,Dermatite,2025-01-31,Masculino,Urgência,Particular
2217,Catarina Fernandes,66,SP,São Paulo,UBS,Oftalmologia,Alergia,2024-09-05,Feminino,Urgência,Bradesco Saúde
2218,Lucas Gabriel Viana,45,RJ,Volta Redonda,UPA,Dermatologia,Enxaqueca,2024-11-02,Feminino,Urgência,Unimed
2219,Evelyn Moura,7,RS,Santa Maria,Clínica Particular,Endocrinologia,Ansiedade,2025-12-21,Feminino,Consulta,Amil
2220,Kamilly Costela,58,GO,Aparecida de Goiânia,UBS,Clínica Geral,Infecção urinária,2023-11-17,Feminino,Retorno,SulAmérica
2221,Dra. Marina Sousa,19,GO,Goiânia,Unidade de Saúde da Família,Endocrinologia,Artrite,2024-09-29,Feminino,Exame,Bradesco Saúde
2222,Davi Lucas Almeida,76,GO,Rio Verde,UPA,Psiquiatria,Hipertensão,2025-03-21,Feminino,Urgência,Amil
2223,Sr. Lucas Gabriel Novaes,62,GO,Aparecida de Goiânia,UBS,Dermatologia,Dermatite,2023-12-26,Feminino,Retorno,Unimed
2224,Luigi Campos,5,PE,Olinda,UBS,Psiquiatria,Artrite,2024-02-03,Feminino,Urgência,SUS
2225,Lorena Brito,27,RS,Caxias do Sul,Clínica Particular,Psiquiatria,Alergia,2025-01-26,Masculino,Retorno,SUS
2226,Isabel Cirino,20,GO,Goiânia,UBS,Endocrinologia,Alergia,2026-05-22,Masculino,Exame,SUS
2227,Dr. Vitor Hugo Viana,23,GO,Aparecida de Goiânia,Hospital,Psiquiatria,Artrite,2024-07-08,Masculino,Retorno,SUS
2228,Dr. João Felipe Jesus,15,RJ,Rio de Janeiro,Hospital,Pediatria,Dor abdominal,2023-09-17,Masculino,Consulta,Particular
2229,Srta. Ana Carolina Carvalho,60,RJ,Volta Redonda,Laboratório,Oftalmologia,Diabetes,2026-06-17,Masculino,Consulta,Bradesco Saúde
2230,Ana Sophia Jesus,92,GO,Rio Verde,Laboratório,Cardiologia,Hipertensão,2023-11-26,Masculino,Urgência,SUS
2231,Liam Ribeiro,12,BA,Ilhéus,Pronto-Socorro,Clínica Geral,Ansiedade,2024-08-06,Masculino,Urgência,Unimed
2232,Gabrielly Câmara,76,PR,Curitiba,Hospital,Neurologia,Enxaqueca,2025-11-04,Feminino,Retorno,SUS
2233,Olivia Dias,53,BA,Vitória da Conquista,Centro Médico,Cardiologia,Hipertensão,2025-05-12,Masculino,Retorno,SulAmérica
2234,Pietro Santos,52,SP,Ribeirão Preto,UPA,Clínica Geral,Lombalgia,2024-05-23,Feminino,Urgência,SulAmérica
2235,Dr. Caleb Cardoso,57,GO,Rio Verde,UBS,Ginecologia,Hipertensão,2025-09-01,Masculino,Exame,Amil
2236,Murilo Silveira,35,PE,Petrolina,UBS,Cardiologia,Hipertensão,2026-04-04,Feminino,Urgência,Unimed
2237,Hadassa Pastor,91,RJ,Rio de Janeiro,Clínica Particular,Dermatologia,Hipertensão,2025-01-11,Feminino,Urgência,Particular
2238,Maria Laura Albuquerque,80,PE,Caruaru,Unidade de Saúde da Família,Clínica Geral,Artrite,2025-10-16,Masculino,Urgência,Bradesco Saúde
2239,Danilo Cardoso,54,PR,Cascavel,Clínica Particular,Dermatologia,Artrite,2025-01-29,Masculino,Exame,Bradesco Saúde
2240,Yan Carvalho,21,GO,Rio Verde,Laboratório,Psiquiatria,Alergia,2024-05-30,Masculino,Retorno,Bradesco Saúde
2241,Allana Moura,61,PE,Recife,Unidade de Saúde da Família,Psiquiatria,Diabetes,2025-08-23,Feminino,Consulta,Unimed
2242,Sabrina Viana,24,GO,Rio Verde,Centro Médico,Neurologia,Dermatite,2024-08-02,Masculino,Exame,Amil
2243,Beatriz Siqueira,31,SP,São José dos Campos,UPA,Clínica Geral,Diabetes,2026-06-17,Masculino,Exame,SulAmérica
2244,Otto Barros,81,BA,Ilhéus,UPA,Oftalmologia,Hipertensão,2025-08-04,Feminino,Consulta,Bradesco Saúde
2245,Sr. Dante Ramos,48,SP,São José dos Campos,UPA,Cardiologia,Colesterol elevado,2025-11-14,Feminino,Urgência,Unimed
2246,Pietra Pacheco,16,SC,Blumenau,Unidade de Saúde da Família,Neurologia,Alergia,2025-10-08,Feminino,Consulta,SulAmérica
2247,Isabella Porto,38,MG,Contagem,Laboratório,Psiquiatria,Infecção respiratória,2025-09-01,Masculino,Consulta,Bradesco Saúde
2248,Lívia Fogaça,36,SC,Joinville,UBS,Psiquiatria,Asma,2026-01-26,Feminino,Retorno,Amil
2249,Brenda Gomes,21,RS,Caxias do Sul,UPA,Psiquiatria,Alergia,2026-06-22,Feminino,Consulta,Amil
2250,Emanuel Gomes,93,SP,Santos,Centro Médico,Dermatologia,Ansiedade,2024-05-23,Masculino,Consulta,Bradesco Saúde
2251,Yan Macedo,48,BA,Vitória da Conquista,Unidade de Saúde da Família,Clínica Geral,Lombalgia,2023-10-23,Feminino,Retorno,Particular
2252,Ana Liz Abreu,17,GO,Aparecida de Goiânia,Centro Médico,Neurologia,Dermatite,2024-09-27,Masculino,Consulta,SulAmérica
2253,Joana Cassiano,81,SP,São Paulo,Laboratório,Ortopedia,Ansiedade,2025-05-04,Feminino,Exame,Unimed
2254,Mariah da Paz,22,SP,Ribeirão Preto,Clínica Particular,Pediatria,Enxaqueca,2024-10-08,Feminino,Retorno,Bradesco Saúde
2255,Maria Fernanda Guerra,93,MG,Juiz de Fora,Pronto-Socorro,Clínica Geral,Hipertensão,2024-01-30,Masculino,Exame,Bradesco Saúde
2256,Aurora Andrade,21,SC,Joinville,Pronto-Socorro,Neurologia,Dor abdominal,2025-01-30,Masculino,Retorno,Amil
2257,Vitor Correia,70,RJ,Volta Redonda,Centro Médico,Clínica Geral,Alergia,2025-10-13,Masculino,Consulta,Unimed
2258,Zoe Castro,12,SC,Florianópolis,UBS,Psiquiatria,Lombalgia,2024-01-31,Masculino,Retorno,Amil
2259,Cecilia das Neves,41,RJ,Rio de Janeiro,UPA,Oftalmologia,Diabetes,2024-03-02,Masculino,Urgência,SUS
2260,Gabriela Gomes,73,CE,Fortaleza,UPA,Ortopedia,Hipertensão,2023-08-18,Masculino,Exame,Particular
2261,Lara Montenegro,88,PE,Caruaru,Hospital,Clínica Geral,Alergia,2025-03-31,Feminino,Consulta,Bradesco Saúde
2262,Luiz Gustavo Fogaça,72,GO,Anápolis,Centro Médico,Dermatologia,Dor abdominal,2025-06-05,Masculino,Exame,Amil
2263,Sabrina Alves,53,GO,Aparecida de Goiânia,Centro Médico,Pediatria,Consulta de rotina,2025-04-09,Feminino,Urgência,Amil
2264,Mathias Costela,94,RJ,Volta Redonda,UBS,Psiquiatria,Colesterol elevado,2024-12-12,Masculino,Exame,SUS
2265,Rafaela da Cunha,28,RS,Porto Alegre,UBS,Clínica Geral,Enxaqueca,2025-07-18,Feminino,Consulta,SUS
2266,Dr. Rodrigo Silva,29,BA,Ilhéus,UPA,Cardiologia,Alergia,2024-12-30,Feminino,Retorno,SulAmérica
2267,Carolina Costela,33,BA,Ilhéus,Clínica Particular,Ginecologia,Dermatite,2024-03-12,Masculino,Exame,Bradesco Saúde
2268,Catarina Alves,35,SP,Ribeirão Preto,Laboratório,Clínica Geral,Asma,2025-04-02,Feminino,Exame,SUS
2269,Juliana Teixeira,92,GO,Aparecida de Goiânia,Pronto-Socorro,Dermatologia,Ansiedade,2025-09-20,Masculino,Urgência,SUS
2270,Marina Cardoso,49,BA,Feira de Santana,Pronto-Socorro,Oftalmologia,Ansiedade,2024-07-27,Masculino,Consulta,Unimed
2271,Caio Rios,58,BA,Salvador,Unidade de Saúde da Família,Dermatologia,Asma,2025-03-30,Masculino,Exame,Unimed
2272,Vicente Souza,46,CE,Juazeiro do Norte,UBS,Ginecologia,Gastrite,2025-02-26,Masculino,Retorno,Bradesco Saúde
2273,Matheus da Cruz,77,MG,Belo Horizonte,Hospital,Endocrinologia,Ansiedade,2023-10-19,Feminino,Urgência,Particular
2274,Maria Sophia Cavalcante,81,SP,Ribeirão Preto,Pronto-Socorro,Clínica Geral,Infecção urinária,2026-05-14,Masculino,Retorno,Particular
2275,Laura da Cruz,60,RJ,Rio de Janeiro,Laboratório,Cardiologia,Consulta de rotina,2024-07-05,Masculino,Retorno,Unimed
2276,Calebe Barbosa,88,RS,Santa Maria,Laboratório,Clínica Geral,Infecção urinária,2025-03-23,Masculino,Retorno,SulAmérica
2277,Luiz Miguel Barros,92,SP,Ribeirão Preto,Centro Médico,Ortopedia,Lombalgia,2026-02-08,Feminino,Consulta,SulAmérica
2278,Eduarda Correia,11,MG,Belo Horizonte,UPA,Pediatria,Alergia,2025-09-25,Feminino,Urgência,Particular
2279,Fernando Pires,54,SP,Campinas,Hospital,Cardiologia,Lombalgia,2023-12-20,Masculino,Urgência,SUS
2280,Melissa Jesus,84,MG,Juiz de Fora,Pronto-Socorro,Neurologia,Infecção urinária,2025-05-22,Feminino,Consulta,Amil
2281,Luiz Fernando Gonçalves,64,RS,Porto Alegre,UBS,Neurologia,Asma,2025-02-08,Masculino,Retorno,Amil
2282,Valentim Mendes,46,GO,Goiânia,Centro Médico,Clínica Geral,Ansiedade,2026-05-29,Masculino,Consulta,Particular
2283,Benicio Aragão,37,SP,Ribeirão Preto,Clínica Particular,Dermatologia,Colesterol elevado,2025-08-27,Masculino,Retorno,SulAmérica
2284,Sr. Ravi Caldeira,1,GO,Goiânia,Pronto-Socorro,Ginecologia,Infecção respiratória,2024-11-15,Masculino,Retorno,Amil
2285,Maria Isis Camargo,79,SP,São José dos Campos,Pronto-Socorro,Cardiologia,Diabetes,2024-07-27,Feminino,Consulta,SUS
2286,Mirella Siqueira,70,BA,Feira de Santana,Centro Médico,Ginecologia,Colesterol elevado,2024-01-15,Masculino,Urgência,SulAmérica
2287,Arthur Gabriel Barbosa,19,GO,Anápolis,Hospital,Ginecologia,Gastrite,2025-06-13,Masculino,Consulta,Particular
2288,Vicente Nogueira,73,PE,Petrolina,Hospital,Clínica Geral,Gastrite,2025-11-11,Feminino,Consulta,Particular
2289,Amanda Marques,92,SC,Chapecó,Unidade de Saúde da Família,Neurologia,Enxaqueca,2024-08-09,Masculino,Retorno,Amil
2290,Luigi Rocha,89,SC,Blumenau,UPA,Ortopedia,Infecção urinária,2024-03-12,Masculino,Urgência,Unimed
2291,Olívia Ribeiro,29,GO,Anápolis,Hospital,Clínica Geral,Gastrite,2025-04-10,Feminino,Exame,Amil
2292,Isaac Rocha,42,MG,Juiz de Fora,Hospital,Ortopedia,Infecção respiratória,2025-10-25,Feminino,Consulta,Particular
2293,Raquel Cavalcanti,49,CE,Caucaia,Centro Médico,Dermatologia,Infecção respiratória,2025-11-17,Feminino,Retorno,Unimed
2294,Vitor Moura,69,RJ,Volta Redonda,Pronto-Socorro,Pediatria,Consulta de rotina,2026-07-25,Masculino,Retorno,SulAmérica
2295,Esther Jesus,29,GO,Aparecida de Goiânia,Clínica Particular,Dermatologia,Lombalgia,2026-04-02,Masculino,Consulta,Particular
2296,Joaquim Moraes,6,SP,São José dos Campos,Laboratório,Clínica Geral,Lombalgia,2024-11-06,Masculino,Consulta,SulAmérica
2297,Luara Rios,66,SC,Chapecó,Pronto-Socorro,Ortopedia,Hipertensão,2025-07-27,Masculino,Consulta,Particular
2298,Lavínia Cavalcanti,57,PE,Petrolina,Clínica Particular,Pediatria,Consulta de rotina,2023-11-08,Masculino,Urgência,SulAmérica
2299,Ryan Gomes,43,BA,Ilhéus,Unidade de Saúde da Família,Ginecologia,Dermatite,2024-01-28,Masculino,Consulta,SUS
2300,Antônio Pereira,40,GO,Rio Verde,UPA,Oftalmologia,Hipertensão,2025-09-15,Masculino,Retorno,Amil
2301,Alice Rezende,89,MG,Belo Horizonte,UPA,Neurologia,Lombalgia,2026-04-27,Feminino,Retorno,Particular
2302,Milena Aragão,60,RS,Santa Maria,Hospital,Psiquiatria,Infecção respiratória,2025-04-02,Masculino,Exame,Particular
2303,Levi Macedo,21,RJ,Petrópolis,Clínica Particular,Endocrinologia,Hipertensão,2025-03-22,Masculino,Retorno,Amil
2304,Srta. Nicole Jesus,83,MG,Belo Horizonte,UPA,Cardiologia,Lombalgia,2024-12-06,Masculino,Exame,SulAmérica
2305,Sra. Mariane Sampaio,73,SP,Santos,UBS,Oftalmologia,Diabetes,2023-10-10,Masculino,Exame,SUS
2306,Luiz Otávio Souza,43,SC,Blumenau,UBS,Psiquiatria,Ansiedade,2023-10-09,Feminino,Exame,SulAmérica
2307,Sra. Luana Silveira,91,CE,Caucaia,UBS,Oftalmologia,Artrite,2024-05-09,Masculino,Consulta,Unimed
2308,Fernando da Cruz,69,PR,Cascavel,Clínica Particular,Cardiologia,Artrite,2025-10-15,Feminino,Retorno,Bradesco Saúde
2309,Alana Moraes,23,GO,Rio Verde,Pronto-Socorro,Ginecologia,Ansiedade,2023-09-06,Feminino,Consulta,SulAmérica
2310,João Miguel Araújo,22,RJ,Niterói,Unidade de Saúde da Família,Pediatria,Hipertensão,2023-10-23,Masculino,Retorno,Bradesco Saúde
2311,Esther Novais,69,PR,Maringá,UPA,Ortopedia,Infecção respiratória,2025-02-16,Masculino,Consulta,Unimed
2312,Beatriz da Rosa,36,RJ,Petrópolis,Unidade de Saúde da Família,Dermatologia,Infecção urinária,2024-04-17,Masculino,Retorno,SulAmérica
2313,Sr. Francisco Costela,9,SC,Florianópolis,Laboratório,Ginecologia,Consulta de rotina,2024-09-25,Masculino,Consulta,SulAmérica
2314,José Pedro Barros,17,MG,Belo Horizonte,Hospital,Ortopedia,Hipertensão,2025-01-31,Feminino,Retorno,SUS
2315,Sra. Jade Mendonça,92,MG,Uberlândia,Unidade de Saúde da Família,Neurologia,Lombalgia,2024-01-14,Masculino,Consulta,SUS
2316,Carolina Leão,6,BA,Feira de Santana,UPA,Endocrinologia,Diabetes,2024-04-10,Feminino,Urgência,Particular
2317,Olívia Monteiro,51,PE,Caruaru,Clínica Particular,Clínica Geral,Infecção urinária,2024-02-24,Masculino,Urgência,SulAmérica
2318,Fernando Guerra,57,GO,Aparecida de Goiânia,Unidade de Saúde da Família,Neurologia,Lombalgia,2026-06-22,Feminino,Consulta,Bradesco Saúde
2319,Júlia Barbosa,17,SC,Joinville,UBS,Clínica Geral,Infecção urinária,2023-10-02,Masculino,Consulta,Amil
2320,Eloá Cardoso,39,RJ,Volta Redonda,Laboratório,Psiquiatria,Hipertensão,2025-01-19,Masculino,Retorno,Particular
2321,Dr. Bento Sales,32,SP,Santos,Pronto-Socorro,Cardiologia,Consulta de rotina,2024-06-27,Feminino,Exame,SUS
2322,Ravi da Costa,26,MG,Belo Horizonte,UBS,Oftalmologia,Alergia,2026-06-05,Masculino,Consulta,Unimed
2323,Thomas Carvalho,54,PE,Caruaru,Laboratório,Neurologia,Colesterol elevado,2025-05-01,Masculino,Exame,SUS
2324,Dr. Diego Lopes,11,PE,Olinda,Laboratório,Ginecologia,Lombalgia,2026-03-17,Masculino,Urgência,Bradesco Saúde
2325,Caio Rocha,39,RS,Pelotas,Hospital,Neurologia,Gastrite,2026-05-26,Feminino,Retorno,SulAmérica
2326,Natália da Costa,92,RS,Caxias do Sul,Clínica Particular,Psiquiatria,Gastrite,2026-02-24,Feminino,Consulta,Unimed
2327,Dr. Dom Gonçalves,22,GO,Rio Verde,Unidade de Saúde da Família,Ortopedia,Infecção respiratória,2025-04-16,Masculino,Exame,SUS
2328,Ana Laura Novais,12,PE,Recife,Pronto-Socorro,Pediatria,Enxaqueca,2025-10-16,Masculino,Exame,SulAmérica
2329,João Pedro Cunha,84,MG,Juiz de Fora,Centro Médico,Dermatologia,Infecção urinária,2025-12-30,Masculino,Consulta,SulAmérica
2330,Júlia Campos,69,SC,Florianópolis,Unidade de Saúde da Família,Psiquiatria,Infecção urinária,2023-11-06,Masculino,Exame,SUS
2331,Dr. Enzo Gabriel Aragão,92,PR,Maringá,UBS,Psiquiatria,Consulta de rotina,2026-04-18,Feminino,Urgência,SUS
2332,Sr. Oliver da Costa,31,PR,Maringá,UPA,Dermatologia,Alergia,2023-11-22,Masculino,Urgência,SulAmérica
2333,Ayla Nogueira,69,SP,Santos,Clínica Particular,Ortopedia,Dor abdominal,2026-06-29,Feminino,Retorno,Particular
2334,Ana Luiza Albuquerque,11,PR,Curitiba,Centro Médico,Endocrinologia,Alergia,2024-05-07,Feminino,Consulta,Unimed
2335,Oliver Moura,60,RS,Pelotas,Laboratório,Psiquiatria,Infecção urinária,2026-08-15,Feminino,Exame,Unimed
2336,Melissa Lopes,76,CE,Sobral,Pronto-Socorro,Ginecologia,Dor abdominal,2025-08-19,Feminino,Retorno,Amil
2337,Srta. Amanda Costa,35,BA,Ilhéus,Laboratório,Oftalmologia,Ansiedade,2025-07-18,Feminino,Consulta,Amil
2338,Pietra Pimenta,17,PR,Maringá,UBS,Pediatria,Lombalgia,2026-04-25,Feminino,Urgência,Particular
2339,Dr. Luiz Gustavo Cunha,74,SC,Florianópolis,Centro Médico,Psiquiatria,Ansiedade,2024-12-04,Feminino,Consulta,Unimed
2340,Manuela Barros,77,MG,Contagem,UPA,Ginecologia,Colesterol elevado,2024-04-13,Feminino,Exame,Amil
2341,Mariane Cavalcante,24,RS,Santa Maria,UBS,Ortopedia,Hipertensão,2024-12-25,Feminino,Urgência,SUS
2342,Calebe Nunes,92,PR,Maringá,UBS,Dermatologia,Infecção respiratória,2025-07-03,Feminino,Consulta,Unimed
2343,Catarina Gomes,84,SP,Santos,Clínica Particular,Ortopedia,Colesterol elevado,2024-05-10,Masculino,Exame,Particular
2344,João Gabriel Dias,40,RS,Pelotas,Clínica Particular,Clínica Geral,Alergia,2024-09-20,Feminino,Retorno,SulAmérica
2345,Isadora Fogaça,14,CE,Caucaia,Hospital,Clínica Geral,Artrite,2024-12-16,Masculino,Exame,Bradesco Saúde
2346,Lorenzo da Paz,19,BA,Feira de Santana,UBS,Cardiologia,Lombalgia,2025-11-30,Feminino,Consulta,Bradesco Saúde
2347,Maria Sophia da Mota,21,RS,Pelotas,Clínica Particular,Ginecologia,Dermatite,2026-07-09,Feminino,Retorno,Amil
2348,Nicolas Costa,34,SC,Chapecó,Pronto-Socorro,Neurologia,Hipertensão,2026-03-06,Masculino,Exame,SUS
2349,Srta. Heloisa Costa,89,MG,Belo Horizonte,Laboratório,Ginecologia,Ansiedade,2026-03-06,Masculino,Retorno,Amil
2350,Kamilly Pastor,17,CE,Sobral,Laboratório,Oftalmologia,Infecção urinária,2026-02-17,Feminino,Exame,SUS
2351,Olivia Azevedo,1,PR,Cascavel,UBS,Dermatologia,Ansiedade,2024-12-19,Masculino,Consulta,SulAmérica
2352,Felipe Siqueira,57,BA,Feira de Santana,UBS,Clínica Geral,Ansiedade,2023-12-05,Feminino,Urgência,SulAmérica
2353,Gabrielly Rocha,5,SC,Florianópolis,Hospital,Pediatria,Alergia,2025-12-10,Masculino,Retorno,Particular
2354,Enzo Silva,41,RS,Caxias do Sul,Unidade de Saúde da Família,Ortopedia,Diabetes,2024-08-30,Feminino,Consulta,Bradesco Saúde
2355,Maria Isis Abreu,74,RS,Caxias do Sul,UBS,Ortopedia,Colesterol elevado,2025-10-24,Feminino,Consulta,Amil
2356,Maria Alice Novais,26,MG,Belo Horizonte,UBS,Ortopedia,Gastrite,2025-07-23,Feminino,Urgência,SulAmérica
2357,Kaique Martins,23,MG,Contagem,Hospital,Psiquiatria,Infecção urinária,2026-01-13,Masculino,Exame,SUS
2358,Maya da Cruz,93,BA,Feira de Santana,Centro Médico,Psiquiatria,Lombalgia,2023-10-04,Masculino,Retorno,SUS
2359,Luna Monteiro,82,MG,Uberlândia,Unidade de Saúde da Família,Ortopedia,Asma,2026-03-18,Masculino,Retorno,Particular
2360,Marina Jesus,61,RS,Pelotas,Clínica Particular,Ginecologia,Dor abdominal,2025-08-03,Masculino,Retorno,Amil
2361,Matheus Pimenta,65,PE,Recife,Centro Médico,Clínica Geral,Alergia,2023-12-13,Feminino,Consulta,Particular
2362,Aylla Brito,6,SC,Chapecó,UPA,Oftalmologia,Consulta de rotina,2025-02-27,Feminino,Consulta,Bradesco Saúde
2363,Ana Júlia Fonseca,49,MG,Uberlândia,Hospital,Cardiologia,Hipertensão,2026-03-29,Feminino,Consulta,SUS
2364,Letícia Costela,46,PE,Recife,Clínica Particular,Endocrinologia,Infecção urinária,2023-10-04,Masculino,Consulta,Amil
2365,Jade Vieira,69,PE,Caruaru,Pronto-Socorro,Oftalmologia,Alergia,2025-03-21,Masculino,Urgência,Amil
2366,Gustavo Barbosa,19,RS,Caxias do Sul,Clínica Particular,Ortopedia,Asma,2024-07-31,Masculino,Retorno,SUS
2367,Juliana Gomes,82,SC,Florianópolis,UBS,Psiquiatria,Enxaqueca,2023-12-05,Feminino,Retorno,Unimed
2368,Sra. Brenda Monteiro,92,SC,Joinville,UPA,Pediatria,Asma,2025-09-07,Feminino,Exame,Particular
2369,Enrico Martins,80,PE,Olinda,Centro Médico,Ortopedia,Lombalgia,2024-01-16,Masculino,Exame,SUS
2370,Isabela Castro,9,CE,Caucaia,UBS,Endocrinologia,Hipertensão,2025-02-11,Feminino,Exame,SulAmérica
2371,Isabela Rezende,14,CE,Juazeiro do Norte,Clínica Particular,Clínica Geral,Alergia,2024-12-07,Feminino,Retorno,Bradesco Saúde
2372,Luiz Miguel Moura,84,RS,Porto Alegre,Centro Médico,Pediatria,Hipertensão,2024-11-20,Masculino,Retorno,Amil
2373,Sr. Rodrigo Freitas,85,MG,Contagem,Hospital,Endocrinologia,Colesterol elevado,2023-11-28,Feminino,Exame,SUS
2374,Sr. Rhavi Sampaio,85,GO,Rio Verde,Centro Médico,Oftalmologia,Diabetes,2026-06-21,Feminino,Urgência,Amil
2375,Henry Gabriel Aparecida,41,SP,Santos,Pronto-Socorro,Psiquiatria,Diabetes,2025-11-18,Masculino,Consulta,Unimed
2376,Dra. Elisa Brito,93,RJ,Volta Redonda,Pronto-Socorro,Cardiologia,Diabetes,2024-06-12,Feminino,Urgência,Amil
2377,Leonardo Aragão,73,RS,Porto Alegre,UBS,Psiquiatria,Asma,2024-07-08,Feminino,Retorno,Bradesco Saúde
2378,Nina Cavalcante,71,BA,Ilhéus,Unidade de Saúde da Família,Ginecologia,Colesterol elevado,2023-09-28,Masculino,Consulta,Amil
2379,João Vitor Casa Grande,3,SP,Campinas,Pronto-Socorro,Pediatria,Gastrite,2023-11-16,Masculino,Consulta,Particular
2380,Sra. Bianca da Costa,13,GO,Rio Verde,UPA,Cardiologia,Infecção respiratória,2024-12-11,Feminino,Consulta,SUS
2381,Sr. Luiz Henrique Andrade,92,GO,Aparecida de Goiânia,Laboratório,Psiquiatria,Gastrite,2024-05-17,Feminino,Exame,Amil
2382,Sabrina Cavalcanti,67,SP,São José dos Campos,Unidade de Saúde da Família,Ortopedia,Diabetes,2025-03-27,Masculino,Exame,Amil
2383,Valentina Barbosa,11,CE,Caucaia,UPA,Pediatria,Alergia,2024-01-10,Feminino,Consulta,Amil
2384,Gustavo Henrique Macedo,84,BA,Ilhéus,Laboratório,Ginecologia,Dor abdominal,2024-07-20,Masculino,Urgência,SUS
2385,Ísis Guerra,81,RJ,Rio de Janeiro,Laboratório,Ginecologia,Enxaqueca,2026-07-20,Masculino,Consulta,Bradesco Saúde
2386,Srta. Ana Lívia Macedo,24,GO,Anápolis,Clínica Particular,Cardiologia,Infecção respiratória,2025-01-13,Masculino,Retorno,Particular
2387,Dra. Emanuella Costela,46,GO,Goiânia,Hospital,Ginecologia,Alergia,2025-09-18,Feminino,Urgência,Unimed
2388,Sr. Bento Mendonça,37,GO,Rio Verde,Unidade de Saúde da Família,Clínica Geral,Asma,2026-05-09,Masculino,Consulta,SUS
2389,Isis Nunes,51,PE,Petrolina,Pronto-Socorro,Dermatologia,Artrite,2023-10-19,Feminino,Exame,Amil
2390,Noah Martins,76,RS,Santa Maria,Unidade de Saúde da Família,Dermatologia,Ansiedade,2026-06-29,Masculino,Exame,SUS
2391,Aylla Caldeira,55,PE,Caruaru,Hospital,Dermatologia,Dermatite,2024-09-16,Feminino,Consulta,Particular
2392,Camila Cirino,46,PE,Olinda,Centro Médico,Ortopedia,Alergia,2026-03-25,Masculino,Consulta,Bradesco Saúde
2393,Camila Lima,73,PE,Caruaru,Laboratório,Psiquiatria,Infecção respiratória,2024-12-18,Feminino,Exame,Particular
2394,Maria Luiza Leão,18,RJ,Petrópolis,Laboratório,Ortopedia,Lombalgia,2023-12-31,Masculino,Consulta,SulAmérica
2395,Heloísa Pires,93,BA,Ilhéus,Hospital,Pediatria,Lombalgia,2025-09-02,Feminino,Consulta,SUS
2396,Sr. Asafe Correia,60,SC,Joinville,Laboratório,Ortopedia,Gastrite,2023-08-17,Feminino,Retorno,Particular
2397,Ana Clara Cassiano,68,BA,Vitória da Conquista,Centro Médico,Psiquiatria,Gastrite,2025-04-20,Feminino,Urgência,Amil
2398,Cauã Abreu,39,PE,Olinda,Centro Médico,Dermatologia,Dermatite,2026-02-07,Feminino,Retorno,Unimed
2399,Sr. Gabriel Sales,40,RS,Porto Alegre,UBS,Oftalmologia,Consulta de rotina,2024-11-07,Masculino,Retorno,SulAmérica
2400,Carolina Brito,75,RS,Pelotas,Unidade de Saúde da Família,Dermatologia,Dor abdominal,2025-05-20,Feminino,Exame,Unimed
2401,Marcos Vinicius Monteiro,87,SP,São José dos Campos,UPA,Pediatria,Dor abdominal,2024-03-01,Masculino,Urgência,Bradesco Saúde
2402,Davi Luiz Fonseca,78,PE,Olinda,Unidade de Saúde da Família,Ortopedia,Consulta de rotina,2025-09-05,Feminino,Consulta,SUS
2403,Amanda Pimenta,2,MG,Belo Horizonte,Unidade de Saúde da Família,Pediatria,Hipertensão,2024-03-23,Masculino,Consulta,Amil
2404,Emanuella Rodrigues,42,SP,Ribeirão Preto,Pronto-Socorro,Endocrinologia,Lombalgia,2025-04-27,Masculino,Urgência,SulAmérica
2405,Srta. Luiza Nogueira,44,PE,Caruaru,Unidade de Saúde da Família,Psiquiatria,Infecção respiratória,2024-01-03,Masculino,Consulta,SUS
2406,Larissa Macedo,39,SP,São Paulo,Pronto-Socorro,Psiquiatria,Gastrite,2026-03-22,Feminino,Exame,Particular
2407,Srta. Sabrina da Costa,73,MG,Uberlândia,Hospital,Clínica Geral,Infecção respiratória,2025-02-01,Feminino,Consulta,SUS
2408,Marcos Vinicius Sales,94,RJ,Niterói,Unidade de Saúde da Família,Ginecologia,Dermatite,2024-07-14,Feminino,Urgência,Bradesco Saúde
2409,Luiz Fernando da Luz,25,GO,Rio Verde,Centro Médico,Psiquiatria,Lombalgia,2025-05-12,Feminino,Consulta,Bradesco Saúde
2410,Sr. Ian Aragão,74,PE,Recife,Clínica Particular,Cardiologia,Enxaqueca,2025-03-17,Feminino,Urgência,SUS
2411,Laís Rocha,51,RS,Pelotas,Laboratório,Ortopedia,Diabetes,2025-10-25,Masculino,Retorno,Bradesco Saúde
2412,Erick Caldeira,7,SC,Blumenau,Clínica Particular,Dermatologia,Ansiedade,2024-09-17,Masculino,Retorno,Amil
2413,Eduarda Abreu,5,MG,Uberlândia,Clínica Particular,Ortopedia,Enxaqueca,2025-01-04,Feminino,Urgência,SUS
2414,Sra. Maria Alice Cavalcante,27,RS,Santa Maria,UBS,Clínica Geral,Enxaqueca,2026-06-25,Masculino,Exame,SulAmérica
2415,Gustavo Sousa,65,GO,Rio Verde,Laboratório,Endocrinologia,Dermatite,2025-11-24,Masculino,Consulta,Bradesco Saúde
2416,Maria Luiza da Mota,73,BA,Feira de Santana,Pronto-Socorro,Oftalmologia,Colesterol elevado,2023-08-20,Masculino,Retorno,SulAmérica
2417,Sr. Rael da Mota,57,RJ,Volta Redonda,Pronto-Socorro,Cardiologia,Alergia,2025-12-02,Feminino,Retorno,Particular
2418,Ravi Lucca Duarte,41,RS,Caxias do Sul,Hospital,Pediatria,Dor abdominal,2025-12-26,Feminino,Consulta,SUS
2419,Vitor Gabriel Correia,55,MG,Juiz de Fora,Laboratório,Ginecologia,Infecção respiratória,2024-05-20,Feminino,Urgência,SulAmérica
2420,Sra. Ayla da Conceição,26,MG,Uberlândia,UPA,Endocrinologia,Infecção respiratória,2025-02-07,Masculino,Consulta,SUS
2421,Melina Aragão,43,SP,Campinas,Laboratório,Psiquiatria,Diabetes,2024-03-30,Masculino,Retorno,Particular
2422,Murilo Cavalcante,29,PR,Curitiba,Clínica Particular,Dermatologia,Gastrite,2024-09-22,Feminino,Exame,Particular
2423,Eloá Vasconcelos,59,RJ,Volta Redonda,Centro Médico,Clínica Geral,Alergia,2025-11-16,Feminino,Retorno,Amil
2424,Enzo Gabriel Alves,41,GO,Anápolis,Clínica Particular,Clínica Geral,Infecção respiratória,2026-07-12,Feminino,Urgência,SUS
2425,Ágatha Oliveira,23,SP,São Paulo,Clínica Particular,Psiquiatria,Artrite,2025-12-30,Feminino,Exame,SUS
2426,Dra. Maria Luísa Casa Grande,28,PR,Curitiba,Pronto-Socorro,Pediatria,Hipertensão,2025-03-28,Masculino,Urgência,Amil
2427,Levi Sampaio,12,RJ,Rio de Janeiro,Unidade de Saúde da Família,Pediatria,Infecção respiratória,2024-03-18,Masculino,Urgência,Particular
2428,Rafaela Montenegro,57,BA,Salvador,Laboratório,Dermatologia,Infecção urinária,2024-12-26,Feminino,Consulta,Amil
2429,Srta. Isabella Rezende,34,CE,Juazeiro do Norte,Laboratório,Cardiologia,Consulta de rotina,2024-03-03,Masculino,Urgência,Particular
2430,Hellena Ferreira,82,PE,Caruaru,Clínica Particular,Endocrinologia,Dermatite,2025-10-09,Feminino,Retorno,SulAmérica
2431,Manuela da Mata,44,CE,Caucaia,UBS,Pediatria,Infecção respiratória,2024-11-06,Feminino,Consulta,Bradesco Saúde
2432,João Miguel Alves,51,BA,Ilhéus,Pronto-Socorro,Dermatologia,Ansiedade,2025-09-17,Masculino,Retorno,Amil
2433,Helena Garcia,58,PR,Londrina,UBS,Pediatria,Diabetes,2025-04-21,Masculino,Consulta,Particular
2434,Beatriz Alves,68,SP,São Paulo,Unidade de Saúde da Família,Endocrinologia,Hipertensão,2024-09-17,Masculino,Urgência,SulAmérica
2435,Melissa Fernandes,79,SC,Chapecó,Hospital,Cardiologia,Alergia,2024-05-23,Masculino,Exame,Unimed
2436,Maria Laura Vasconcelos,77,SP,Campinas,UPA,Ginecologia,Diabetes,2023-11-23,Feminino,Urgência,SUS
2437,Ana Beatriz Barbosa,95,GO,Anápolis,UBS,Neurologia,Diabetes,2024-02-03,Masculino,Retorno,SUS
2438,Vitor Leão,33,CE,Sobral,Clínica Particular,Ortopedia,Artrite,2024-12-20,Feminino,Retorno,SUS
2439,Liam da Mota,38,SP,Santos,UPA,Pediatria,Diabetes,2026-07-24,Feminino,Retorno,Amil
2440,Maria Flor Pastor,76,BA,Vitória da Conquista,Laboratório,Ortopedia,Ansiedade,2024-10-31,Masculino,Consulta,SulAmérica
2441,Samuel Cavalcanti,26,SC,Joinville,Pronto-Socorro,Dermatologia,Enxaqueca,2025-07-21,Feminino,Consulta,Unimed
2442,Srta. Maria Costa,66,SC,Chapecó,Centro Médico,Clínica Geral,Enxaqueca,2023-12-01,Feminino,Consulta,SUS
2443,Ana Carolina Macedo,79,SP,Santos,Laboratório,Endocrinologia,Infecção urinária,2024-01-01,Feminino,Consulta,Bradesco Saúde
2444,Stella Machado,88,BA,Feira de Santana,Unidade de Saúde da Família,Neurologia,Enxaqueca,2026-02-25,Masculino,Exame,Amil
2445,Ana Lívia da Cruz,77,PR,Londrina,Centro Médico,Oftalmologia,Dor abdominal,2025-10-16,Feminino,Retorno,Amil
2446,Dra. Sophie da Rosa,41,CE,Sobral,UPA,Pediatria,Ansiedade,2024-08-04,Feminino,Retorno,Particular
2447,Pedro Miguel Dias,52,PE,Recife,Centro Médico,Endocrinologia,Diabetes,2024-11-18,Masculino,Retorno,Particular
2448,Gael Teixeira,20,BA,Feira de Santana,Pronto-Socorro,Cardiologia,Diabetes,2026-03-23,Feminino,Exame,SUS
2449,Manuela Fernandes,76,SP,Campinas,Centro Médico,Ginecologia,Colesterol elevado,2025-11-18,Feminino,Retorno,Amil
2450,Sra. Cecilia Cavalcanti,86,PR,Cascavel,UPA,Oftalmologia,Infecção respiratória,2025-12-23,Feminino,Retorno,Particular
2451,Yasmin da Luz,10,PE,Petrolina,Centro Médico,Dermatologia,Consulta de rotina,2023-12-26,Masculino,Urgência,Particular
2452,Theo Rezende,93,PR,Londrina,UBS,Ortopedia,Infecção urinária,2026-05-10,Masculino,Consulta,Unimed
2453,Maitê das Neves,91,GO,Aparecida de Goiânia,UPA,Cardiologia,Dermatite,2026-04-19,Masculino,Retorno,SUS
2454,Maya Cardoso,10,RJ,Niterói,Centro Médico,Dermatologia,Artrite,2023-09-28,Masculino,Urgência,Bradesco Saúde
2455,Alexandre da Costa,70,MG,Contagem,Laboratório,Endocrinologia,Alergia,2024-05-27,Feminino,Urgência,Particular
2456,Dr. Eduardo Silveira,68,RJ,Rio de Janeiro,Centro Médico,Dermatologia,Artrite,2024-01-18,Masculino,Exame,Unimed
2457,Sr. Caio Aparecida,87,RS,Caxias do Sul,Hospital,Clínica Geral,Colesterol elevado,2023-09-22,Feminino,Retorno,Bradesco Saúde
2458,Bruno da Paz,57,SC,Chapecó,Unidade de Saúde da Família,Ortopedia,Dermatite,2025-02-03,Feminino,Urgência,SulAmérica
2459,Davi Luiz Macedo,37,PE,Petrolina,Laboratório,Dermatologia,Colesterol elevado,2025-03-26,Masculino,Exame,SulAmérica
2460,Paulo Carvalho,38,MG,Uberlândia,UPA,Cardiologia,Consulta de rotina,2024-12-17,Masculino,Exame,SUS
2461,Gael Henrique Costa,25,MG,Belo Horizonte,UPA,Clínica Geral,Enxaqueca,2025-08-20,Masculino,Consulta,Unimed
2462,Felipe Cunha,69,MG,Juiz de Fora,Clínica Particular,Cardiologia,Enxaqueca,2026-05-24,Feminino,Consulta,Particular
2463,Pedro Lucas Brito,20,CE,Sobral,Laboratório,Psiquiatria,Consulta de rotina,2024-09-11,Feminino,Consulta,SulAmérica
2464,Benício Souza,15,MG,Uberlândia,Hospital,Clínica Geral,Dor abdominal,2026-05-24,Feminino,Exame,Amil
2465,Srta. Ana Júlia Cavalcanti,91,SP,Campinas,Hospital,Clínica Geral,Hipertensão,2023-09-05,Feminino,Retorno,SulAmérica
2466,Otávio Vargas,25,MG,Juiz de Fora,Laboratório,Ortopedia,Dermatite,2024-03-08,Masculino,Consulta,Unimed
2467,Srta. Júlia Monteiro,23,SP,Santos,Pronto-Socorro,Ortopedia,Ansiedade,2025-12-27,Masculino,Consulta,Unimed
2468,Francisco Borges,54,SC,Joinville,UPA,Psiquiatria,Colesterol elevado,2024-06-19,Masculino,Consulta,Amil
2469,Esther da Mata,21,PE,Petrolina,Unidade de Saúde da Família,Oftalmologia,Ansiedade,2024-08-19,Masculino,Retorno,SUS
2470,Asafe Sousa,65,SC,Joinville,Laboratório,Ortopedia,Dor abdominal,2025-06-30,Feminino,Exame,SulAmérica
2471,Arthur Aparecida,82,RJ,Petrópolis,UBS,Endocrinologia,Ansiedade,2023-09-02,Feminino,Retorno,Amil
2472,Maria Flor Araújo,32,CE,Fortaleza,Laboratório,Endocrinologia,Enxaqueca,2023-11-03,Masculino,Consulta,Particular
2473,Benício Correia,85,PR,Londrina,UPA,Ortopedia,Ansiedade,2023-10-05,Masculino,Retorno,Particular
2474,Lucas Costa,45,SC,Joinville,UPA,Neurologia,Asma,2026-03-27,Masculino,Exame,Unimed
2475,Yasmin da Conceição,62,SP,Ribeirão Preto,Unidade de Saúde da Família,Oftalmologia,Diabetes,2026-02-04,Masculino,Exame,SulAmérica
2476,Benjamim da Mata,1,BA,Feira de Santana,UBS,Dermatologia,Dor abdominal,2024-11-01,Masculino,Retorno,Amil
2477,Maria Flor Dias,53,GO,Rio Verde,UBS,Neurologia,Ansiedade,2025-01-27,Masculino,Urgência,Bradesco Saúde
2478,Maya Sales,70,PE,Olinda,Pronto-Socorro,Ginecologia,Infecção urinária,2023-10-29,Feminino,Retorno,SulAmérica
2479,Guilherme Sampaio,90,SP,Campinas,Laboratório,Oftalmologia,Lombalgia,2024-02-09,Feminino,Exame,SUS
2480,Ana da Cunha,74,GO,Anápolis,UBS,Pediatria,Lombalgia,2024-07-20,Feminino,Retorno,Unimed
2481,Benjamin Andrade,44,GO,Aparecida de Goiânia,Centro Médico,Ortopedia,Consulta de rotina,2026-01-08,Feminino,Exame,SulAmérica
2482,Pietra Moraes,95,SP,Ribeirão Preto,Pronto-Socorro,Pediatria,Consulta de rotina,2026-06-11,Masculino,Exame,Unimed
2483,Leandro Siqueira,80,CE,Caucaia,Laboratório,Oftalmologia,Consulta de rotina,2025-12-20,Feminino,Consulta,Amil
2484,João Felipe Casa Grande,63,GO,Rio Verde,Hospital,Endocrinologia,Hipertensão,2023-11-08,Feminino,Urgência,SulAmérica
2485,Fernanda Camargo,72,CE,Juazeiro do Norte,Centro Médico,Psiquiatria,Dermatite,2024-12-03,Feminino,Exame,Unimed
2486,Vitor Rocha,78,RJ,Niterói,Pronto-Socorro,Cardiologia,Gastrite,2024-05-14,Feminino,Retorno,Unimed
2487,Alícia Albuquerque,27,CE,Juazeiro do Norte,Laboratório,Psiquiatria,Artrite,2025-12-19,Masculino,Exame,Unimed
2488,Ana Sophia Monteiro,34,GO,Goiânia,Pronto-Socorro,Ginecologia,Hipertensão,2024-05-30,Masculino,Exame,Particular
2489,Joana Moraes,16,BA,Feira de Santana,Hospital,Pediatria,Gastrite,2023-08-18,Masculino,Exame,Particular
2490,João da Conceição,38,PE,Petrolina,Hospital,Clínica Geral,Dermatite,2025-03-29,Masculino,Urgência,Bradesco Saúde
2491,Ravi Farias,67,RS,Pelotas,UBS,Ortopedia,Hipertensão,2024-09-12,Masculino,Consulta,Unimed
2492,Nicolas Silva,86,CE,Juazeiro do Norte,Clínica Particular,Psiquiatria,Consulta de rotina,2025-10-23,Feminino,Urgência,SulAmérica
2493,Maria Cecília Siqueira,54,RJ,Petrópolis,Clínica Particular,Clínica Geral,Infecção respiratória,2024-03-09,Feminino,Urgência,Particular
2494,Dr. Breno Teixeira,28,SP,São Paulo,Hospital,Ginecologia,Asma,2026-05-24,Feminino,Exame,Particular
2495,Matheus Sousa,83,GO,Anápolis,Clínica Particular,Clínica Geral,Ansiedade,2024-01-28,Feminino,Exame,Unimed
2496,Sr. Ryan Peixoto,73,RJ,Petrópolis,Clínica Particular,Neurologia,Artrite,2026-04-25,Feminino,Exame,Amil
2497,Paulo Rezende,65,GO,Goiânia,Unidade de Saúde da Família,Clínica Geral,Infecção urinária,2024-11-07,Masculino,Exame,SUS
2498,Luan da Conceição,4,PE,Recife,UBS,Ortopedia,Gastrite,2024-01-29,Feminino,Consulta,Particular
2499,Dr. Luiz Otávio Machado,38,PR,Maringá,Pronto-Socorro,Dermatologia,Infecção respiratória,2026-04-11,Masculino,Exame,Amil
2500,Rafaela Oliveira,55,RS,Pelotas,Laboratório,Ginecologia,Infecção respiratória,2026-04-16,Feminino,Consulta,Amil
2501,Dr. Lorenzo Macedo,15,MG,Uberlândia,Centro Médico,Ginecologia,Consulta de rotina,2026-01-15,Feminino,Exame,SUS
2502,Maria Luísa Ramos,23,BA,Ilhéus,UPA,Pediatria,Diabetes,2025-02-26,Masculino,Urgência,SUS
2503,Carlos Eduardo Ferreira,57,PR,Maringá,Hospital,Dermatologia,Alergia,2025-01-22,Feminino,Exame,Amil
2504,Davi Miguel Duarte,88,RS,Pelotas,Centro Médico,Ginecologia,Consulta de rotina,2026-06-06,Masculino,Exame,Unimed
2505,Lara Sampaio,30,MG,Belo Horizonte,Clínica Particular,Ginecologia,Hipertensão,2025-03-02,Feminino,Consulta,SUS
2506,Lucas Gabriel Guerra,94,RS,Pelotas,Centro Médico,Ortopedia,Diabetes,2025-05-24,Masculino,Consulta,Particular
2507,Anna Liz Câmara,17,PR,Cascavel,UPA,Cardiologia,Ansiedade,2024-07-27,Masculino,Exame,SUS
2508,Maria Julia da Mata,64,MG,Contagem,UPA,Oftalmologia,Colesterol elevado,2026-01-28,Feminino,Retorno,Bradesco Saúde
2509,Maria Isis Souza,92,BA,Vitória da Conquista,Centro Médico,Endocrinologia,Lombalgia,2023-11-06,Masculino,Retorno,Bradesco Saúde
2510,Ryan Freitas,88,RS,Caxias do Sul,Centro Médico,Pediatria,Asma,2026-05-20,Feminino,Consulta,Amil
2511,Gabriel Moura,63,RJ,Petrópolis,Centro Médico,Psiquiatria,Diabetes,2023-11-01,Feminino,Consulta,Particular
2512,Julia Farias,68,BA,Salvador,Hospital,Ginecologia,Enxaqueca,2024-12-12,Masculino,Urgência,Amil
2513,Lucas Gabriel Aragão,35,CE,Juazeiro do Norte,Unidade de Saúde da Família,Ortopedia,Colesterol elevado,2026-07-14,Feminino,Retorno,Unimed
2514,Marcos Vinicius Abreu,57,MG,Juiz de Fora,Pronto-Socorro,Cardiologia,Dermatite,2026-05-20,Feminino,Consulta,Unimed
2515,Mathias Rocha,90,GO,Anápolis,Unidade de Saúde da Família,Ortopedia,Enxaqueca,2026-03-09,Feminino,Retorno,Particular
2516,Dra. Maria Helena Rocha,63,BA,Feira de Santana,Hospital,Ortopedia,Dor abdominal,2024-03-02,Masculino,Retorno,Amil
2517,Dra. Jade Lima,89,RJ,Rio de Janeiro,Clínica Particular,Ortopedia,Dermatite,2026-02-22,Masculino,Exame,Particular
2518,Oliver Jesus,65,SC,Chapecó,UPA,Endocrinologia,Diabetes,2025-09-01,Feminino,Retorno,Amil
2519,Rebeca Pereira,26,SC,Chapecó,Hospital,Dermatologia,Dermatite,2024-07-04,Feminino,Retorno,Unimed
2520,Matteo Machado,24,RJ,Petrópolis,UBS,Neurologia,Asma,2025-04-26,Feminino,Exame,Unimed
2521,Isis Machado,94,PR,Maringá,Clínica Particular,Neurologia,Colesterol elevado,2025-07-31,Masculino,Consulta,Bradesco Saúde
2522,Laura Caldeira,46,GO,Goiânia,Laboratório,Neurologia,Dor abdominal,2025-07-10,Feminino,Urgência,Amil
2523,Sra. Emilly Jesus,95,CE,Fortaleza,Unidade de Saúde da Família,Neurologia,Asma,2025-12-16,Feminino,Retorno,Bradesco Saúde
2524,Dra. Ana Júlia Moreira,40,PE,Recife,Clínica Particular,Ortopedia,Dermatite,2024-02-16,Feminino,Retorno,Bradesco Saúde
2525,Fernando Pastor,49,GO,Anápolis,Laboratório,Dermatologia,Ansiedade,2025-07-12,Feminino,Consulta,Bradesco Saúde
2526,Clarice Freitas,89,GO,Goiânia,Hospital,Cardiologia,Hipertensão,2025-05-03,Feminino,Exame,SUS
2527,Lunna Caldeira,69,GO,Goiânia,Clínica Particular,Ginecologia,Infecção respiratória,2026-06-03,Masculino,Consulta,Bradesco Saúde
2528,Srta. Caroline Nunes,85,GO,Rio Verde,Pronto-Socorro,Dermatologia,Infecção respiratória,2025-12-10,Feminino,Exame,Unimed
2529,Valentim Abreu,80,SC,Blumenau,Unidade de Saúde da Família,Psiquiatria,Lombalgia,2024-02-13,Feminino,Retorno,Bradesco Saúde
2530,Rodrigo Moreira,43,BA,Ilhéus,Centro Médico,Endocrinologia,Infecção respiratória,2023-08-18,Masculino,Consulta,SUS
2531,Joana Monteiro,57,MG,Belo Horizonte,Unidade de Saúde da Família,Endocrinologia,Consulta de rotina,2025-02-28,Masculino,Retorno,Unimed
2532,Luigi Garcia,82,SC,Joinville,Unidade de Saúde da Família,Cardiologia,Alergia,2025-09-28,Masculino,Urgência,Bradesco Saúde
2533,Maria Julia Garcia,34,SC,Blumenau,Centro Médico,Cardiologia,Colesterol elevado,2026-03-09,Feminino,Retorno,Amil
2534,Evelyn Santos,67,CE,Caucaia,Laboratório,Endocrinologia,Diabetes,2026-01-28,Masculino,Retorno,SulAmérica
2535,Calebe Martins,27,PR,Curitiba,Centro Médico,Oftalmologia,Dermatite,2024-03-16,Masculino,Consulta,Bradesco Saúde
2536,Gabrielly Camargo,69,PR,Cascavel,UBS,Dermatologia,Ansiedade,2024-10-13,Feminino,Consulta,Particular
2537,João Lucas Nogueira,14,GO,Aparecida de Goiânia,Unidade de Saúde da Família,Neurologia,Consulta de rotina,2024-09-25,Masculino,Urgência,Unimed
2538,Yago Vargas,55,MG,Contagem,Clínica Particular,Ortopedia,Dermatite,2023-12-07,Feminino,Consulta,SulAmérica
2539,Sr. João Vitor da Rocha,93,BA,Salvador,Unidade de Saúde da Família,Clínica Geral,Colesterol elevado,2025-10-04,Feminino,Retorno,SUS
2540,Maysa da Conceição,16,PE,Recife,UBS,Psiquiatria,Dor abdominal,2024-05-26,Masculino,Consulta,SUS
2541,Luara Nogueira,74,SC,Joinville,Unidade de Saúde da Família,Dermatologia,Infecção respiratória,2024-05-11,Feminino,Urgência,Particular
2542,Dr. Luiz Fernando Monteiro,6,PR,Cascavel,Hospital,Endocrinologia,Lombalgia,2025-10-20,Masculino,Consulta,Particular
2543,Oliver Costela,8,RS,Pelotas,UPA,Dermatologia,Dor abdominal,2024-10-21,Feminino,Retorno,Amil
2544,João Guilherme Moura,90,RJ,Petrópolis,Unidade de Saúde da Família,Ortopedia,Gastrite,2023-09-17,Feminino,Retorno,Amil
2545,Liam Rodrigues,89,RJ,Niterói,Centro Médico,Endocrinologia,Asma,2024-03-27,Feminino,Retorno,SUS
2546,Jade Azevedo,80,BA,Feira de Santana,Hospital,Clínica Geral,Infecção urinária,2025-05-27,Feminino,Urgência,Amil
2547,Lavínia Barbosa,82,RJ,Petrópolis,Pronto-Socorro,Neurologia,Infecção urinária,2023-10-10,Masculino,Consulta,SulAmérica
2548,Paulo da Rocha,49,BA,Ilhéus,Clínica Particular,Psiquiatria,Alergia,2024-07-05,Masculino,Urgência,Unimed
2549,Sr. José Miguel da Rocha,49,RJ,Rio de Janeiro,Pronto-Socorro,Ortopedia,Gastrite,2026-05-19,Masculino,Retorno,Bradesco Saúde
2550,Ana Cecília Fogaça,63,PR,Cascavel,UPA,Neurologia,Hipertensão,2023-10-25,Masculino,Exame,SulAmérica
2551,Lorenzo da Luz,1,PE,Petrolina,Centro Médico,Ortopedia,Enxaqueca,2024-09-24,Masculino,Consulta,Amil
2552,Brenda Fonseca,9,RS,Pelotas,Laboratório,Cardiologia,Hipertensão,2025-08-16,Masculino,Exame,Unimed
2553,Maria Eduarda Souza,69,PR,Maringá,Pronto-Socorro,Oftalmologia,Dermatite,2023-09-24,Feminino,Consulta,Unimed
2554,Cecília Moraes,25,RJ,Rio de Janeiro,Hospital,Pediatria,Alergia,2024-05-19,Masculino,Consulta,Unimed
2555,Cecilia da Conceição,54,MG,Contagem,Clínica Particular,Oftalmologia,Infecção respiratória,2024-02-09,Masculino,Urgência,SulAmérica
2556,Ana Vitória Rios,59,RS,Pelotas,UBS,Endocrinologia,Colesterol elevado,2024-03-24,Masculino,Urgência,SUS
2557,Paulo Peixoto,53,SP,São José dos Campos,Hospital,Oftalmologia,Alergia,2025-06-02,Feminino,Urgência,SulAmérica
2558,Joaquim Azevedo,73,GO,Goiânia,UPA,Pediatria,Artrite,2024-11-25,Feminino,Exame,Unimed
2559,Júlia Albuquerque,15,BA,Vitória da Conquista,Clínica Particular,Ginecologia,Artrite,2024-06-20,Feminino,Retorno,Amil
2560,Ravi Lucca Garcia,35,RJ,Volta Redonda,Clínica Particular,Clínica Geral,Infecção urinária,2024-09-15,Feminino,Consulta,Particular
2561,Dra. Alexia Caldeira,93,PE,Caruaru,Hospital,Ortopedia,Enxaqueca,2025-06-06,Masculino,Consulta,Bradesco Saúde
2562,Clara Cardoso,71,CE,Caucaia,Unidade de Saúde da Família,Neurologia,Infecção urinária,2024-02-18,Feminino,Retorno,SulAmérica
2563,Sr. Anthony Gabriel Nunes,52,PR,Londrina,Pronto-Socorro,Neurologia,Alergia,2025-02-27,Masculino,Urgência,Particular
2564,Sra. Maysa Borges,78,PR,Curitiba,Hospital,Psiquiatria,Ansiedade,2025-05-10,Masculino,Urgência,SUS
2565,Srta. Joana da Mota,3,SC,Chapecó,UPA,Endocrinologia,Infecção respiratória,2025-05-07,Feminino,Retorno,Unimed
2566,Hadassa Vargas,6,RS,Caxias do Sul,Pronto-Socorro,Cardiologia,Infecção urinária,2024-12-14,Masculino,Retorno,Particular
2567,Rodrigo Novais,93,GO,Goiânia,Centro Médico,Neurologia,Alergia,2024-08-15,Masculino,Consulta,Unimed
2568,Murilo Porto,3,RS,Porto Alegre,Hospital,Neurologia,Asma,2024-06-04,Feminino,Consulta,Bradesco Saúde
2569,Giovanna Machado,35,PR,Londrina,Centro Médico,Ortopedia,Dermatite,2025-08-30,Masculino,Consulta,Bradesco Saúde
2570,Antonella Marques,13,CE,Juazeiro do Norte,UPA,Pediatria,Colesterol elevado,2026-06-12,Feminino,Exame,Particular
2571,Sabrina Cunha,20,GO,Rio Verde,Laboratório,Dermatologia,Dermatite,2026-07-29,Feminino,Retorno,SUS
2572,Heloisa Pereira,11,MG,Juiz de Fora,Unidade de Saúde da Família,Dermatologia,Colesterol elevado,2024-08-30,Masculino,Retorno,Unimed
2573,Sr. Felipe Silveira,89,SP,Santos,Clínica Particular,Pediatria,Gastrite,2025-06-20,Masculino,Consulta,Bradesco Saúde
2574,Maya Moraes,5,GO,Goiânia,Clínica Particular,Dermatologia,Gastrite,2023-09-20,Feminino,Consulta,SulAmérica
2575,Gustavo Henrique Nogueira,7,PE,Olinda,Unidade de Saúde da Família,Clínica Geral,Infecção respiratória,2023-08-25,Feminino,Exame,SulAmérica
2576,Henry Gabriel Garcia,20,MG,Belo Horizonte,Hospital,Clínica Geral,Consulta de rotina,2026-02-01,Feminino,Retorno,Amil
2577,Maria Fernanda Jesus,9,PE,Olinda,Centro Médico,Ortopedia,Gastrite,2023-10-30,Masculino,Consulta,Unimed
2578,Mirella Silva,78,CE,Sobral,Centro Médico,Clínica Geral,Hipertensão,2024-09-02,Masculino,Exame,SUS
2579,Dra. Ana Júlia da Mota,73,MG,Juiz de Fora,Hospital,Clínica Geral,Colesterol elevado,2023-12-20,Feminino,Retorno,Bradesco Saúde
2580,Thales Novais,25,CE,Fortaleza,Hospital,Neurologia,Infecção respiratória,2025-06-25,Masculino,Consulta,Particular
2581,Dra. Hadassa Rios,73,PR,Cascavel,Hospital,Endocrinologia,Alergia,2024-08-09,Masculino,Exame,Amil
2582,Daniel Costela,16,MG,Uberlândia,Hospital,Dermatologia,Lombalgia,2025-11-17,Feminino,Exame,Particular
2583,Cecília da Rosa,73,CE,Fortaleza,UPA,Endocrinologia,Colesterol elevado,2025-11-22,Masculino,Exame,Particular
2584,Josué Carvalho,40,CE,Juazeiro do Norte,Clínica Particular,Oftalmologia,Hipertensão,2025-05-01,Masculino,Retorno,Unimed
2585,Gustavo Henrique Novaes,24,RS,Caxias do Sul,Centro Médico,Pediatria,Diabetes,2024-10-23,Feminino,Consulta,SUS
2586,Dr. Benjamim Campos,28,BA,Feira de Santana,Pronto-Socorro,Cardiologia,Infecção respiratória,2024-03-15,Masculino,Urgência,Unimed
2587,Kamilly Almeida,24,CE,Sobral,Laboratório,Psiquiatria,Hipertensão,2025-10-04,Masculino,Retorno,Amil
2588,Lívia Rezende,13,BA,Vitória da Conquista,Clínica Particular,Pediatria,Alergia,2024-02-20,Feminino,Consulta,SulAmérica
2589,Isabel Pereira,93,CE,Juazeiro do Norte,Hospital,Pediatria,Enxaqueca,2026-07-05,Feminino,Urgência,Bradesco Saúde
2590,Srta. Ana Julia Nascimento,15,SC,Blumenau,Laboratório,Clínica Geral,Infecção respiratória,2024-08-19,Masculino,Consulta,Bradesco Saúde
2591,Dante Dias,69,RJ,Petrópolis,UBS,Pediatria,Colesterol elevado,2023-09-09,Feminino,Exame,SulAmérica
2592,Clarice Nunes,33,RS,Santa Maria,Unidade de Saúde da Família,Endocrinologia,Gastrite,2024-06-09,Feminino,Retorno,SUS
2593,Dra. Cecília Almeida,8,CE,Sobral,Hospital,Endocrinologia,Artrite,2026-06-23,Feminino,Urgência,Amil
2594,Davi Lucca Camargo,66,RS,Porto Alegre,Clínica Particular,Neurologia,Dermatite,2026-07-10,Masculino,Consulta,Bradesco Saúde
2595,Maria Flor Abreu,38,SP,Ribeirão Preto,UPA,Cardiologia,Gastrite,2024-07-22,Feminino,Consulta,Particular
2596,Ana Julia Barbosa,51,PE,Olinda,UPA,Ortopedia,Colesterol elevado,2025-07-18,Feminino,Retorno,Unimed
2597,Ayla da Rosa,66,SC,Blumenau,Laboratório,Dermatologia,Alergia,2025-01-13,Masculino,Retorno,Particular
2598,Maysa Siqueira,41,PR,Cascavel,Pronto-Socorro,Oftalmologia,Infecção respiratória,2024-05-20,Masculino,Consulta,SUS
2599,Ísis da Mota,26,RJ,Niterói,Unidade de Saúde da Família,Pediatria,Dermatite,2025-11-11,Masculino,Urgência,Unimed
2600,Srta. Maria Liz Aparecida,28,SP,Campinas,Hospital,Clínica Geral,Hipertensão,2024-04-11,Masculino,Exame,SUS
2601,Dra. Maria Luiza Cavalcanti,59,RS,Santa Maria,Clínica Particular,Psiquiatria,Diabetes,2024-01-16,Masculino,Consulta,Bradesco Saúde
2602,José Pedro Aragão,16,SC,Florianópolis,Pronto-Socorro,Cardiologia,Gastrite,2026-07-27,Masculino,Consulta,Bradesco Saúde
2603,Miguel Pimenta,73,RJ,Volta Redonda,UPA,Ortopedia,Infecção respiratória,2024-01-20,Feminino,Retorno,Amil
2604,Mariane Dias,95,GO,Rio Verde,Hospital,Oftalmologia,Hipertensão,2024-04-03,Feminino,Urgência,Bradesco Saúde
2605,Sabrina Machado,62,RJ,Volta Redonda,Pronto-Socorro,Oftalmologia,Dor abdominal,2025-08-06,Masculino,Consulta,Particular
2606,Ravy Ribeiro,88,GO,Anápolis,Clínica Particular,Ortopedia,Gastrite,2026-04-17,Masculino,Consulta,SulAmérica
2607,Letícia Mendes,11,PR,Cascavel,UBS,Endocrinologia,Ansiedade,2024-02-11,Masculino,Urgência,Particular
2608,Leandro Caldeira,89,GO,Anápolis,Pronto-Socorro,Ginecologia,Artrite,2025-02-25,Masculino,Urgência,SUS
2609,Juan das Neves,82,SP,Campinas,Pronto-Socorro,Clínica Geral,Diabetes,2024-05-18,Feminino,Retorno,Unimed
2610,Alexandre Barbosa,53,PR,Maringá,Laboratório,Clínica Geral,Alergia,2023-12-09,Feminino,Exame,Bradesco Saúde
2611,Ester Cavalcante,37,GO,Anápolis,Pronto-Socorro,Oftalmologia,Gastrite,2025-04-22,Feminino,Retorno,SulAmérica
2612,Luna Rezende,8,SP,São Paulo,UPA,Dermatologia,Ansiedade,2024-10-22,Masculino,Retorno,SulAmérica
2613,Ana Julia da Cunha,89,SC,Florianópolis,UPA,Pediatria,Infecção urinária,2025-10-29,Masculino,Exame,Bradesco Saúde
2614,Sabrina Machado,20,RS,Porto Alegre,Laboratório,Pediatria,Hipertensão,2024-09-05,Feminino,Consulta,Amil
2615,Leandro Cavalcanti,18,RS,Pelotas,Unidade de Saúde da Família,Ortopedia,Colesterol elevado,2026-05-12,Feminino,Retorno,Amil
2616,Miguel Castro,29,RS,Caxias do Sul,Centro Médico,Neurologia,Hipertensão,2025-04-23,Masculino,Urgência,Particular
2617,Maria Helena Cardoso,72,MG,Belo Horizonte,UPA,Endocrinologia,Asma,2024-12-28,Feminino,Consulta,Bradesco Saúde
2618,Luiz Miguel Pastor,9,RJ,Volta Redonda,UPA,Ginecologia,Lombalgia,2025-10-09,Masculino,Urgência,SulAmérica
2619,Noah Novais,5,PE,Recife,Hospital,Neurologia,Consulta de rotina,2024-09-06,Masculino,Retorno,Particular
2620,Rodrigo Freitas,53,RS,Santa Maria,Hospital,Clínica Geral,Diabetes,2025-03-04,Masculino,Retorno,Bradesco Saúde
2621,Sr. Cauã Guerra,12,MG,Contagem,Hospital,Cardiologia,Asma,2025-04-18,Masculino,Retorno,SUS
2622,Davi Lucca Martins,9,GO,Rio Verde,Centro Médico,Cardiologia,Infecção respiratória,2024-04-05,Masculino,Urgência,Bradesco Saúde
2623,Samuel da Luz,64,BA,Salvador,Laboratório,Oftalmologia,Colesterol elevado,2023-11-05,Feminino,Retorno,SulAmérica
2624,Lucca Castro,49,RS,Pelotas,Hospital,Dermatologia,Infecção urinária,2026-02-04,Masculino,Retorno,Amil
2625,Dr. Diogo Rodrigues,82,PE,Olinda,Pronto-Socorro,Oftalmologia,Dermatite,2025-08-10,Masculino,Consulta,Bradesco Saúde
2626,Heloísa Martins,31,RJ,Petrópolis,Hospital,Ginecologia,Alergia,2025-09-28,Masculino,Urgência,Amil
2627,Gabrielly Silveira,31,MG,Juiz de Fora,Centro Médico,Endocrinologia,Gastrite,2023-11-26,Masculino,Exame,Amil
2628,Ana Vitória da Mota,21,SC,Joinville,Centro Médico,Cardiologia,Asma,2025-11-15,Masculino,Exame,SulAmérica
2629,Mathias Peixoto,58,MG,Contagem,Hospital,Endocrinologia,Gastrite,2025-03-13,Feminino,Exame,Unimed
2630,Igor Cassiano,17,PE,Olinda,Pronto-Socorro,Cardiologia,Ansiedade,2025-11-27,Feminino,Exame,Bradesco Saúde
2631,Caleb Silveira,80,CE,Juazeiro do Norte,Pronto-Socorro,Neurologia,Alergia,2023-12-26,Masculino,Retorno,Bradesco Saúde
2632,Maria Eduarda Nogueira,47,SP,Campinas,Hospital,Clínica Geral,Gastrite,2026-06-23,Masculino,Urgência,Bradesco Saúde
2633,Raul Peixoto,39,GO,Rio Verde,UPA,Pediatria,Dor abdominal,2024-11-29,Feminino,Urgência,SUS
2634,Srta. Jade Brito,40,RS,Porto Alegre,Laboratório,Oftalmologia,Artrite,2025-09-07,Masculino,Consulta,SUS
2635,Maria Fernanda Castro,82,RJ,Petrópolis,Laboratório,Dermatologia,Consulta de rotina,2024-03-06,Feminino,Retorno,Unimed
2636,Alice Vasconcelos,3,RS,Caxias do Sul,Laboratório,Dermatologia,Colesterol elevado,2025-01-13,Feminino,Consulta,Particular
2637,Rodrigo Souza,26,RJ,Volta Redonda,UBS,Endocrinologia,Infecção respiratória,2024-04-01,Feminino,Retorno,Particular
2638,Fernanda Moreira,40,PE,Olinda,Clínica Particular,Ginecologia,Infecção urinária,2023-11-22,Feminino,Retorno,SulAmérica
2639,Caroline Vargas,76,RJ,Petrópolis,Laboratório,Endocrinologia,Hipertensão,2025-11-13,Feminino,Exame,Unimed
2640,Arthur Miguel da Mata,13,SP,Santos,UBS,Clínica Geral,Infecção respiratória,2025-08-28,Masculino,Retorno,Unimed
2641,Enrico Nascimento,85,RS,Caxias do Sul,Pronto-Socorro,Cardiologia,Colesterol elevado,2023-08-21,Masculino,Retorno,Particular
2642,Pedro Melo,7,RJ,Volta Redonda,Pronto-Socorro,Psiquiatria,Asma,2026-07-09,Feminino,Consulta,SUS
2643,Luan Silva,13,CE,Caucaia,Laboratório,Clínica Geral,Hipertensão,2026-04-07,Masculino,Retorno,Particular
2644,Sr. Mathias Cavalcanti,77,PR,Curitiba,Unidade de Saúde da Família,Endocrinologia,Dermatite,2024-06-01,Masculino,Consulta,Particular
2645,Erick Albuquerque,2,RS,Porto Alegre,Clínica Particular,Dermatologia,Ansiedade,2026-06-14,Feminino,Consulta,SUS
2646,Mathias Teixeira,13,RJ,Volta Redonda,Unidade de Saúde da Família,Endocrinologia,Gastrite,2025-01-21,Masculino,Consulta,SulAmérica
2647,Dr. Luiz Otávio Costa,46,PE,Olinda,Hospital,Endocrinologia,Enxaqueca,2026-06-16,Masculino,Urgência,SulAmérica
2648,Sr. Thomas das Neves,47,CE,Juazeiro do Norte,Hospital,Cardiologia,Diabetes,2024-02-05,Masculino,Exame,Unimed
2649,Davi Luiz Porto,68,PR,Maringá,UPA,Cardiologia,Hipertensão,2024-09-17,Feminino,Retorno,Bradesco Saúde
2650,Catarina da Cunha,67,SC,Chapecó,Hospital,Neurologia,Infecção respiratória,2025-08-22,Feminino,Consulta,SulAmérica
2651,João Guilherme Rodrigues,15,PR,Cascavel,Laboratório,Cardiologia,Gastrite,2025-10-20,Masculino,Consulta,Bradesco Saúde
2652,Maria Fernanda da Cruz,17,CE,Caucaia,Clínica Particular,Psiquiatria,Ansiedade,2025-01-20,Feminino,Urgência,Amil
2653,Dra. Sophie Rezende,69,CE,Fortaleza,Clínica Particular,Neurologia,Lombalgia,2024-08-26,Masculino,Consulta,Amil
2654,Nicole Rezende,1,PE,Recife,UPA,Dermatologia,Artrite,2026-03-02,Masculino,Urgência,Unimed
2655,Melina Pereira,2,CE,Fortaleza,UPA,Dermatologia,Infecção urinária,2023-12-13,Feminino,Retorno,SUS
2656,Nina Nogueira,24,PR,Cascavel,UPA,Cardiologia,Gastrite,2026-07-07,Masculino,Exame,Bradesco Saúde
2657,Rael da Rosa,59,PE,Caruaru,Pronto-Socorro,Oftalmologia,Infecção urinária,2024-06-01,Feminino,Consulta,Amil
2658,Isabel Castro,9,CE,Juazeiro do Norte,Laboratório,Psiquiatria,Asma,2026-02-05,Masculino,Retorno,Bradesco Saúde
2659,Dr. Apollo Aparecida,12,BA,Feira de Santana,Centro Médico,Clínica Geral,Asma,2024-10-28,Masculino,Exame,Unimed
2660,Ravy Cirino,10,MG,Contagem,Hospital,Neurologia,Ansiedade,2025-05-24,Masculino,Retorno,SUS
2661,Dra. Antonella Caldeira,84,BA,Salvador,Pronto-Socorro,Pediatria,Enxaqueca,2023-12-27,Masculino,Consulta,Bradesco Saúde
2662,Brayan Leão,74,SC,Joinville,UPA,Dermatologia,Artrite,2025-07-27,Feminino,Consulta,SUS
2663,Benjamin Câmara,39,SP,São Paulo,UBS,Oftalmologia,Consulta de rotina,2024-02-02,Masculino,Consulta,Unimed
2664,Vitor Araújo,19,PR,Curitiba,UBS,Ginecologia,Ansiedade,2024-06-29,Masculino,Exame,Amil
2665,Bruno Abreu,90,BA,Ilhéus,Pronto-Socorro,Oftalmologia,Asma,2023-11-19,Masculino,Retorno,SulAmérica
2666,Benício Casa Grande,30,GO,Anápolis,Pronto-Socorro,Endocrinologia,Diabetes,2024-10-12,Masculino,Consulta,Unimed
2667,Miguel Moreira,36,SP,São Paulo,Unidade de Saúde da Família,Oftalmologia,Enxaqueca,2025-04-08,Masculino,Exame,Bradesco Saúde
2668,Sophia Correia,16,GO,Rio Verde,Centro Médico,Neurologia,Dor abdominal,2025-12-03,Feminino,Urgência,SulAmérica
2669,José Miguel Aragão,70,RJ,Niterói,UBS,Neurologia,Ansiedade,2025-06-29,Feminino,Urgência,Particular
2670,Camila Garcia,76,MG,Uberlândia,Centro Médico,Psiquiatria,Alergia,2024-02-10,Masculino,Urgência,Unimed
2671,Sr. Rafael Alves,49,RS,Caxias do Sul,Hospital,Psiquiatria,Alergia,2024-07-17,Masculino,Retorno,SulAmérica
2672,Sarah Costela,20,PE,Recife,Pronto-Socorro,Dermatologia,Gastrite,2025-01-07,Feminino,Urgência,Amil
2673,Melissa Fonseca,19,CE,Sobral,Hospital,Ginecologia,Diabetes,2025-09-10,Feminino,Consulta,Particular
2674,Isadora Moraes,8,CE,Caucaia,Unidade de Saúde da Família,Cardiologia,Lombalgia,2024-05-15,Feminino,Urgência,SulAmérica
2675,Sr. Yuri Viana,62,CE,Caucaia,Hospital,Ortopedia,Diabetes,2026-02-10,Feminino,Urgência,Unimed
2676,Arthur Gabriel da Conceição,24,PR,Curitiba,Unidade de Saúde da Família,Dermatologia,Dermatite,2026-03-16,Masculino,Urgência,Bradesco Saúde
2677,Arthur Gabriel da Cruz,86,BA,Ilhéus,UPA,Oftalmologia,Hipertensão,2025-08-13,Masculino,Retorno,Unimed
2678,Nathan Silva,88,RS,Santa Maria,Laboratório,Pediatria,Ansiedade,2025-05-25,Feminino,Retorno,Bradesco Saúde
2679,Catarina Correia,6,SC,Blumenau,Unidade de Saúde da Família,Oftalmologia,Gastrite,2026-01-12,Feminino,Retorno,Particular
2680,Mariah Martins,88,CE,Sobral,Clínica Particular,Pediatria,Alergia,2024-12-16,Masculino,Retorno,Unimed
2681,Luiz Felipe Ramos,61,PR,Cascavel,Laboratório,Pediatria,Lombalgia,2024-07-08,Masculino,Retorno,Bradesco Saúde
2682,Sr. João Vitor Barros,78,PE,Petrolina,Hospital,Oftalmologia,Ansiedade,2025-07-16,Masculino,Urgência,Bradesco Saúde
2683,Srta. Alícia da Mota,76,SC,Chapecó,Clínica Particular,Pediatria,Hipertensão,2025-03-24,Feminino,Urgência,SUS
2684,Gabriela Casa Grande,45,RS,Porto Alegre,Hospital,Endocrinologia,Dermatite,2024-10-20,Masculino,Exame,SUS
2685,Sra. Emanuella Farias,11,GO,Rio Verde,Centro Médico,Psiquiatria,Dermatite,2026-02-28,Feminino,Exame,Unimed
2686,Asafe Montenegro,25,SP,Santos,Centro Médico,Oftalmologia,Alergia,2023-12-06,Masculino,Exame,Bradesco Saúde
2687,Lara Nascimento,64,GO,Rio Verde,Centro Médico,Ginecologia,Enxaqueca,2024-06-15,Masculino,Exame,Particular
2688,Marcos Vinicius Ferreira,31,GO,Goiânia,Pronto-Socorro,Pediatria,Dermatite,2024-09-22,Masculino,Exame,SUS
2689,Bento Câmara,59,PE,Olinda,Clínica Particular,Pediatria,Hipertensão,2026-06-19,Masculino,Retorno,SulAmérica
2690,Maya Porto,14,MG,Contagem,UBS,Cardiologia,Dermatite,2024-09-06,Feminino,Urgência,SulAmérica
2691,Nina Câmara,78,CE,Sobral,UBS,Neurologia,Diabetes,2026-02-15,Feminino,Retorno,Particular
2692,Theodoro Correia,79,RS,Caxias do Sul,Centro Médico,Cardiologia,Enxaqueca,2026-03-05,Feminino,Exame,Bradesco Saúde
2693,Renan Sá,5,SC,Joinville,Centro Médico,Pediatria,Diabetes,2023-09-03,Feminino,Consulta,SUS
2694,Augusto Porto,24,GO,Aparecida de Goiânia,Hospital,Pediatria,Asma,2025-08-01,Feminino,Consulta,Particular
2695,Luana da Mata,87,RS,Caxias do Sul,Laboratório,Dermatologia,Alergia,2023-11-13,Masculino,Consulta,Amil
2696,Stella Fernandes,10,SC,Florianópolis,Unidade de Saúde da Família,Neurologia,Ansiedade,2024-02-04,Masculino,Retorno,Particular
2697,Sr. Breno Fogaça,58,PE,Olinda,Hospital,Ginecologia,Infecção urinária,2026-04-12,Masculino,Consulta,Unimed
2698,Emanuel Silva,27,GO,Aparecida de Goiânia,UPA,Oftalmologia,Dermatite,2025-08-02,Feminino,Retorno,Unimed
2699,Maria Helena da Mota,74,RS,Santa Maria,Clínica Particular,Cardiologia,Dermatite,2026-04-05,Feminino,Retorno,Bradesco Saúde
2700,Ian Marques,56,RS,Santa Maria,Clínica Particular,Endocrinologia,Hipertensão,2026-08-04,Masculino,Consulta,SulAmérica
2701,Ana Luiza Ferreira,34,PE,Caruaru,Hospital,Pediatria,Ansiedade,2024-12-16,Feminino,Urgência,Particular
2702,Dra. Ana Laura Sousa,95,GO,Aparecida de Goiânia,Clínica Particular,Pediatria,Alergia,2024-01-07,Masculino,Exame,SUS
2703,Maya Silveira,21,SC,Florianópolis,UBS,Oftalmologia,Dor abdominal,2025-03-11,Feminino,Consulta,Unimed
2704,Yan Sousa,8,GO,Rio Verde,UPA,Oftalmologia,Asma,2025-09-23,Feminino,Exame,Amil
2705,Evelyn da Cruz,59,BA,Feira de Santana,UPA,Endocrinologia,Infecção urinária,2025-07-14,Feminino,Urgência,SUS
2706,Fernando Fogaça,34,GO,Rio Verde,Centro Médico,Clínica Geral,Alergia,2025-04-12,Masculino,Exame,Unimed
2707,Lorena Farias,64,SP,Ribeirão Preto,Centro Médico,Oftalmologia,Dermatite,2025-05-18,Masculino,Retorno,Particular
2708,Antony Cunha,86,SC,Florianópolis,UBS,Psiquiatria,Dermatite,2024-05-07,Masculino,Consulta,SUS
2709,Alícia Rezende,48,MG,Belo Horizonte,Pronto-Socorro,Ortopedia,Consulta de rotina,2024-03-02,Masculino,Urgência,Unimed
2710,Heloisa Camargo,75,SC,Florianópolis,Clínica Particular,Pediatria,Ansiedade,2026-04-05,Masculino,Urgência,SUS
2711,Luiz Otávio Macedo,23,PR,Londrina,Hospital,Pediatria,Dor abdominal,2026-07-24,Feminino,Consulta,Particular
2712,Lorena Lopes,84,MG,Juiz de Fora,Centro Médico,Ginecologia,Dermatite,2026-06-17,Masculino,Consulta,Bradesco Saúde
2713,Sra. Larissa Costa,37,PR,Maringá,Centro Médico,Clínica Geral,Dor abdominal,2025-09-19,Feminino,Urgência,SulAmérica
2714,Thiago Macedo,32,PR,Londrina,Clínica Particular,Pediatria,Enxaqueca,2025-11-05,Masculino,Exame,SUS
2715,Maria Laura Albuquerque,17,GO,Rio Verde,Hospital,Endocrinologia,Hipertensão,2023-11-16,Feminino,Retorno,Particular
2716,Sr. Enrico Castro,35,MG,Juiz de Fora,UBS,Pediatria,Ansiedade,2023-09-28,Masculino,Exame,Unimed
2717,Eduarda Farias,41,GO,Rio Verde,UPA,Clínica Geral,Diabetes,2025-07-08,Masculino,Retorno,Amil
2718,Maria Júlia Câmara,10,PE,Olinda,Unidade de Saúde da Família,Neurologia,Enxaqueca,2025-10-19,Feminino,Urgência,SUS
2719,Ana Lívia Mendonça,50,RJ,Rio de Janeiro,UPA,Psiquiatria,Colesterol elevado,2024-07-24,Feminino,Consulta,Bradesco Saúde
2720,Luan Fonseca,44,PR,Cascavel,UBS,Psiquiatria,Infecção respiratória,2025-12-08,Masculino,Exame,Amil
2721,Olívia Abreu,13,RJ,Niterói,Unidade de Saúde da Família,Ginecologia,Dor abdominal,2026-08-03,Feminino,Retorno,Amil
2722,Luiz Henrique da Paz,41,RS,Santa Maria,UPA,Endocrinologia,Infecção urinária,2025-02-04,Feminino,Urgência,Amil
2723,Isabella Alves,90,RJ,Niterói,Hospital,Psiquiatria,Gastrite,2025-06-03,Masculino,Exame,SUS
2724,Luiza Aparecida,74,SP,São Paulo,UPA,Endocrinologia,Ansiedade,2024-12-09,Feminino,Urgência,SUS
2725,Arthur Rezende,25,RS,Porto Alegre,UPA,Cardiologia,Diabetes,2023-10-04,Feminino,Retorno,Unimed
2726,Benício Camargo,41,BA,Salvador,UBS,Dermatologia,Dor abdominal,2024-05-07,Masculino,Consulta,Bradesco Saúde
2727,Isabela Monteiro,31,RJ,Petrópolis,Hospital,Endocrinologia,Dermatite,2024-05-22,Feminino,Exame,Bradesco Saúde
2728,Ana Lívia da Mata,34,CE,Caucaia,Unidade de Saúde da Família,Psiquiatria,Infecção respiratória,2025-03-02,Feminino,Urgência,SUS
2729,Antonella Marques,65,MG,Belo Horizonte,Clínica Particular,Dermatologia,Infecção urinária,2024-11-03,Feminino,Consulta,Bradesco Saúde
2730,Aylla Montenegro,39,MG,Belo Horizonte,Unidade de Saúde da Família,Neurologia,Hipertensão,2024-05-12,Feminino,Exame,SulAmérica
2731,Thiago Gonçalves,27,PE,Olinda,Clínica Particular,Pediatria,Consulta de rotina,2025-08-30,Feminino,Urgência,Particular
2732,Bella Andrade,22,BA,Salvador,Centro Médico,Neurologia,Asma,2026-06-12,Feminino,Exame,Unimed
2733,Liz da Rosa,43,SP,São José dos Campos,Centro Médico,Endocrinologia,Artrite,2024-07-24,Masculino,Retorno,Unimed
2734,Heloísa Teixeira,18,PE,Petrolina,Laboratório,Pediatria,Hipertensão,2023-09-27,Feminino,Exame,Amil
2735,Marcelo Pereira,47,MG,Uberlândia,Pronto-Socorro,Ortopedia,Dermatite,2025-05-15,Feminino,Urgência,Particular
2736,Nathan Macedo,22,GO,Rio Verde,UPA,Pediatria,Infecção respiratória,2026-05-01,Feminino,Consulta,Particular
2737,Francisco Fernandes,46,SC,Joinville,Laboratório,Pediatria,Colesterol elevado,2024-09-17,Feminino,Exame,SUS
2738,Henrique da Costa,25,SC,Chapecó,Pronto-Socorro,Pediatria,Infecção urinária,2025-02-22,Masculino,Consulta,SUS
2739,Arthur Gabriel Cavalcante,36,MG,Uberlândia,UBS,Dermatologia,Consulta de rotina,2024-10-25,Masculino,Consulta,Particular
2740,Bernardo Gonçalves,51,GO,Rio Verde,UPA,Neurologia,Hipertensão,2023-10-11,Masculino,Exame,Amil
2741,Ágatha Barbosa,44,SP,Santos,Hospital,Psiquiatria,Lombalgia,2024-09-25,Feminino,Retorno,SUS
2742,Laís Santos,37,RJ,Volta Redonda,Hospital,Clínica Geral,Asma,2024-11-07,Masculino,Consulta,Particular
2743,Matteo Cardoso,32,RJ,Niterói,Centro Médico,Ortopedia,Artrite,2024-04-16,Masculino,Retorno,SUS
2744,Alexandre Siqueira,12,RS,Santa Maria,UBS,Psiquiatria,Dor abdominal,2023-12-24,Feminino,Consulta,SulAmérica
2745,Vitor Novais,3,SP,Ribeirão Preto,UPA,Neurologia,Alergia,2024-01-09,Masculino,Urgência,Amil
2746,Davi Cirino,15,RS,Santa Maria,Laboratório,Clínica Geral,Alergia,2023-12-14,Feminino,Retorno,Amil
2747,Letícia Gomes,91,RS,Caxias do Sul,Centro Médico,Clínica Geral,Hipertensão,2024-01-26,Feminino,Retorno,Amil
2748,André Farias,35,MG,Uberlândia,Laboratório,Cardiologia,Alergia,2025-09-06,Feminino,Retorno,SUS
2749,Thales Ferreira,26,RJ,Niterói,Laboratório,Cardiologia,Hipertensão,2023-08-21,Feminino,Urgência,SulAmérica
2750,Alícia Moura,39,RJ,Volta Redonda,UPA,Ortopedia,Asma,2026-03-10,Masculino,Exame,Unimed
2751,Yan Rezende,15,RS,Pelotas,Clínica Particular,Neurologia,Infecção respiratória,2023-11-30,Feminino,Exame,SulAmérica
2752,Aylla Fonseca,62,PE,Caruaru,Laboratório,Clínica Geral,Gastrite,2026-08-11,Masculino,Urgência,Bradesco Saúde
2753,Melina Oliveira,80,RS,Caxias do Sul,Hospital,Dermatologia,Ansiedade,2025-02-15,Feminino,Consulta,Amil
2754,Stephany Lima,13,BA,Vitória da Conquista,Unidade de Saúde da Família,Clínica Geral,Diabetes,2023-09-03,Feminino,Retorno,SUS
2755,Maria Julia Rezende,6,RS,Caxias do Sul,UPA,Dermatologia,Artrite,2026-04-16,Masculino,Exame,Unimed
2756,Juan Nunes,10,RS,Pelotas,Unidade de Saúde da Família,Pediatria,Dor abdominal,2024-04-20,Feminino,Urgência,Amil
2757,Pietro Cardoso,65,BA,Feira de Santana,Laboratório,Psiquiatria,Enxaqueca,2024-01-02,Feminino,Consulta,SUS
2758,Sophie Marques,69,BA,Vitória da Conquista,Centro Médico,Ortopedia,Gastrite,2025-12-24,Masculino,Exame,Bradesco Saúde
2759,Sr. Caio Pimenta,36,GO,Goiânia,Unidade de Saúde da Família,Pediatria,Dor abdominal,2025-08-23,Feminino,Urgência,Particular
2760,Vinicius Castro,77,SP,São Paulo,Centro Médico,Ortopedia,Artrite,2025-12-09,Feminino,Urgência,Amil
2761,Yuri Fogaça,12,RS,Caxias do Sul,Laboratório,Dermatologia,Dor abdominal,2025-09-21,Feminino,Consulta,Particular
2762,Mariah da Rocha,62,GO,Aparecida de Goiânia,UBS,Dermatologia,Infecção urinária,2026-07-17,Feminino,Consulta,Unimed
2763,Eduarda Moreira,95,CE,Sobral,UBS,Dermatologia,Dor abdominal,2025-01-14,Feminino,Urgência,Unimed
2764,Maria Laura Teixeira,7,PR,Cascavel,Laboratório,Oftalmologia,Diabetes,2023-09-25,Feminino,Urgência,Amil
2765,Maya Melo,60,RS,Santa Maria,UPA,Oftalmologia,Colesterol elevado,2025-03-27,Masculino,Exame,Bradesco Saúde
2766,Dra. Amanda Borges,85,RJ,Petrópolis,Pronto-Socorro,Cardiologia,Artrite,2024-02-04,Feminino,Consulta,Particular
2767,Camila Novaes,61,MG,Contagem,UPA,Psiquiatria,Dermatite,2024-04-04,Masculino,Consulta,Bradesco Saúde
2768,Mariah Monteiro,6,RS,Pelotas,Unidade de Saúde da Família,Endocrinologia,Gastrite,2025-02-14,Masculino,Urgência,SUS
2769,Augusto Pastor,55,BA,Ilhéus,Hospital,Ginecologia,Ansiedade,2024-03-29,Masculino,Retorno,SulAmérica
2770,Ana Laura da Rocha,35,PR,Cascavel,Laboratório,Psiquiatria,Artrite,2025-08-11,Masculino,Retorno,Particular
2771,Kamilly Aparecida,83,PE,Petrolina,Unidade de Saúde da Família,Ortopedia,Hipertensão,2024-01-27,Feminino,Exame,SulAmérica
2772,Benício Almeida,24,RJ,Niterói,UPA,Oftalmologia,Gastrite,2026-06-08,Feminino,Urgência,Particular
2773,Ísis Vasconcelos,66,GO,Goiânia,Unidade de Saúde da Família,Endocrinologia,Infecção urinária,2025-09-07,Feminino,Urgência,SUS
2774,Kaique Souza,87,SC,Blumenau,Hospital,Oftalmologia,Alergia,2025-03-24,Masculino,Exame,SUS
2775,Gustavo Henrique Pires,90,RS,Caxias do Sul,Unidade de Saúde da Família,Oftalmologia,Hipertensão,2024-06-14,Feminino,Urgência,Particular
2776,Sr. Gabriel Macedo,18,RS,Caxias do Sul,UBS,Neurologia,Hipertensão,2025-09-24,Feminino,Exame,SulAmérica
2777,Vicente Carvalho,88,RJ,Volta Redonda,Unidade de Saúde da Família,Clínica Geral,Gastrite,2026-07-12,Feminino,Retorno,SUS
2778,Ester Cirino,52,SP,São Paulo,UPA,Psiquiatria,Ansiedade,2024-10-29,Masculino,Exame,SUS
2779,Laís Moraes,66,GO,Aparecida de Goiânia,UBS,Psiquiatria,Dermatite,2026-06-20,Masculino,Exame,Particular
2780,Maria Luiza Borges,54,SC,Joinville,Centro Médico,Ortopedia,Colesterol elevado,2024-11-21,Masculino,Exame,Particular
2781,Emanuelly Martins,69,CE,Fortaleza,Laboratório,Dermatologia,Consulta de rotina,2024-07-29,Feminino,Retorno,Amil
2782,Calebe da Conceição,21,GO,Anápolis,Hospital,Ortopedia,Asma,2024-08-13,Masculino,Consulta,SulAmérica
2783,Lucas Vasconcelos,39,PR,Maringá,Hospital,Cardiologia,Enxaqueca,2026-05-15,Feminino,Exame,Amil
2784,Laís Nascimento,77,SP,Ribeirão Preto,UPA,Cardiologia,Consulta de rotina,2025-09-13,Feminino,Exame,SUS
2785,Sabrina Nascimento,34,SP,Santos,UPA,Dermatologia,Dor abdominal,2026-03-24,Feminino,Retorno,Particular
2786,Noah Mendes,60,MG,Belo Horizonte,UBS,Oftalmologia,Alergia,2025-06-19,Masculino,Exame,SulAmérica
2787,Sr. Gustavo Monteiro,85,PE,Caruaru,Clínica Particular,Cardiologia,Lombalgia,2026-04-03,Masculino,Consulta,Amil
2788,Camila Nunes,84,RS,Caxias do Sul,UBS,Ginecologia,Hipertensão,2025-10-21,Masculino,Exame,Particular
2789,Maria Liz Siqueira,7,RJ,Volta Redonda,UPA,Oftalmologia,Infecção urinária,2024-01-29,Feminino,Consulta,Amil
2790,Juliana Pinto,4,SP,Campinas,Hospital,Endocrinologia,Infecção urinária,2026-03-03,Masculino,Exame,SUS
2791,Luiz Miguel da Rocha,68,PE,Olinda,UPA,Psiquiatria,Gastrite,2023-12-01,Masculino,Urgência,Unimed
2792,Dr. José Cassiano,4,SC,Blumenau,Hospital,Neurologia,Infecção respiratória,2024-08-11,Feminino,Retorno,SulAmérica
2793,Sr. Otto Silva,12,CE,Juazeiro do Norte,UBS,Oftalmologia,Artrite,2024-11-26,Masculino,Exame,Bradesco Saúde
2794,Bento Viana,15,RJ,Volta Redonda,UPA,Neurologia,Gastrite,2023-09-22,Feminino,Retorno,Particular
2795,Maria Júlia Guerra,68,SC,Florianópolis,UPA,Clínica Geral,Dor abdominal,2024-05-10,Masculino,Exame,Particular
2796,Letícia Costela,25,MG,Contagem,Pronto-Socorro,Dermatologia,Enxaqueca,2026-02-10,Masculino,Urgência,Bradesco Saúde
2797,Sophie Ramos,83,PE,Olinda,Pronto-Socorro,Ginecologia,Artrite,2026-06-13,Feminino,Consulta,Particular
2798,Maria Júlia Nascimento,95,MG,Belo Horizonte,Pronto-Socorro,Pediatria,Enxaqueca,2026-06-23,Masculino,Urgência,SUS
2799,Caio Peixoto,75,PE,Recife,UBS,Pediatria,Dor abdominal,2026-02-26,Feminino,Urgência,SUS
2800,Letícia Novais,71,SP,Campinas,Pronto-Socorro,Psiquiatria,Alergia,2025-01-16,Feminino,Consulta,SUS
2801,Sophie Santos,84,GO,Rio Verde,Unidade de Saúde da Família,Clínica Geral,Infecção respiratória,2026-04-06,Feminino,Retorno,Amil
2802,Davi Carvalho,89,BA,Feira de Santana,Pronto-Socorro,Clínica Geral,Lombalgia,2024-12-29,Feminino,Retorno,SulAmérica
2803,Maria Helena da Paz,65,PE,Caruaru,UBS,Endocrinologia,Dermatite,2023-12-11,Feminino,Urgência,Unimed
2804,Yasmin Vargas,52,SP,Campinas,Pronto-Socorro,Endocrinologia,Artrite,2025-10-20,Masculino,Consulta,Unimed
2805,Marcos Vinicius da Luz,64,GO,Rio Verde,Clínica Particular,Endocrinologia,Lombalgia,2025-12-13,Feminino,Exame,Amil
2806,Luiz Henrique Araújo,17,MG,Uberlândia,Clínica Particular,Oftalmologia,Hipertensão,2023-09-24,Feminino,Exame,Amil
2807,Srta. Clara Silveira,37,GO,Rio Verde,UBS,Pediatria,Lombalgia,2026-08-13,Feminino,Exame,SulAmérica
2808,Lucas da Cunha,7,MG,Uberlândia,Pronto-Socorro,Pediatria,Consulta de rotina,2024-11-01,Feminino,Retorno,SUS
2809,Sophie Garcia,2,PE,Olinda,Laboratório,Oftalmologia,Gastrite,2025-08-17,Masculino,Exame,Bradesco Saúde
2810,Maria Helena Cassiano,23,GO,Rio Verde,Clínica Particular,Ginecologia,Gastrite,2024-05-01,Masculino,Retorno,SUS
2811,Miguel Novaes,52,BA,Ilhéus,Unidade de Saúde da Família,Neurologia,Alergia,2025-09-02,Masculino,Urgência,Amil
2812,João Felipe Silva,16,SP,Santos,Clínica Particular,Dermatologia,Artrite,2025-06-07,Masculino,Consulta,Bradesco Saúde
2813,Thales Cavalcante,13,RS,Caxias do Sul,Centro Médico,Ortopedia,Consulta de rotina,2026-01-09,Masculino,Consulta,SUS
2814,Dra. Brenda Fonseca,2,MG,Contagem,Hospital,Clínica Geral,Ansiedade,2023-09-08,Masculino,Urgência,Unimed
2815,Benício Câmara,52,SP,Ribeirão Preto,UPA,Psiquiatria,Asma,2023-09-25,Masculino,Urgência,SulAmérica
2816,Antônio Monteiro,37,PR,Curitiba,UBS,Ortopedia,Enxaqueca,2024-02-29,Masculino,Consulta,SUS
2817,Dr. Bento Lopes,42,SC,Chapecó,UPA,Endocrinologia,Alergia,2025-12-22,Masculino,Consulta,Bradesco Saúde
2818,Dra. Ana Júlia da Paz,83,GO,Rio Verde,Centro Médico,Oftalmologia,Enxaqueca,2024-05-27,Masculino,Retorno,Unimed
2819,Srta. Kamilly Cardoso,80,SP,Santos,UPA,Clínica Geral,Artrite,2024-02-11,Masculino,Retorno,Unimed
2820,Mathias Fogaça,73,PR,Curitiba,Unidade de Saúde da Família,Oftalmologia,Gastrite,2025-07-11,Masculino,Urgência,Bradesco Saúde
2821,Luiz Miguel Marques,17,GO,Rio Verde,Hospital,Ginecologia,Gastrite,2023-08-28,Masculino,Consulta,Particular
2822,Dr. Cauê Vargas,32,CE,Juazeiro do Norte,Hospital,Neurologia,Consulta de rotina,2025-11-23,Feminino,Exame,Particular
2823,Sra. Ana Sophia da Rocha,74,SC,Chapecó,Centro Médico,Neurologia,Infecção respiratória,2024-11-30,Feminino,Consulta,Unimed
2824,Carlos Eduardo Novais,63,PR,Maringá,Pronto-Socorro,Cardiologia,Asma,2024-10-31,Masculino,Urgência,SUS
2825,Luan Viana,62,RJ,Niterói,Centro Médico,Oftalmologia,Diabetes,2025-11-13,Masculino,Consulta,Amil
2826,Giovanna da Mata,26,CE,Sobral,UPA,Cardiologia,Alergia,2026-03-29,Feminino,Consulta,SUS
2827,Srta. Lívia Cassiano,74,PE,Recife,UPA,Clínica Geral,Infecção respiratória,2025-07-27,Feminino,Consulta,Bradesco Saúde
2828,Catarina Novais,25,PR,Cascavel,Clínica Particular,Neurologia,Hipertensão,2025-07-12,Masculino,Urgência,SulAmérica
2829,André Nogueira,40,MG,Juiz de Fora,Pronto-Socorro,Neurologia,Enxaqueca,2024-09-05,Masculino,Urgência,Amil
2830,Davi Luiz Moura,57,PE,Recife,Laboratório,Pediatria,Colesterol elevado,2025-08-12,Masculino,Urgência,Particular
2831,José Pedro Campos,53,SP,Ribeirão Preto,Centro Médico,Cardiologia,Colesterol elevado,2024-12-17,Masculino,Exame,SulAmérica
2832,Diogo Monteiro,46,SP,São José dos Campos,UBS,Neurologia,Asma,2025-07-07,Masculino,Retorno,Bradesco Saúde
2833,Maria Vitória da Luz,11,GO,Anápolis,Pronto-Socorro,Ginecologia,Gastrite,2025-03-23,Masculino,Urgência,Particular
2834,Maitê Leão,72,GO,Goiânia,Centro Médico,Endocrinologia,Hipertensão,2026-08-07,Feminino,Urgência,Bradesco Saúde
2835,Nicolas Azevedo,42,RJ,Rio de Janeiro,Unidade de Saúde da Família,Dermatologia,Enxaqueca,2025-06-03,Feminino,Urgência,SUS
2836,Leandro Aragão,51,GO,Goiânia,Hospital,Neurologia,Dermatite,2024-12-27,Feminino,Consulta,Particular
2837,Maria Vitória Peixoto,76,RS,Porto Alegre,Clínica Particular,Clínica Geral,Asma,2025-05-03,Feminino,Urgência,Unimed
2838,Dr. Calebe Machado,3,RJ,Petrópolis,Clínica Particular,Psiquiatria,Ansiedade,2024-03-21,Masculino,Retorno,Particular
2839,Maria Alice das Neves,88,SC,Florianópolis,Clínica Particular,Psiquiatria,Gastrite,2024-11-03,Feminino,Retorno,SulAmérica
2840,Arthur Miguel Cardoso,66,SP,Campinas,Centro Médico,Endocrinologia,Artrite,2024-07-14,Feminino,Urgência,SulAmérica
2841,Ana Julia Lima,69,SP,Ribeirão Preto,Hospital,Pediatria,Gastrite,2023-11-17,Feminino,Retorno,Bradesco Saúde
2842,Heitor da Luz,49,BA,Salvador,Pronto-Socorro,Oftalmologia,Asma,2024-05-13,Masculino,Retorno,SulAmérica
2843,Maria Clara Machado,93,PR,Maringá,Laboratório,Pediatria,Dor abdominal,2026-04-23,Masculino,Retorno,Bradesco Saúde
2844,Dom Peixoto,34,CE,Juazeiro do Norte,Hospital,Endocrinologia,Ansiedade,2024-02-26,Masculino,Exame,Amil
2845,Ana Cecília Silveira,93,SP,São José dos Campos,Unidade de Saúde da Família,Clínica Geral,Consulta de rotina,2026-02-01,Masculino,Consulta,SulAmérica
2846,Maria Júlia da Rosa,70,RJ,Rio de Janeiro,Pronto-Socorro,Ortopedia,Diabetes,2023-10-03,Masculino,Retorno,SulAmérica
2847,Nicole Cardoso,49,MG,Contagem,UBS,Cardiologia,Lombalgia,2025-02-18,Feminino,Urgência,Bradesco Saúde
2848,Isis Ribeiro,21,SP,Santos,Laboratório,Ortopedia,Infecção respiratória,2025-09-30,Masculino,Consulta,Bradesco Saúde
2849,Asafe Cardoso,38,PE,Recife,Unidade de Saúde da Família,Pediatria,Infecção respiratória,2025-10-16,Masculino,Urgência,SUS
2850,Henrique Almeida,87,GO,Rio Verde,Hospital,Neurologia,Alergia,2025-01-16,Feminino,Urgência,SulAmérica
2851,Valentim Oliveira,62,RS,Pelotas,Hospital,Endocrinologia,Infecção urinária,2024-07-23,Masculino,Retorno,Particular
2852,Stella Novais,38,CE,Fortaleza,Laboratório,Cardiologia,Dermatite,2025-01-09,Feminino,Retorno,Bradesco Saúde
2853,Ana Carolina da Rosa,63,RS,Santa Maria,Laboratório,Oftalmologia,Infecção respiratória,2026-05-07,Feminino,Retorno,SUS
2854,Raul Silva,1,BA,Ilhéus,Centro Médico,Ortopedia,Hipertensão,2025-12-28,Masculino,Exame,Particular
2855,Arthur Guerra,3,SC,Blumenau,UPA,Ginecologia,Alergia,2024-06-21,Feminino,Consulta,SUS
2856,Dr. Matteo Pereira,7,PE,Petrolina,Centro Médico,Clínica Geral,Gastrite,2025-12-13,Masculino,Consulta,Amil
2857,Fernanda Nunes,56,PE,Olinda,Hospital,Ginecologia,Hipertensão,2024-05-06,Masculino,Consulta,SulAmérica
2858,Benjamim Costela,2,PE,Caruaru,UBS,Clínica Geral,Dermatite,2026-06-02,Masculino,Consulta,Bradesco Saúde
2859,Gustavo Henrique Brito,8,RJ,Niterói,Clínica Particular,Clínica Geral,Infecção respiratória,2024-09-11,Feminino,Retorno,Particular
2860,Antônio Moura,44,GO,Anápolis,UPA,Ortopedia,Colesterol elevado,2024-05-07,Feminino,Urgência,Bradesco Saúde
2861,Dante Garcia,30,CE,Juazeiro do Norte,UBS,Psiquiatria,Infecção urinária,2026-06-07,Masculino,Exame,Particular
2862,Luísa Costa,92,SP,São José dos Campos,Laboratório,Clínica Geral,Infecção respiratória,2024-03-04,Feminino,Urgência,Amil
2863,Ana Lívia da Luz,33,RS,Pelotas,Pronto-Socorro,Psiquiatria,Infecção respiratória,2024-04-20,Masculino,Urgência,Unimed
2864,Sra. Pietra Correia,89,SC,Blumenau,Pronto-Socorro,Ginecologia,Dor abdominal,2024-04-02,Masculino,Consulta,Bradesco Saúde
2865,Lavínia Guerra,16,SP,São José dos Campos,Laboratório,Ginecologia,Infecção urinária,2024-04-28,Feminino,Retorno,Unimed
2866,Lucca da Costa,51,RS,Pelotas,Laboratório,Pediatria,Dermatite,2025-01-16,Masculino,Urgência,SUS
2867,Thomas Fernandes,79,RJ,Volta Redonda,Unidade de Saúde da Família,Clínica Geral,Lombalgia,2024-04-10,Feminino,Exame,Particular
2868,Gael da Cunha,14,PR,Cascavel,Laboratório,Pediatria,Enxaqueca,2024-09-07,Feminino,Consulta,Amil
2869,Diogo Viana,58,SP,Santos,UPA,Oftalmologia,Ansiedade,2024-07-17,Feminino,Consulta,SUS
2870,João Vitor Souza,9,PR,Maringá,Centro Médico,Endocrinologia,Lombalgia,2024-04-05,Masculino,Consulta,Unimed
2871,Juan Fogaça,9,PR,Curitiba,Unidade de Saúde da Família,Ortopedia,Infecção urinária,2025-08-13,Masculino,Exame,Amil
2872,Anna Liz Alves,55,RJ,Petrópolis,Hospital,Ginecologia,Artrite,2025-08-08,Feminino,Consulta,Unimed
2873,Sofia Monteiro,33,MG,Uberlândia,Pronto-Socorro,Cardiologia,Dor abdominal,2026-06-04,Masculino,Urgência,Unimed
2874,Melina Campos,8,CE,Juazeiro do Norte,Laboratório,Dermatologia,Asma,2025-01-11,Feminino,Retorno,Particular
2875,Yuri Campos,75,BA,Ilhéus,Hospital,Ginecologia,Asma,2025-05-08,Feminino,Consulta,Bradesco Saúde
2876,Dante Câmara,56,RJ,Volta Redonda,Pronto-Socorro,Oftalmologia,Consulta de rotina,2025-11-21,Masculino,Exame,Unimed
2877,Ayla Castro,71,PE,Recife,Clínica Particular,Ortopedia,Ansiedade,2025-10-20,Feminino,Exame,Unimed
2878,Gabriel Costela,51,SC,Chapecó,Hospital,Ginecologia,Infecção urinária,2023-09-26,Feminino,Consulta,SUS
2879,Sra. Ana Beatriz Castro,61,PR,Cascavel,UBS,Endocrinologia,Enxaqueca,2026-06-10,Masculino,Consulta,SulAmérica
2880,Luiz Miguel Azevedo,21,RJ,Niterói,Hospital,Psiquiatria,Lombalgia,2024-08-28,Feminino,Exame,SUS
2881,Dr. Benjamin Alves,19,PR,Londrina,Unidade de Saúde da Família,Ortopedia,Colesterol elevado,2026-06-25,Masculino,Retorno,Bradesco Saúde
2882,Asafe Borges,34,PE,Caruaru,Hospital,Pediatria,Dermatite,2025-07-05,Masculino,Urgência,SUS
2883,Olivia Viana,59,MG,Contagem,Laboratório,Psiquiatria,Dermatite,2025-03-01,Masculino,Urgência,SUS
2884,Sr. Gustavo Rocha,31,CE,Sobral,UPA,Ortopedia,Asma,2025-03-03,Feminino,Retorno,Particular
2885,Bella Pinto,88,MG,Uberlândia,UPA,Clínica Geral,Consulta de rotina,2026-03-07,Masculino,Urgência,SulAmérica
2886,Ravi Lucca Melo,55,SP,São Paulo,Clínica Particular,Ortopedia,Colesterol elevado,2023-10-05,Masculino,Urgência,Unimed
2887,Dra. Beatriz Carvalho,39,MG,Uberlândia,Unidade de Saúde da Família,Cardiologia,Consulta de rotina,2024-08-11,Masculino,Consulta,SulAmérica
2888,Asafe das Neves,42,CE,Juazeiro do Norte,UBS,Ginecologia,Dermatite,2024-12-03,Feminino,Urgência,SUS
2889,Vitor Hugo Leão,57,PE,Recife,Centro Médico,Oftalmologia,Consulta de rotina,2024-05-24,Masculino,Retorno,Bradesco Saúde
2890,Ana Beatriz das Neves,4,PR,Curitiba,Hospital,Oftalmologia,Colesterol elevado,2024-05-04,Feminino,Retorno,SUS
2891,Srta. Laís Aparecida,56,MG,Uberlândia,UPA,Pediatria,Alergia,2026-08-06,Feminino,Exame,Amil
2892,Henry Castro,10,PR,Londrina,Laboratório,Endocrinologia,Asma,2024-07-25,Masculino,Exame,Amil
2893,Henry Gabriel Cunha,4,RS,Santa Maria,Unidade de Saúde da Família,Clínica Geral,Dor abdominal,2026-06-01,Feminino,Consulta,SUS
2894,Eloah Lima,43,PE,Recife,Centro Médico,Pediatria,Consulta de rotina,2025-06-18,Feminino,Retorno,SulAmérica
2895,Sra. Maria Sophia Vasconcelos,94,RS,Porto Alegre,Hospital,Neurologia,Colesterol elevado,2026-01-17,Feminino,Consulta,SUS
2896,Helena Gonçalves,3,CE,Juazeiro do Norte,Laboratório,Neurologia,Colesterol elevado,2026-05-26,Feminino,Retorno,Amil
2897,Yuri Peixoto,18,CE,Sobral,Centro Médico,Psiquiatria,Ansiedade,2024-08-16,Masculino,Exame,SUS
2898,Srta. Maria Flor Castro,32,SP,São Paulo,Laboratório,Ortopedia,Colesterol elevado,2026-05-10,Feminino,Exame,Unimed
2899,Dr. Cauã Costela,37,PE,Recife,Unidade de Saúde da Família,Dermatologia,Lombalgia,2025-06-22,Feminino,Retorno,Particular
2900,Hellena Cunha,76,SC,Joinville,Unidade de Saúde da Família,Psiquiatria,Dermatite,2024-11-19,Feminino,Consulta,Unimed
2901,Ana Araújo,5,GO,Rio Verde,Centro Médico,Ginecologia,Hipertensão,2024-04-18,Feminino,Retorno,SUS
2902,Sara da Paz,38,PE,Petrolina,Clínica Particular,Pediatria,Infecção respiratória,2025-01-16,Masculino,Urgência,Amil
2903,Liam Pacheco,13,RJ,Niterói,UPA,Endocrinologia,Consulta de rotina,2026-03-16,Masculino,Consulta,Unimed
2904,Anna Liz Rocha,72,GO,Anápolis,Centro Médico,Ortopedia,Enxaqueca,2025-03-03,Masculino,Consulta,SulAmérica
2905,Hellena Casa Grande,88,RJ,Niterói,Unidade de Saúde da Família,Oftalmologia,Asma,2023-09-24,Masculino,Retorno,SUS
2906,Eduardo Novaes,64,GO,Anápolis,Pronto-Socorro,Pediatria,Dermatite,2024-10-20,Masculino,Urgência,Amil
2907,Clara Farias,9,CE,Sobral,UPA,Pediatria,Dor abdominal,2024-06-25,Feminino,Exame,Particular
2908,Dra. Maria Laura da Conceição,9,BA,Vitória da Conquista,Laboratório,Endocrinologia,Hipertensão,2024-03-03,Feminino,Consulta,SulAmérica
2909,Julia Moraes,74,PR,Maringá,Centro Médico,Oftalmologia,Enxaqueca,2025-03-09,Feminino,Urgência,Amil
2910,Erick da Cruz,66,SP,Santos,Laboratório,Neurologia,Consulta de rotina,2025-11-02,Feminino,Exame,SUS
2911,Lunna Albuquerque,1,SC,Joinville,Unidade de Saúde da Família,Pediatria,Dor abdominal,2026-03-24,Feminino,Consulta,Particular
2912,João Vitor Albuquerque,74,SC,Florianópolis,UPA,Oftalmologia,Diabetes,2025-02-04,Feminino,Exame,SUS
2913,Marcela Freitas,54,SP,São Paulo,Centro Médico,Ginecologia,Ansiedade,2024-11-18,Feminino,Exame,SulAmérica
2914,Luiz Gustavo Barbosa,36,SC,Chapecó,Centro Médico,Neurologia,Infecção urinária,2025-09-20,Feminino,Urgência,Unimed
2915,Ester Moraes,46,BA,Ilhéus,UBS,Pediatria,Enxaqueca,2024-08-28,Feminino,Exame,Unimed
2916,Lívia Cirino,7,SP,São Paulo,Laboratório,Endocrinologia,Alergia,2026-07-09,Feminino,Exame,Bradesco Saúde
2917,Manuella Câmara,88,MG,Juiz de Fora,Hospital,Ginecologia,Diabetes,2024-10-25,Feminino,Exame,Unimed
2918,Pietra Cavalcante,14,RS,Pelotas,UPA,Pediatria,Ansiedade,2023-11-24,Feminino,Urgência,Unimed
2919,Olívia Macedo,38,RJ,Volta Redonda,Hospital,Pediatria,Colesterol elevado,2024-03-09,Masculino,Retorno,Bradesco Saúde
2920,João Vitor Castro,3,PE,Petrolina,Clínica Particular,Ginecologia,Dermatite,2026-02-05,Feminino,Consulta,SulAmérica
2921,Davi Novais,3,RJ,Volta Redonda,Clínica Particular,Oftalmologia,Dor abdominal,2026-04-18,Masculino,Urgência,Unimed
2922,Nathan Melo,66,MG,Uberlândia,Laboratório,Clínica Geral,Infecção respiratória,2024-06-26,Masculino,Urgência,SulAmérica
2923,Elisa Cardoso,79,SP,São José dos Campos,Clínica Particular,Clínica Geral,Consulta de rotina,2024-01-25,Feminino,Consulta,SUS
2924,Dr. Leonardo Guerra,75,RS,Porto Alegre,Laboratório,Cardiologia,Dermatite,2024-08-25,Feminino,Exame,Bradesco Saúde
2925,Jade Borges,35,CE,Caucaia,Centro Médico,Pediatria,Artrite,2023-11-22,Feminino,Consulta,SUS
2926,Sara Câmara,79,BA,Ilhéus,Pronto-Socorro,Endocrinologia,Hipertensão,2025-12-01,Feminino,Urgência,Particular
2927,Emanuella Peixoto,46,CE,Caucaia,Laboratório,Neurologia,Enxaqueca,2025-08-20,Masculino,Urgência,Amil
2928,João Felipe Cavalcanti,87,PR,Maringá,Hospital,Ginecologia,Consulta de rotina,2025-06-28,Masculino,Retorno,SulAmérica
2929,Laís Ribeiro,22,PE,Recife,Pronto-Socorro,Dermatologia,Infecção respiratória,2024-07-04,Masculino,Retorno,Particular
2930,Arthur Miguel Correia,43,BA,Feira de Santana,Pronto-Socorro,Psiquiatria,Dermatite,2025-10-07,Masculino,Exame,SUS
2931,Sr. Ravi Rezende,6,RS,Caxias do Sul,Clínica Particular,Cardiologia,Consulta de rotina,2024-06-29,Feminino,Exame,Amil
2932,Ana Laura Duarte,59,RS,Santa Maria,Centro Médico,Psiquiatria,Lombalgia,2025-07-15,Masculino,Urgência,Particular
2933,Maria Alice Rocha,95,SC,Chapecó,Pronto-Socorro,Endocrinologia,Asma,2024-11-08,Masculino,Retorno,Particular
2934,Davi Luiz Souza,78,SC,Joinville,Centro Médico,Endocrinologia,Dermatite,2024-06-03,Feminino,Urgência,Particular
2935,Camila Nunes,21,GO,Rio Verde,Clínica Particular,Ortopedia,Infecção respiratória,2024-07-26,Feminino,Consulta,SulAmérica
2936,Lara Araújo,92,BA,Ilhéus,Pronto-Socorro,Pediatria,Alergia,2024-09-25,Feminino,Exame,Unimed
2937,Helena Pires,13,SC,Joinville,Unidade de Saúde da Família,Ortopedia,Asma,2023-12-19,Masculino,Exame,Amil
2938,Daniel Sá,85,MG,Uberlândia,UBS,Ginecologia,Diabetes,2024-01-18,Masculino,Exame,Bradesco Saúde
2939,Maria Liz Moraes,38,SC,Joinville,UPA,Oftalmologia,Dermatite,2025-01-06,Feminino,Urgência,Bradesco Saúde
2940,Lucca Montenegro,80,RS,Santa Maria,Hospital,Oftalmologia,Ansiedade,2026-02-07,Masculino,Retorno,SUS
2941,Ayla Fonseca,29,CE,Caucaia,Unidade de Saúde da Família,Cardiologia,Alergia,2026-02-19,Masculino,Retorno,SUS
2942,Lucca Cunha,87,PR,Cascavel,Hospital,Clínica Geral,Asma,2025-08-07,Feminino,Urgência,Unimed
2943,Ana Cecília da Cunha,8,SC,Chapecó,Pronto-Socorro,Neurologia,Alergia,2025-09-25,Feminino,Urgência,Particular
2944,Enrico da Paz,64,CE,Sobral,Centro Médico,Ginecologia,Dor abdominal,2023-11-20,Masculino,Consulta,Amil
2945,Breno Câmara,66,PR,Cascavel,UBS,Ginecologia,Consulta de rotina,2025-06-05,Masculino,Urgência,Amil
2946,Asafe da Paz,72,GO,Goiânia,Pronto-Socorro,Ginecologia,Artrite,2025-02-10,Feminino,Retorno,Amil
2947,Julia Barbosa,65,SC,Joinville,Pronto-Socorro,Endocrinologia,Artrite,2024-05-30,Feminino,Exame,SUS
2948,Mariah Campos,20,SC,Florianópolis,Hospital,Neurologia,Gastrite,2026-01-30,Masculino,Retorno,SUS
2949,Olívia Peixoto,88,GO,Rio Verde,UBS,Pediatria,Diabetes,2024-03-09,Masculino,Urgência,SulAmérica
2950,Otto Silva,20,RJ,Rio de Janeiro,Laboratório,Cardiologia,Artrite,2026-02-08,Masculino,Consulta,SulAmérica
2951,Anna Liz Andrade,52,CE,Fortaleza,Laboratório,Psiquiatria,Hipertensão,2024-03-15,Masculino,Consulta,Amil
2952,Dr. Kevin Azevedo,29,GO,Aparecida de Goiânia,Unidade de Saúde da Família,Pediatria,Consulta de rotina,2025-12-20,Masculino,Exame,Bradesco Saúde
2953,Augusto Caldeira,29,GO,Aparecida de Goiânia,Pronto-Socorro,Endocrinologia,Infecção urinária,2026-07-18,Feminino,Urgência,Bradesco Saúde
2954,Augusto Barbosa,32,CE,Fortaleza,Centro Médico,Clínica Geral,Gastrite,2024-01-06,Feminino,Urgência,Amil
2955,Valentim Abreu,67,SC,Chapecó,Clínica Particular,Ortopedia,Lombalgia,2025-10-07,Feminino,Exame,Particular
2956,Esther Brito,31,CE,Sobral,UBS,Pediatria,Dermatite,2024-01-09,Masculino,Consulta,Unimed
2957,Sr. Vitor Gabriel da Conceição,81,BA,Vitória da Conquista,Hospital,Ginecologia,Alergia,2023-09-20,Masculino,Urgência,SUS
2958,Antony Pereira,80,RJ,Volta Redonda,Clínica Particular,Endocrinologia,Enxaqueca,2024-08-06,Feminino,Urgência,Particular
2959,Alícia Aragão,66,RS,Pelotas,Clínica Particular,Cardiologia,Diabetes,2026-03-09,Feminino,Consulta,Unimed
2960,Calebe Pimenta,84,CE,Fortaleza,UBS,Pediatria,Ansiedade,2024-04-09,Masculino,Urgência,Particular
2961,Esther Caldeira,69,PR,Cascavel,Unidade de Saúde da Família,Cardiologia,Lombalgia,2025-04-07,Feminino,Consulta,SulAmérica
2962,Liam da Cruz,82,SP,São José dos Campos,Unidade de Saúde da Família,Neurologia,Consulta de rotina,2024-03-07,Feminino,Consulta,SUS
2963,Léo Martins,81,PR,Maringá,Pronto-Socorro,Ginecologia,Gastrite,2024-08-13,Feminino,Urgência,Amil
2964,Benício Gonçalves,4,CE,Juazeiro do Norte,Clínica Particular,Oftalmologia,Asma,2025-07-18,Feminino,Urgência,Particular
2965,Benicio Souza,28,RJ,Volta Redonda,UPA,Psiquiatria,Lombalgia,2025-08-31,Feminino,Retorno,Amil
2966,Caio Albuquerque,16,SC,Joinville,Centro Médico,Psiquiatria,Alergia,2024-10-13,Feminino,Exame,SulAmérica
2967,Allana Rocha,85,MG,Uberlândia,Unidade de Saúde da Família,Ortopedia,Diabetes,2025-05-30,Feminino,Retorno,SulAmérica
2968,Srta. Maria Isis Sousa,73,SP,Campinas,UBS,Ginecologia,Artrite,2025-06-08,Feminino,Urgência,SulAmérica
2969,Ryan Borges,30,MG,Uberlândia,UPA,Dermatologia,Diabetes,2025-07-29,Feminino,Urgência,Particular
2970,Luana das Neves,81,SC,Blumenau,Pronto-Socorro,Endocrinologia,Dor abdominal,2026-06-05,Feminino,Exame,Particular
2971,Renan Gonçalves,39,CE,Caucaia,Pronto-Socorro,Oftalmologia,Dermatite,2026-04-24,Feminino,Urgência,Amil
2972,Luan Campos,45,MG,Belo Horizonte,Centro Médico,Endocrinologia,Enxaqueca,2026-03-09,Masculino,Exame,Unimed
2973,Laís Silveira,55,GO,Goiânia,UBS,Neurologia,Hipertensão,2026-06-01,Feminino,Consulta,SUS
2974,Letícia Aparecida,66,MG,Belo Horizonte,UBS,Oftalmologia,Consulta de rotina,2025-01-18,Masculino,Urgência,Particular
2975,Luiz Henrique Camargo,36,PR,Maringá,Unidade de Saúde da Família,Oftalmologia,Asma,2025-07-12,Masculino,Urgência,Bradesco Saúde
2976,Olivia Novaes,58,PR,Cascavel,Pronto-Socorro,Clínica Geral,Asma,2026-03-15,Masculino,Retorno,Bradesco Saúde
2977,Théo Vasconcelos,86,PE,Caruaru,Clínica Particular,Ortopedia,Colesterol elevado,2026-01-06,Masculino,Retorno,Amil
2978,Rafael Vargas,74,BA,Salvador,Laboratório,Pediatria,Diabetes,2025-07-01,Masculino,Exame,Amil
2979,José Pedro Teixeira,16,CE,Sobral,Laboratório,Oftalmologia,Gastrite,2025-11-21,Feminino,Consulta,Particular
2980,Gabrielly Sousa,51,MG,Juiz de Fora,Clínica Particular,Dermatologia,Infecção respiratória,2023-10-19,Masculino,Retorno,SUS
2981,Antônio das Neves,35,MG,Uberlândia,Hospital,Cardiologia,Ansiedade,2024-12-04,Masculino,Exame,Amil
2982,Valentina Lima,54,SC,Joinville,Unidade de Saúde da Família,Ginecologia,Consulta de rotina,2026-05-27,Masculino,Consulta,Amil
2983,José Pedro Cunha,42,CE,Fortaleza,UPA,Dermatologia,Enxaqueca,2025-08-31,Feminino,Consulta,Unimed
2984,Melina Pereira,79,RS,Porto Alegre,UPA,Ortopedia,Dor abdominal,2023-10-17,Feminino,Consulta,Amil
2985,Isaque Casa Grande,47,RS,Santa Maria,Laboratório,Dermatologia,Infecção respiratória,2024-12-15,Feminino,Consulta,Particular
2986,Sra. Maria Alice Mendes,32,SC,Chapecó,Unidade de Saúde da Família,Pediatria,Gastrite,2024-03-25,Masculino,Consulta,Bradesco Saúde
2987,Julia Rezende,95,GO,Anápolis,Laboratório,Psiquiatria,Infecção urinária,2025-11-20,Feminino,Urgência,Bradesco Saúde
2988,Maria Julia Moraes,63,MG,Uberlândia,Unidade de Saúde da Família,Oftalmologia,Dermatite,2025-04-14,Feminino,Consulta,Unimed
2989,Allana Sampaio,4,GO,Goiânia,Clínica Particular,Endocrinologia,Lombalgia,2025-08-25,Masculino,Retorno,SulAmérica
2990,Isabel Jesus,9,BA,Vitória da Conquista,Clínica Particular,Dermatologia,Colesterol elevado,2024-02-06,Feminino,Urgência,Bradesco Saúde
2991,Hadassa Rodrigues,19,PE,Petrolina,UPA,Endocrinologia,Ansiedade,2025-11-26,Masculino,Consulta,Unimed
2992,Kamilly Albuquerque,30,CE,Caucaia,UBS,Dermatologia,Ansiedade,2025-08-07,Feminino,Urgência,Amil
2993,Murilo Pinto,88,RJ,Petrópolis,Unidade de Saúde da Família,Dermatologia,Consulta de rotina,2025-06-24,Masculino,Retorno,Unimed
2994,Henry Nunes,34,RJ,Rio de Janeiro,Unidade de Saúde da Família,Endocrinologia,Artrite,2024-11-26,Feminino,Urgência,SUS
2995,Dra. Ana Liz Montenegro,89,RJ,Niterói,Hospital,Dermatologia,Hipertensão,2024-05-03,Feminino,Urgência,SUS
2996,Marina Pereira,84,CE,Sobral,Laboratório,Oftalmologia,Diabetes,2023-08-30,Masculino,Consulta,SulAmérica
2997,Bárbara Sá,65,SC,Blumenau,Hospital,Clínica Geral,Diabetes,2026-01-11,Feminino,Retorno,Particular
2998,Giovanna Novaes,75,RS,Caxias do Sul,UBS,Ginecologia,Diabetes,2026-01-09,Masculino,Urgência,SUS
2999,Francisco Santos,69,PE,Petrolina,Laboratório,Pediatria,Infecção urinária,2025-11-08,Masculino,Consulta,Amil
3000,Samuel da Mota,71,SC,Florianópolis,Unidade de Saúde da Família,Cardiologia,Hipertensão,2024-05-22,Feminino,Urgência,Amil
3001,Isaque Novaes,43,RS,Caxias do Sul,Unidade de Saúde da Família,Clínica Geral,Gastrite,2024-04-27,Masculino,Retorno,Amil
3002,Vitor Gabriel Albuquerque,32,GO,Aparecida de Goiânia,UBS,Ginecologia,Enxaqueca,2025-09-11,Masculino,Retorno,Particular
3003,Liz Pacheco,7,PE,Recife,UPA,Ortopedia,Hipertensão,2024-08-27,Masculino,Exame,Unimed
3004,Sr. Luiz Fernando Nogueira,87,BA,Salvador,Centro Médico,Pediatria,Infecção respiratória,2025-09-20,Feminino,Consulta,Particular
3005,Maria Julia Melo,4,RS,Caxias do Sul,Laboratório,Oftalmologia,Alergia,2026-07-23,Masculino,Consulta,Unimed
3006,Guilherme Siqueira,41,RJ,Petrópolis,UPA,Clínica Geral,Diabetes,2025-10-21,Feminino,Exame,SUS
3007,Gabriela Rios,17,PR,Londrina,UPA,Pediatria,Enxaqueca,2024-12-06,Masculino,Consulta,Unimed
3008,Maria Helena Pacheco,24,PR,Londrina,UPA,Clínica Geral,Lombalgia,2024-03-27,Feminino,Retorno,SulAmérica
3009,Stella Silveira,85,SP,São Paulo,Hospital,Cardiologia,Diabetes,2024-01-25,Masculino,Urgência,Bradesco Saúde
3010,Bella Vieira,29,RS,Caxias do Sul,UBS,Ortopedia,Dor abdominal,2026-05-03,Masculino,Urgência,SUS
3011,Daniela Vargas,15,SC,Chapecó,Clínica Particular,Pediatria,Dor abdominal,2025-12-05,Feminino,Urgência,Amil
3012,Luan Correia,17,RS,Pelotas,Clínica Particular,Dermatologia,Infecção respiratória,2025-01-08,Feminino,Urgência,Unimed
3013,Pedro Caldeira,55,GO,Rio Verde,Hospital,Pediatria,Enxaqueca,2023-09-27,Feminino,Exame,SUS
3014,Calebe Moreira,7,RS,Caxias do Sul,Centro Médico,Ortopedia,Gastrite,2025-05-18,Feminino,Exame,SulAmérica
3015,Josué Pastor,85,PR,Maringá,Centro Médico,Pediatria,Consulta de rotina,2026-05-23,Feminino,Retorno,Unimed
3016,Pietra da Conceição,43,PE,Recife,UPA,Oftalmologia,Gastrite,2025-05-31,Feminino,Urgência,Bradesco Saúde
3017,Maria Azevedo,63,RJ,Petrópolis,Laboratório,Pediatria,Lombalgia,2023-10-28,Masculino,Consulta,Bradesco Saúde
3018,Miguel Vasconcelos,39,PE,Petrolina,UBS,Dermatologia,Alergia,2024-12-19,Feminino,Retorno,SUS
3019,Benjamim Marques,21,PE,Caruaru,Pronto-Socorro,Neurologia,Colesterol elevado,2025-03-26,Feminino,Exame,Amil
3020,Lucas Gabriel Moraes,44,BA,Feira de Santana,Clínica Particular,Endocrinologia,Consulta de rotina,2024-07-12,Feminino,Retorno,SulAmérica
3021,Allana Montenegro,32,GO,Anápolis,UPA,Dermatologia,Dor abdominal,2025-07-16,Feminino,Exame,Bradesco Saúde
3022,Aylla Viana,14,MG,Juiz de Fora,Centro Médico,Neurologia,Diabetes,2025-02-28,Masculino,Exame,SulAmérica
3023,Maria Flor Pereira,81,PE,Olinda,Clínica Particular,Ginecologia,Enxaqueca,2023-09-26,Masculino,Urgência,Amil
3024,Luiz Fernando Rodrigues,65,SC,Blumenau,Laboratório,Ortopedia,Infecção urinária,2025-09-14,Masculino,Exame,Particular
3025,Sra. Yasmin Duarte,38,PE,Olinda,Unidade de Saúde da Família,Psiquiatria,Infecção urinária,2026-03-15,Masculino,Consulta,Amil
3026,Nicolas Jesus,29,RJ,Petrópolis,UBS,Cardiologia,Gastrite,2026-05-05,Masculino,Exame,Particular
3027,Gael Nogueira,3,SP,Campinas,Unidade de Saúde da Família,Ortopedia,Alergia,2024-03-13,Masculino,Exame,Particular
3028,Sr. Noah Rezende,1,CE,Caucaia,UBS,Dermatologia,Artrite,2025-04-26,Feminino,Exame,Bradesco Saúde
3029,Pedro Aragão,18,SP,São José dos Campos,Laboratório,Dermatologia,Consulta de rotina,2025-11-25,Masculino,Consulta,SUS
3030,Lavínia Castro,51,RJ,Petrópolis,Clínica Particular,Psiquiatria,Colesterol elevado,2025-12-08,Feminino,Exame,Amil
3031,Mariah Sá,83,MG,Juiz de Fora,Pronto-Socorro,Pediatria,Asma,2025-03-11,Masculino,Exame,SulAmérica
3032,Maria Júlia Pinto,52,RS,Pelotas,Clínica Particular,Ortopedia,Consulta de rotina,2025-01-19,Masculino,Exame,SUS
3033,Cecília da Luz,2,GO,Anápolis,Clínica Particular,Oftalmologia,Dermatite,2025-07-13,Feminino,Consulta,SulAmérica
3034,José Gonçalves,83,RJ,Niterói,Laboratório,Oftalmologia,Asma,2024-02-05,Feminino,Exame,Particular
3035,André Pimenta,58,GO,Rio Verde,Hospital,Oftalmologia,Infecção urinária,2024-06-14,Masculino,Retorno,Unimed
3036,Dr. Josué Almeida,5,PR,Curitiba,UBS,Oftalmologia,Diabetes,2024-09-16,Masculino,Urgência,Bradesco Saúde
3037,Luiz Miguel Porto,52,SP,São Paulo,Clínica Particular,Psiquiatria,Consulta de rotina,2025-01-11,Feminino,Consulta,Particular
3038,Francisco Alves,30,PR,Londrina,Pronto-Socorro,Dermatologia,Dor abdominal,2025-08-12,Feminino,Exame,Amil
3039,Luan Cardoso,69,PR,Maringá,UBS,Dermatologia,Hipertensão,2025-05-04,Feminino,Consulta,SulAmérica
3040,Dr. Benjamim da Rosa,56,SP,São Paulo,Unidade de Saúde da Família,Psiquiatria,Dor abdominal,2024-09-01,Masculino,Consulta,Unimed
3041,André Cunha,14,SC,Florianópolis,Laboratório,Clínica Geral,Enxaqueca,2023-11-15,Masculino,Consulta,Particular
3042,Maria Oliveira,5,RS,Caxias do Sul,UPA,Endocrinologia,Artrite,2023-09-12,Feminino,Exame,Particular
3043,Lara Teixeira,10,PE,Recife,Hospital,Ortopedia,Enxaqueca,2025-06-11,Masculino,Consulta,SUS
3044,José Miguel Caldeira,39,RS,Pelotas,Pronto-Socorro,Pediatria,Hipertensão,2024-03-06,Masculino,Urgência,SUS
3045,Vitor Gabriel Barros,8,RJ,Volta Redonda,Unidade de Saúde da Família,Psiquiatria,Infecção urinária,2025-12-09,Masculino,Exame,Bradesco Saúde
3046,Sr. Yago Vieira,70,RJ,Niterói,Laboratório,Clínica Geral,Diabetes,2024-10-16,Feminino,Exame,Particular
3047,Sr. Breno Oliveira,15,RJ,Volta Redonda,Clínica Particular,Pediatria,Colesterol elevado,2025-03-25,Masculino,Urgência,Particular
3048,Vinícius Freitas,60,MG,Juiz de Fora,Hospital,Pediatria,Ansiedade,2025-04-19,Masculino,Urgência,Particular
3049,Sophia Gomes,69,RJ,Niterói,Unidade de Saúde da Família,Dermatologia,Lombalgia,2025-04-12,Masculino,Exame,SulAmérica
3050,Emanuella Costa,56,RJ,Niterói,Unidade de Saúde da Família,Endocrinologia,Lombalgia,2024-08-18,Feminino,Exame,Unimed
3051,Ana Dias,78,PE,Olinda,UBS,Ortopedia,Artrite,2023-11-04,Masculino,Consulta,SulAmérica
3052,Augusto Andrade,79,CE,Juazeiro do Norte,UBS,Oftalmologia,Diabetes,2026-01-26,Feminino,Retorno,SUS
3053,Dr. Arthur Miguel Brito,45,MG,Belo Horizonte,Pronto-Socorro,Clínica Geral,Diabetes,2025-12-30,Masculino,Consulta,Unimed
3054,Antônio Fonseca,7,PR,Maringá,Laboratório,Psiquiatria,Infecção urinária,2023-09-19,Feminino,Retorno,Amil
3055,Juan Fonseca,71,RJ,Volta Redonda,Pronto-Socorro,Ginecologia,Lombalgia,2025-01-23,Masculino,Urgência,SUS
3056,Davi Luiz Ramos,10,CE,Juazeiro do Norte,Hospital,Pediatria,Infecção urinária,2024-03-15,Feminino,Urgência,Amil
3057,Vitória Sousa,75,RJ,Volta Redonda,Pronto-Socorro,Endocrinologia,Artrite,2025-03-01,Feminino,Exame,Amil
3058,Ana Julia da Paz,65,GO,Anápolis,Clínica Particular,Clínica Geral,Hipertensão,2026-01-22,Feminino,Consulta,Bradesco Saúde
3059,Rodrigo Souza,58,BA,Ilhéus,Centro Médico,Oftalmologia,Dor abdominal,2024-01-23,Feminino,Urgência,Bradesco Saúde
3060,Ágatha das Neves,24,RS,Caxias do Sul,Unidade de Saúde da Família,Cardiologia,Alergia,2024-10-29,Masculino,Exame,Amil
3061,Calebe Porto,52,MG,Juiz de Fora,Centro Médico,Clínica Geral,Enxaqueca,2026-03-17,Feminino,Consulta,Amil
3062,Fernanda Nunes,11,SP,São Paulo,Pronto-Socorro,Dermatologia,Diabetes,2024-06-28,Masculino,Consulta,Amil
3063,Igor Peixoto,24,SC,Chapecó,Pronto-Socorro,Clínica Geral,Colesterol elevado,2025-10-25,Feminino,Consulta,Particular
3064,Mariana Gomes,53,SP,Ribeirão Preto,Hospital,Dermatologia,Colesterol elevado,2026-02-26,Masculino,Exame,SUS
3065,Gabriela da Mota,1,SC,Joinville,Unidade de Saúde da Família,Oftalmologia,Infecção respiratória,2026-08-10,Masculino,Consulta,Particular
3066,Vicente Campos,18,BA,Feira de Santana,Clínica Particular,Pediatria,Artrite,2025-03-01,Masculino,Retorno,SUS
3067,Ana Luiza Albuquerque,37,SC,Joinville,Hospital,Endocrinologia,Enxaqueca,2023-12-11,Feminino,Urgência,SUS
3068,Brenda Aparecida,46,SC,Joinville,Pronto-Socorro,Clínica Geral,Hipertensão,2024-08-31,Feminino,Consulta,Particular
3069,Luísa Gomes,58,SC,Blumenau,UBS,Ortopedia,Lombalgia,2025-08-30,Masculino,Consulta,SUS
3070,José Pedro da Mata,41,BA,Salvador,Clínica Particular,Ginecologia,Colesterol elevado,2026-08-05,Feminino,Retorno,SUS
3071,Gustavo Rios,1,SC,Joinville,Laboratório,Dermatologia,Diabetes,2026-04-09,Feminino,Exame,Bradesco Saúde
3072,Dante Cirino,60,SP,São José dos Campos,Clínica Particular,Clínica Geral,Infecção respiratória,2023-09-24,Masculino,Consulta,Particular
3073,Diogo Novaes,80,RS,Porto Alegre,Pronto-Socorro,Ginecologia,Dor abdominal,2023-09-02,Feminino,Consulta,Bradesco Saúde
3074,Marcelo Novais,66,BA,Feira de Santana,UBS,Dermatologia,Enxaqueca,2023-11-18,Feminino,Exame,Amil
3075,Isaac Novaes,71,RS,Caxias do Sul,Hospital,Pediatria,Diabetes,2024-04-21,Masculino,Consulta,Amil
3076,Matheus da Cruz,64,PR,Maringá,Hospital,Ortopedia,Alergia,2026-01-05,Masculino,Retorno,Particular
3077,Mariah Carvalho,33,PR,Cascavel,Clínica Particular,Oftalmologia,Consulta de rotina,2026-07-14,Masculino,Urgência,Unimed
3078,Daniel Garcia,45,SC,Blumenau,Unidade de Saúde da Família,Ginecologia,Consulta de rotina,2026-02-12,Feminino,Consulta,Bradesco Saúde
3079,João Felipe Barros,74,RS,Caxias do Sul,Hospital,Oftalmologia,Consulta de rotina,2024-09-06,Feminino,Consulta,SulAmérica
3080,Igor Andrade,20,RS,Pelotas,Laboratório,Clínica Geral,Gastrite,2024-09-17,Masculino,Consulta,Amil
3081,Dra. Isabella Souza,59,BA,Ilhéus,Clínica Particular,Ortopedia,Alergia,2023-11-25,Feminino,Urgência,Amil
3082,Kaique Nogueira,52,SP,São Paulo,Centro Médico,Pediatria,Alergia,2025-06-14,Feminino,Consulta,SUS
3083,Maria Laura Guerra,39,PE,Recife,Hospital,Pediatria,Lombalgia,2023-11-01,Masculino,Consulta,Bradesco Saúde
3084,Nicole Montenegro,62,RS,Caxias do Sul,Laboratório,Psiquiatria,Consulta de rotina,2026-08-02,Masculino,Exame,Unimed
3085,Ian Silveira,59,RS,Pelotas,Unidade de Saúde da Família,Pediatria,Lombalgia,2024-12-11,Masculino,Urgência,SulAmérica
3086,Benicio da Cruz,19,MG,Uberlândia,Pronto-Socorro,Pediatria,Dor abdominal,2024-03-28,Feminino,Consulta,Particular
3087,Ana Clara Rios,59,RS,Porto Alegre,UPA,Dermatologia,Diabetes,2024-09-04,Feminino,Urgência,SUS
3088,Hellena Lopes,42,PE,Recife,Centro Médico,Ginecologia,Alergia,2026-02-20,Feminino,Consulta,Amil
3089,Amanda Camargo,73,MG,Contagem,Laboratório,Clínica Geral,Infecção respiratória,2024-10-21,Feminino,Retorno,Unimed
3090,Eloah Santos,31,CE,Fortaleza,Clínica Particular,Ortopedia,Infecção urinária,2023-11-23,Masculino,Urgência,SulAmérica
3091,Sophie Pimenta,46,GO,Anápolis,UPA,Ortopedia,Dermatite,2025-12-07,Masculino,Urgência,SulAmérica
3092,Maya Aparecida,68,SC,Joinville,Laboratório,Ortopedia,Hipertensão,2025-09-02,Feminino,Consulta,SUS
3093,Anthony Gabriel Cavalcanti,51,GO,Rio Verde,UPA,Psiquiatria,Consulta de rotina,2026-03-17,Masculino,Exame,SUS
3094,Leonardo Barbosa,38,RJ,Volta Redonda,UPA,Psiquiatria,Infecção respiratória,2024-07-13,Masculino,Consulta,Unimed
3095,Rafael da Costa,60,RJ,Volta Redonda,UPA,Cardiologia,Lombalgia,2026-01-31,Masculino,Retorno,Amil
3096,Henry Aragão,61,PE,Olinda,Hospital,Oftalmologia,Dor abdominal,2025-07-18,Masculino,Urgência,Particular
3097,Léo Albuquerque,30,PR,Curitiba,UPA,Endocrinologia,Hipertensão,2024-11-05,Feminino,Urgência,Particular
3098,Dom Correia,6,MG,Uberlândia,Laboratório,Cardiologia,Infecção urinária,2023-09-05,Masculino,Consulta,Bradesco Saúde
3099,Ana Carolina Porto,28,PR,Londrina,Centro Médico,Psiquiatria,Dor abdominal,2026-02-10,Feminino,Exame,Particular
3100,Theodoro Sales,1,GO,Goiânia,Hospital,Clínica Geral,Infecção respiratória,2023-10-13,Feminino,Exame,Particular
3101,Dr. José Pedro Caldeira,24,PE,Olinda,Centro Médico,Oftalmologia,Asma,2026-04-26,Feminino,Exame,Particular
3102,Augusto Vasconcelos,46,SC,Blumenau,Pronto-Socorro,Clínica Geral,Asma,2025-11-26,Feminino,Retorno,SUS
3103,Isaac da Rosa,45,SP,Santos,Clínica Particular,Pediatria,Asma,2026-01-31,Masculino,Consulta,Amil
3104,Helena Andrade,69,CE,Sobral,UBS,Dermatologia,Lombalgia,2024-12-23,Feminino,Urgência,Amil
3105,Clarice Fogaça,57,RS,Caxias do Sul,Hospital,Cardiologia,Consulta de rotina,2023-10-08,Feminino,Urgência,SUS
3106,Sra. Olivia Monteiro,11,GO,Goiânia,Unidade de Saúde da Família,Neurologia,Gastrite,2026-01-12,Feminino,Exame,Unimed
3107,Erick Câmara,23,SP,Santos,Unidade de Saúde da Família,Oftalmologia,Diabetes,2025-02-26,Masculino,Consulta,Bradesco Saúde
3108,Ravi Pereira,90,MG,Belo Horizonte,Centro Médico,Neurologia,Artrite,2025-12-14,Masculino,Exame,SulAmérica
3109,Dr. João Felipe Sousa,20,RJ,Rio de Janeiro,UPA,Ortopedia,Diabetes,2025-01-13,Masculino,Exame,Amil
3110,Hadassa da Rosa,4,SC,Chapecó,Laboratório,Neurologia,Infecção urinária,2025-02-20,Feminino,Retorno,Unimed
3111,Dr. Lucca Siqueira,20,PR,Londrina,Clínica Particular,Neurologia,Diabetes,2023-09-14,Feminino,Retorno,Particular
3112,Brayan Costela,82,MG,Contagem,Pronto-Socorro,Endocrinologia,Lombalgia,2025-03-31,Feminino,Retorno,Amil
3113,Maria Sophia da Luz,37,RJ,Rio de Janeiro,UPA,Psiquiatria,Enxaqueca,2025-01-17,Masculino,Consulta,Particular
3114,Antonella Araújo,59,SP,Campinas,Centro Médico,Ortopedia,Consulta de rotina,2025-06-27,Masculino,Retorno,SulAmérica
3115,Rafaela Santos,19,RJ,Niterói,Pronto-Socorro,Oftalmologia,Lombalgia,2024-06-06,Feminino,Exame,Bradesco Saúde
3116,Luiz Fernando da Rosa,62,PR,Londrina,Pronto-Socorro,Cardiologia,Alergia,2024-06-22,Masculino,Exame,Amil
3117,Bárbara Camargo,44,BA,Salvador,Clínica Particular,Endocrinologia,Infecção respiratória,2024-05-01,Masculino,Consulta,Particular
3118,Fernanda Abreu,50,RS,Porto Alegre,Centro Médico,Pediatria,Asma,2025-10-02,Feminino,Exame,Unimed
3119,Arthur Albuquerque,57,MG,Contagem,Clínica Particular,Ginecologia,Diabetes,2024-01-11,Masculino,Exame,SUS
3120,João Felipe Rios,45,RS,Pelotas,Clínica Particular,Ortopedia,Alergia,2024-11-03,Feminino,Exame,Unimed
3121,Francisco Pinto,53,PE,Petrolina,Pronto-Socorro,Endocrinologia,Alergia,2025-11-12,Feminino,Exame,SUS
3122,Luiz Gustavo Moura,74,MG,Juiz de Fora,Pronto-Socorro,Ginecologia,Dermatite,2024-08-18,Masculino,Consulta,Unimed
3123,Dr. Luiz Miguel Marques,41,PE,Olinda,Hospital,Oftalmologia,Consulta de rotina,2025-11-09,Masculino,Exame,Unimed
3124,Sr. Ravi Rocha,15,PE,Caruaru,UPA,Clínica Geral,Dermatite,2023-12-11,Feminino,Retorno,Amil
3125,Natália Moreira,23,PE,Petrolina,Clínica Particular,Ginecologia,Asma,2024-02-18,Masculino,Exame,Bradesco Saúde
3126,Leandro Dias,88,PR,Maringá,Pronto-Socorro,Pediatria,Diabetes,2024-11-17,Masculino,Consulta,Unimed
3127,Sr. Anthony das Neves,1,PE,Caruaru,UPA,Pediatria,Colesterol elevado,2026-08-07,Masculino,Urgência,Amil
3128,Sr. Mateus Barbosa,37,CE,Fortaleza,Centro Médico,Neurologia,Asma,2025-09-02,Feminino,Retorno,Unimed
3129,Guilherme Martins,90,RJ,Petrópolis,Hospital,Neurologia,Hipertensão,2026-06-28,Masculino,Retorno,SulAmérica
3130,Clarice da Cruz,12,GO,Aparecida de Goiânia,Pronto-Socorro,Neurologia,Artrite,2025-11-11,Masculino,Retorno,SUS
3131,Antônio Oliveira,89,CE,Caucaia,Hospital,Psiquiatria,Asma,2026-06-10,Feminino,Urgência,Particular
3132,Liam da Conceição,52,PE,Petrolina,Unidade de Saúde da Família,Clínica Geral,Gastrite,2023-09-19,Masculino,Exame,SulAmérica
3133,Beatriz da Paz,67,PR,Londrina,Laboratório,Ortopedia,Hipertensão,2025-08-25,Masculino,Consulta,SUS
3134,João Guilherme Pinto,7,MG,Belo Horizonte,Pronto-Socorro,Endocrinologia,Ansiedade,2024-01-21,Feminino,Retorno,Amil
3135,Isadora Lopes,27,RS,Caxias do Sul,Clínica Particular,Oftalmologia,Dermatite,2024-08-09,Feminino,Exame,Particular
3136,Sabrina Pires,89,SC,Joinville,Laboratório,Neurologia,Asma,2025-04-26,Masculino,Retorno,Amil
3137,Alícia Camargo,82,SP,Santos,Pronto-Socorro,Psiquiatria,Ansiedade,2023-12-22,Feminino,Exame,Bradesco Saúde
3138,Pedro Henrique Lopes,72,MG,Belo Horizonte,Centro Médico,Oftalmologia,Enxaqueca,2025-02-22,Masculino,Consulta,SUS
3139,Dra. Kamilly das Neves,80,MG,Juiz de Fora,Centro Médico,Cardiologia,Ansiedade,2023-10-31,Masculino,Urgência,Particular
3140,Ana Luiza da Mota,14,SP,São Paulo,Centro Médico,Dermatologia,Gastrite,2023-12-17,Masculino,Exame,Unimed
3141,Luiz Fernando Rocha,70,SC,Florianópolis,Hospital,Ortopedia,Artrite,2023-12-09,Masculino,Urgência,Unimed
3142,Maria Clara Dias,37,RJ,Rio de Janeiro,Hospital,Dermatologia,Dor abdominal,2024-03-07,Masculino,Urgência,Amil
3143,Giovanna Sampaio,10,PE,Caruaru,Clínica Particular,Ginecologia,Dor abdominal,2024-08-16,Masculino,Urgência,Bradesco Saúde
3144,Ana Liz Cirino,40,PR,Cascavel,Unidade de Saúde da Família,Ginecologia,Lombalgia,2025-06-24,Masculino,Retorno,Particular
3145,Yan Guerra,14,GO,Goiânia,Laboratório,Endocrinologia,Ansiedade,2026-07-13,Feminino,Exame,Unimed
3146,Maria Flor Pastor,63,CE,Fortaleza,Unidade de Saúde da Família,Endocrinologia,Enxaqueca,2024-11-24,Masculino,Consulta,Bradesco Saúde
3147,Diogo Correia,60,SP,Campinas,UBS,Oftalmologia,Ansiedade,2023-09-24,Masculino,Exame,SulAmérica
3148,Heloísa Jesus,12,RJ,Volta Redonda,UBS,Ginecologia,Artrite,2023-12-25,Feminino,Exame,Bradesco Saúde
3149,Gabriel Campos,11,PE,Recife,Unidade de Saúde da Família,Oftalmologia,Alergia,2024-09-09,Feminino,Retorno,SulAmérica
3150,Rodrigo Cassiano,53,PR,Londrina,UBS,Neurologia,Dermatite,2024-09-01,Masculino,Urgência,Particular
3151,Dom Gonçalves,48,BA,Feira de Santana,Clínica Particular,Dermatologia,Lombalgia,2024-10-01,Masculino,Urgência,Amil
3152,Sr. André Silveira,91,BA,Ilhéus,UPA,Endocrinologia,Lombalgia,2024-11-17,Masculino,Urgência,SUS
3153,Emanuella Novaes,37,PR,Londrina,UPA,Oftalmologia,Gastrite,2023-09-30,Masculino,Consulta,Amil
3154,Renan Jesus,72,CE,Juazeiro do Norte,Hospital,Cardiologia,Infecção urinária,2026-04-12,Feminino,Urgência,Amil
3155,Maya Andrade,78,PE,Petrolina,Clínica Particular,Clínica Geral,Dermatite,2025-10-24,Masculino,Consulta,SUS
3156,Sra. Mariah Caldeira,27,SC,Blumenau,UPA,Neurologia,Infecção respiratória,2025-09-21,Feminino,Exame,Amil
3157,Davi Lucas Barros,33,GO,Aparecida de Goiânia,Centro Médico,Cardiologia,Infecção urinária,2024-03-20,Feminino,Consulta,SUS
3158,João Vitor Nogueira,67,BA,Feira de Santana,Centro Médico,Dermatologia,Gastrite,2025-03-16,Masculino,Retorno,Particular
3159,Luiza Casa Grande,25,SC,Chapecó,Hospital,Endocrinologia,Ansiedade,2025-02-22,Feminino,Retorno,SulAmérica
3160,Sr. Davi Sousa,29,SP,Ribeirão Preto,UPA,Neurologia,Colesterol elevado,2025-06-15,Feminino,Exame,Amil
3161,Sra. Lorena Macedo,65,RJ,Rio de Janeiro,Pronto-Socorro,Pediatria,Lombalgia,2023-11-02,Masculino,Exame,SulAmérica
3162,Davi Lucca Silveira,26,SC,Chapecó,Hospital,Psiquiatria,Hipertensão,2026-01-09,Masculino,Exame,Particular
3163,João Felipe Monteiro,7,MG,Belo Horizonte,UPA,Dermatologia,Infecção respiratória,2024-03-18,Masculino,Urgência,SulAmérica
3164,Cecilia da Rosa,28,RS,Santa Maria,Hospital,Ginecologia,Asma,2024-11-21,Feminino,Exame,Amil
3165,Larissa Pimenta,16,RJ,Volta Redonda,Unidade de Saúde da Família,Cardiologia,Gastrite,2025-01-07,Feminino,Exame,Unimed
3166,Elisa da Rosa,59,PE,Petrolina,Laboratório,Dermatologia,Hipertensão,2024-04-29,Feminino,Retorno,SUS
3167,Rhavi Barros,3,RS,Pelotas,Hospital,Psiquiatria,Asma,2024-05-05,Feminino,Retorno,SUS
3168,Sophie Duarte,87,RS,Caxias do Sul,Laboratório,Ginecologia,Dor abdominal,2026-06-12,Feminino,Retorno,SulAmérica
3169,Maria Laura Cunha,12,MG,Uberlândia,UBS,Dermatologia,Dor abdominal,2025-06-08,Masculino,Exame,Particular
3170,Leonardo Cardoso,62,BA,Vitória da Conquista,Clínica Particular,Oftalmologia,Hipertensão,2024-12-28,Masculino,Urgência,Amil
3171,Vitória Freitas,11,GO,Goiânia,Centro Médico,Clínica Geral,Asma,2024-06-14,Masculino,Consulta,Particular
3172,Maria Julia Moraes,54,PE,Olinda,Hospital,Clínica Geral,Artrite,2023-10-25,Masculino,Retorno,Amil
3173,Rodrigo Rodrigues,86,BA,Feira de Santana,Pronto-Socorro,Neurologia,Ansiedade,2024-02-19,Feminino,Exame,Bradesco Saúde
3174,Nicole Peixoto,41,PR,Londrina,Pronto-Socorro,Endocrinologia,Artrite,2024-05-05,Masculino,Urgência,Amil
3175,Eloah Cirino,14,RJ,Niterói,Pronto-Socorro,Psiquiatria,Gastrite,2025-06-22,Feminino,Consulta,Unimed
3176,Dr. Danilo Cardoso,91,PE,Olinda,Laboratório,Oftalmologia,Dermatite,2024-12-16,Feminino,Retorno,SUS
3177,Bárbara Cardoso,12,SP,Campinas,Unidade de Saúde da Família,Pediatria,Dermatite,2025-11-13,Feminino,Exame,Unimed
3178,Emilly Oliveira,40,MG,Uberlândia,Laboratório,Endocrinologia,Lombalgia,2026-05-26,Feminino,Retorno,SulAmérica
3179,Mariana Abreu,38,CE,Caucaia,Hospital,Clínica Geral,Colesterol elevado,2025-06-02,Masculino,Retorno,Particular
3180,Luana Rodrigues,86,SC,Chapecó,Hospital,Cardiologia,Enxaqueca,2025-07-29,Feminino,Consulta,Unimed
3181,Luiz Fernando Andrade,72,RJ,Rio de Janeiro,Centro Médico,Dermatologia,Dor abdominal,2024-06-12,Masculino,Exame,Particular
3182,Gael Mendes,94,PE,Olinda,Hospital,Ortopedia,Dor abdominal,2024-06-06,Feminino,Exame,SulAmérica
3183,Dr. Luigi Montenegro,77,PR,Cascavel,Clínica Particular,Clínica Geral,Diabetes,2024-07-05,Masculino,Consulta,SulAmérica
3184,Rebeca Machado,7,SP,São José dos Campos,Clínica Particular,Cardiologia,Artrite,2026-08-14,Feminino,Consulta,SulAmérica
3185,Kamilly Lima,69,SP,Santos,Hospital,Pediatria,Artrite,2023-09-18,Masculino,Urgência,SulAmérica
3186,Dr. Kevin Macedo,43,RS,Porto Alegre,UPA,Psiquiatria,Infecção urinária,2024-05-18,Masculino,Retorno,Particular
3187,Lara da Paz,82,RS,Caxias do Sul,Unidade de Saúde da Família,Oftalmologia,Gastrite,2025-03-10,Masculino,Retorno,Amil
3188,Marcelo Teixeira,69,PE,Olinda,Hospital,Endocrinologia,Colesterol elevado,2025-08-19,Masculino,Retorno,SUS
3189,Sophia Borges,45,PE,Recife,Pronto-Socorro,Neurologia,Ansiedade,2025-11-21,Feminino,Exame,Particular
3190,Sara Brito,10,BA,Feira de Santana,UBS,Clínica Geral,Lombalgia,2024-07-23,Masculino,Retorno,Particular
3191,Vitória da Rocha,64,GO,Rio Verde,Clínica Particular,Psiquiatria,Alergia,2024-10-13,Feminino,Retorno,Particular
3192,Josué Oliveira,40,SC,Florianópolis,UPA,Oftalmologia,Consulta de rotina,2024-07-17,Masculino,Exame,Amil
3193,Dr. Lucca Cirino,94,BA,Salvador,UBS,Oftalmologia,Colesterol elevado,2024-06-27,Feminino,Exame,Amil
3194,Camila Nogueira,62,RJ,Volta Redonda,Laboratório,Pediatria,Infecção urinária,2025-01-08,Masculino,Exame,SUS
3195,Brenda Martins,4,PE,Caruaru,UBS,Oftalmologia,Ansiedade,2025-03-05,Masculino,Exame,Amil
3196,Dr. Josué Fonseca,24,MG,Uberlândia,Laboratório,Oftalmologia,Gastrite,2025-10-19,Feminino,Consulta,Bradesco Saúde
3197,Ísis Moura,83,PR,Cascavel,Laboratório,Cardiologia,Gastrite,2026-06-27,Feminino,Retorno,SUS
3198,Asafe Silva,60,SC,Florianópolis,Pronto-Socorro,Psiquiatria,Consulta de rotina,2024-01-17,Masculino,Urgência,Bradesco Saúde
3199,Henrique Sales,18,SC,Florianópolis,Centro Médico,Ginecologia,Consulta de rotina,2025-03-10,Feminino,Exame,Amil
3200,Júlia Siqueira,42,MG,Contagem,Unidade de Saúde da Família,Oftalmologia,Enxaqueca,2025-04-18,Masculino,Retorno,Bradesco Saúde
3201,Pietro Gonçalves,41,BA,Salvador,Hospital,Cardiologia,Ansiedade,2024-12-10,Feminino,Consulta,Amil
3202,Luara Fonseca,43,RJ,Volta Redonda,Unidade de Saúde da Família,Endocrinologia,Consulta de rotina,2024-03-04,Masculino,Consulta,SUS
3203,Zoe Silva,51,GO,Anápolis,Centro Médico,Cardiologia,Artrite,2026-05-26,Feminino,Consulta,SulAmérica
3204,Sra. Ísis da Conceição,68,RJ,Petrópolis,Laboratório,Clínica Geral,Hipertensão,2024-08-29,Feminino,Consulta,Particular
3205,Milena Sales,34,GO,Aparecida de Goiânia,Pronto-Socorro,Psiquiatria,Asma,2025-07-03,Masculino,Exame,Bradesco Saúde
3206,Srta. Helena Souza,82,CE,Juazeiro do Norte,Unidade de Saúde da Família,Clínica Geral,Infecção urinária,2025-06-11,Masculino,Consulta,SUS
3207,Sabrina Sousa,3,GO,Aparecida de Goiânia,UBS,Cardiologia,Asma,2025-05-19,Masculino,Urgência,SulAmérica
3208,Diogo Aragão,83,SP,São Paulo,Laboratório,Clínica Geral,Alergia,2025-10-23,Feminino,Retorno,Bradesco Saúde
3209,Ana Vitória Cirino,85,SP,Ribeirão Preto,Centro Médico,Pediatria,Infecção respiratória,2024-06-21,Masculino,Retorno,SUS
3210,Luiz Otávio da Luz,16,PE,Olinda,Hospital,Oftalmologia,Infecção respiratória,2025-11-14,Masculino,Consulta,Amil
3211,José Pedro Ferreira,18,PR,Curitiba,Pronto-Socorro,Pediatria,Ansiedade,2026-08-14,Feminino,Exame,SUS
3212,Theo Sales,47,RS,Santa Maria,Clínica Particular,Neurologia,Colesterol elevado,2024-09-13,Feminino,Consulta,SulAmérica
3213,Raul Dias,89,BA,Ilhéus,UBS,Dermatologia,Enxaqueca,2025-03-22,Feminino,Urgência,Amil
3214,Cauã Vieira,7,CE,Juazeiro do Norte,Laboratório,Endocrinologia,Ansiedade,2024-09-25,Feminino,Retorno,Unimed
3215,Pedro da Paz,48,RS,Pelotas,Clínica Particular,Dermatologia,Lombalgia,2026-05-05,Masculino,Urgência,Amil
3216,Dante Monteiro,46,PE,Petrolina,Clínica Particular,Dermatologia,Artrite,2024-06-16,Masculino,Urgência,Bradesco Saúde
3217,Srta. Kamilly Cardoso,84,PR,Maringá,Laboratório,Pediatria,Dermatite,2026-02-01,Feminino,Exame,SUS
3218,Benjamim Abreu,39,PE,Petrolina,Centro Médico,Ortopedia,Infecção respiratória,2024-10-01,Masculino,Exame,Amil
3219,Sr. Igor Jesus,1,BA,Ilhéus,Pronto-Socorro,Ortopedia,Infecção respiratória,2025-10-08,Feminino,Retorno,SulAmérica
3220,Bárbara Pires,32,RS,Pelotas,Laboratório,Psiquiatria,Asma,2023-11-28,Feminino,Consulta,Unimed
3221,Vicente Leão,41,SP,Santos,Hospital,Ginecologia,Asma,2025-08-17,Masculino,Retorno,Bradesco Saúde
3222,Aylla Porto,60,RS,Santa Maria,UPA,Clínica Geral,Hipertensão,2024-04-28,Feminino,Retorno,Unimed
3223,Theodoro Alves,73,MG,Uberlândia,Hospital,Neurologia,Alergia,2025-12-27,Masculino,Exame,SUS
3224,Dra. Cecilia da Mata,35,GO,Anápolis,Centro Médico,Clínica Geral,Dor abdominal,2024-09-27,Masculino,Consulta,Amil
3225,Francisco Fonseca,72,MG,Juiz de Fora,Centro Médico,Cardiologia,Lombalgia,2023-10-24,Masculino,Retorno,SulAmérica
3226,Ester da Paz,44,SP,Santos,Hospital,Pediatria,Artrite,2024-06-02,Masculino,Urgência,SUS
3227,Luigi Pimenta,9,BA,Feira de Santana,UPA,Neurologia,Consulta de rotina,2025-03-21,Feminino,Retorno,SUS
3228,Davi Lucca Teixeira,25,CE,Juazeiro do Norte,UBS,Cardiologia,Diabetes,2026-07-07,Masculino,Retorno,SulAmérica
3229,João Dias,36,BA,Salvador,UPA,Oftalmologia,Lombalgia,2026-01-09,Masculino,Exame,Unimed
3230,Pedro Cunha,87,MG,Contagem,Laboratório,Pediatria,Colesterol elevado,2026-06-17,Feminino,Consulta,SulAmérica
3231,Vitor Hugo Barbosa,47,SP,São José dos Campos,Unidade de Saúde da Família,Ortopedia,Artrite,2026-05-15,Masculino,Urgência,Unimed
3232,Maria Laura Gonçalves,11,RS,Pelotas,Pronto-Socorro,Oftalmologia,Hipertensão,2025-01-27,Masculino,Retorno,Unimed
3233,Antonella Souza,62,RJ,Rio de Janeiro,Pronto-Socorro,Ginecologia,Dermatite,2026-01-07,Feminino,Urgência,SulAmérica
3234,Maria Julia Sales,90,PR,Cascavel,Hospital,Oftalmologia,Infecção respiratória,2023-09-05,Feminino,Retorno,Bradesco Saúde
3235,Yan Montenegro,59,RJ,Volta Redonda,Clínica Particular,Ortopedia,Alergia,2025-04-30,Feminino,Exame,Particular
3236,Vicente da Rosa,86,MG,Belo Horizonte,Centro Médico,Neurologia,Lombalgia,2024-06-29,Feminino,Retorno,Amil
3237,Giovanna Alves,23,RS,Porto Alegre,Laboratório,Clínica Geral,Artrite,2024-01-09,Feminino,Consulta,Bradesco Saúde
3238,Sr. Davi Aragão,21,CE,Sobral,Hospital,Psiquiatria,Consulta de rotina,2025-02-09,Masculino,Exame,Bradesco Saúde
3239,Alana Cassiano,78,PR,Curitiba,Laboratório,Ortopedia,Hipertensão,2025-01-22,Masculino,Urgência,Particular
3240,Henry Marques,8,PE,Petrolina,Pronto-Socorro,Ginecologia,Hipertensão,2025-02-22,Feminino,Retorno,SUS
3241,Elisa Barros,30,PE,Petrolina,UBS,Pediatria,Colesterol elevado,2023-11-03,Masculino,Urgência,SUS
3242,Catarina Rocha,40,SC,Florianópolis,Centro Médico,Cardiologia,Infecção urinária,2026-04-01,Feminino,Retorno,Particular
3243,Levi Leão,78,MG,Juiz de Fora,Clínica Particular,Oftalmologia,Enxaqueca,2024-08-21,Feminino,Consulta,SulAmérica
3244,Diego Castro,93,MG,Uberlândia,Clínica Particular,Cardiologia,Dor abdominal,2024-10-02,Feminino,Retorno,Amil
3245,João Gabriel Vieira,57,BA,Vitória da Conquista,Laboratório,Neurologia,Infecção respiratória,2024-06-23,Masculino,Consulta,SulAmérica
3246,Dr. Liam Ramos,76,BA,Vitória da Conquista,Hospital,Dermatologia,Infecção urinária,2025-09-29,Feminino,Retorno,Particular
3247,Lorena Silva,83,SC,Joinville,Pronto-Socorro,Ortopedia,Gastrite,2024-08-14,Feminino,Retorno,Particular
3248,Dr. Rhavi Nunes,86,SP,Campinas,Unidade de Saúde da Família,Neurologia,Diabetes,2024-08-20,Masculino,Urgência,Particular
3249,Maria Cecília Cardoso,88,PE,Olinda,UBS,Neurologia,Consulta de rotina,2025-02-26,Masculino,Exame,Unimed
3250,Pedro Henrique Rocha,28,RJ,Volta Redonda,UPA,Endocrinologia,Diabetes,2024-10-29,Feminino,Retorno,SulAmérica
3251,Gustavo Gonçalves,7,GO,Goiânia,Unidade de Saúde da Família,Ortopedia,Dermatite,2024-05-28,Masculino,Retorno,Particular
3252,Gabriela Carvalho,51,GO,Aparecida de Goiânia,UBS,Ginecologia,Alergia,2026-06-20,Masculino,Exame,Amil
3253,Sr. Isaac Freitas,4,CE,Fortaleza,Centro Médico,Pediatria,Consulta de rotina,2026-04-06,Feminino,Exame,Particular
3254,Clara Jesus,45,CE,Juazeiro do Norte,UBS,Ginecologia,Dermatite,2023-11-16,Masculino,Consulta,Unimed
3255,Erick Rezende,7,RS,Pelotas,Hospital,Pediatria,Hipertensão,2024-06-03,Masculino,Exame,SulAmérica
3256,João Felipe Vasconcelos,72,SC,Joinville,Unidade de Saúde da Família,Endocrinologia,Consulta de rotina,2026-03-05,Masculino,Retorno,SulAmérica
3257,Manuella Sampaio,8,RS,Pelotas,UPA,Psiquiatria,Lombalgia,2024-06-24,Feminino,Exame,Amil
3258,Aurora Nascimento,84,SP,Campinas,Hospital,Dermatologia,Hipertensão,2023-08-23,Masculino,Urgência,Amil
3259,Dr. Otávio Azevedo,39,CE,Juazeiro do Norte,UBS,Endocrinologia,Asma,2026-01-22,Masculino,Retorno,Amil
3260,Arthur da Rosa,6,SC,Florianópolis,UBS,Ortopedia,Dermatite,2024-04-27,Masculino,Exame,SUS
3261,Rael Carvalho,41,RJ,Rio de Janeiro,UBS,Ortopedia,Dor abdominal,2024-05-20,Feminino,Exame,Particular
3262,Sofia Porto,21,RJ,Petrópolis,UPA,Clínica Geral,Diabetes,2024-06-16,Masculino,Retorno,Unimed
3263,Augusto Melo,5,PR,Londrina,Clínica Particular,Cardiologia,Ansiedade,2024-10-21,Feminino,Consulta,SulAmérica
3264,Rafael Vasconcelos,54,PE,Olinda,Hospital,Ortopedia,Artrite,2026-04-21,Masculino,Exame,SUS
3265,Sr. Augusto Silveira,60,PE,Recife,Pronto-Socorro,Neurologia,Gastrite,2026-04-01,Feminino,Retorno,Particular
3266,Lucas Gabriel Sales,46,SP,São Paulo,UPA,Cardiologia,Enxaqueca,2023-10-25,Masculino,Consulta,Amil
3267,Hadassa Almeida,15,SP,Ribeirão Preto,Laboratório,Ortopedia,Enxaqueca,2024-09-24,Feminino,Consulta,SulAmérica
3268,Ana Vitória Pinto,14,SC,Blumenau,UPA,Ortopedia,Alergia,2026-08-04,Masculino,Urgência,Particular
3269,Ágatha Silveira,80,RJ,Rio de Janeiro,Pronto-Socorro,Dermatologia,Lombalgia,2025-09-26,Feminino,Urgência,Amil
3270,Davi Lucca Gonçalves,19,GO,Rio Verde,Laboratório,Ginecologia,Lombalgia,2025-10-11,Feminino,Consulta,Bradesco Saúde
3271,Miguel Sampaio,55,MG,Contagem,Unidade de Saúde da Família,Cardiologia,Dor abdominal,2024-06-26,Feminino,Exame,SulAmérica
3272,Anthony Gabriel Carvalho,19,RJ,Volta Redonda,Laboratório,Ortopedia,Consulta de rotina,2024-03-13,Feminino,Exame,Particular
3273,Josué Barbosa,49,MG,Contagem,Unidade de Saúde da Família,Endocrinologia,Dor abdominal,2024-04-20,Masculino,Urgência,Unimed
3274,Ana Cecília da Cunha,59,CE,Caucaia,UBS,Ortopedia,Artrite,2026-01-06,Feminino,Urgência,Particular
3275,Raquel Costa,28,MG,Uberlândia,Pronto-Socorro,Oftalmologia,Diabetes,2026-04-05,Feminino,Urgência,Amil
3276,Sr. Cauã Costela,64,PE,Olinda,Laboratório,Ortopedia,Asma,2026-01-05,Masculino,Consulta,Unimed
3277,Camila Silveira,59,RJ,Rio de Janeiro,Laboratório,Cardiologia,Infecção urinária,2026-01-20,Feminino,Retorno,SulAmérica
3278,Dr. Eduardo Cardoso,24,RJ,Petrópolis,Pronto-Socorro,Endocrinologia,Dor abdominal,2024-03-30,Masculino,Exame,Bradesco Saúde
3279,Dr. Henrique Ferreira,54,PE,Olinda,Pronto-Socorro,Neurologia,Hipertensão,2026-04-22,Feminino,Exame,Unimed
3280,Dr. Fernando Araújo,76,PE,Petrolina,Unidade de Saúde da Família,Clínica Geral,Dor abdominal,2025-06-26,Feminino,Retorno,Particular
3281,Nathan Souza,70,SP,Santos,Clínica Particular,Neurologia,Infecção urinária,2025-11-25,Masculino,Exame,SulAmérica
3282,Ana Julia da Cunha,45,PR,Curitiba,UPA,Pediatria,Colesterol elevado,2026-05-18,Masculino,Retorno,Amil
3283,Francisco Cavalcante,43,SP,Ribeirão Preto,Clínica Particular,Dermatologia,Diabetes,2025-06-23,Masculino,Urgência,Particular
3284,Júlia Fonseca,75,PE,Olinda,UBS,Cardiologia,Artrite,2024-03-19,Feminino,Retorno,SUS
3285,Dr. Lucas Martins,36,SC,Joinville,Unidade de Saúde da Família,Cardiologia,Artrite,2023-10-25,Masculino,Consulta,Particular
3286,Melissa Dias,58,SC,Florianópolis,Laboratório,Clínica Geral,Dermatite,2024-12-20,Feminino,Urgência,SulAmérica
3287,Sr. Isaac Rocha,74,CE,Juazeiro do Norte,Unidade de Saúde da Família,Dermatologia,Consulta de rotina,2025-06-12,Feminino,Consulta,Unimed
3288,Alícia Pacheco,14,MG,Uberlândia,Unidade de Saúde da Família,Cardiologia,Diabetes,2025-12-04,Feminino,Exame,Unimed
3289,Juliana Santos,67,PE,Caruaru,UBS,Endocrinologia,Consulta de rotina,2023-12-05,Masculino,Consulta,Amil
3290,Gael Henrique Araújo,28,RJ,Volta Redonda,Centro Médico,Oftalmologia,Dermatite,2025-06-07,Masculino,Consulta,Amil
3291,Daniel Araújo,22,PR,Curitiba,Unidade de Saúde da Família,Ginecologia,Dermatite,2026-08-15,Feminino,Exame,SUS
3292,Alícia Ramos,54,PE,Recife,Pronto-Socorro,Psiquiatria,Gastrite,2026-08-02,Masculino,Exame,Bradesco Saúde
3293,Jade Machado,12,SC,Florianópolis,Clínica Particular,Endocrinologia,Dermatite,2023-09-09,Masculino,Exame,Bradesco Saúde
3294,Alexia Azevedo,15,MG,Belo Horizonte,Clínica Particular,Clínica Geral,Alergia,2024-09-18,Masculino,Exame,Amil
3295,Davi Lucas Cassiano,88,BA,Feira de Santana,UPA,Cardiologia,Gastrite,2025-08-31,Masculino,Retorno,Amil
3296,Rodrigo Rios,10,RJ,Niterói,Unidade de Saúde da Família,Psiquiatria,Dermatite,2024-10-05,Feminino,Urgência,Bradesco Saúde
3297,Vinícius Monteiro,40,SP,São Paulo,Hospital,Ortopedia,Alergia,2025-05-01,Masculino,Urgência,SulAmérica
3298,Dr. Thomas Montenegro,67,RS,Pelotas,Centro Médico,Endocrinologia,Dor abdominal,2025-09-09,Feminino,Exame,SUS
3299,Srta. Isis Freitas,20,GO,Goiânia,Unidade de Saúde da Família,Dermatologia,Asma,2026-06-08,Masculino,Retorno,SUS
3300,Dr. Vitor Andrade,14,BA,Vitória da Conquista,Unidade de Saúde da Família,Dermatologia,Diabetes,2024-05-07,Masculino,Urgência,Bradesco Saúde
3301,Marcela Borges,64,RJ,Petrópolis,Laboratório,Pediatria,Ansiedade,2025-08-24,Masculino,Retorno,SulAmérica
3302,Sr. Pedro Almeida,5,PR,Cascavel,UBS,Endocrinologia,Gastrite,2025-03-09,Masculino,Urgência,Unimed
3303,Maria Laura Ribeiro,27,RS,Porto Alegre,Pronto-Socorro,Ginecologia,Dor abdominal,2024-10-01,Masculino,Urgência,Amil
3304,Davi Luiz Novais,78,PR,Curitiba,Clínica Particular,Clínica Geral,Ansiedade,2024-10-08,Feminino,Exame,Bradesco Saúde
3305,Arthur Araújo,84,BA,Salvador,Laboratório,Dermatologia,Lombalgia,2024-03-21,Feminino,Retorno,SulAmérica
3306,Ayla Cavalcante,72,RS,Porto Alegre,UPA,Cardiologia,Alergia,2025-11-13,Feminino,Retorno,Unimed
3307,Thales da Costa,52,RJ,Volta Redonda,UBS,Cardiologia,Ansiedade,2026-01-06,Masculino,Retorno,Bradesco Saúde
3308,Eduardo Pacheco,55,CE,Caucaia,Unidade de Saúde da Família,Clínica Geral,Alergia,2024-02-07,Masculino,Consulta,Amil
3309,Davi Lucca Carvalho,2,PR,Maringá,UPA,Dermatologia,Infecção respiratória,2023-11-15,Masculino,Retorno,SulAmérica
3310,Luiz Gustavo Camargo,89,RS,Porto Alegre,Clínica Particular,Clínica Geral,Gastrite,2023-12-30,Masculino,Retorno,SulAmérica
3311,Gabrielly da Cunha,41,PR,Cascavel,Pronto-Socorro,Clínica Geral,Diabetes,2023-08-27,Masculino,Urgência,Unimed
3312,Caio Camargo,38,RS,Caxias do Sul,Pronto-Socorro,Pediatria,Infecção urinária,2026-07-28,Masculino,Retorno,SulAmérica
3313,Marcela Duarte,48,RS,Caxias do Sul,Hospital,Psiquiatria,Enxaqueca,2025-09-07,Feminino,Exame,Unimed
3314,Calebe Melo,86,RJ,Rio de Janeiro,Laboratório,Cardiologia,Lombalgia,2025-06-30,Feminino,Urgência,Particular
3315,Benjamin Martins,14,GO,Anápolis,Pronto-Socorro,Neurologia,Lombalgia,2025-12-10,Masculino,Consulta,SUS
3316,Anthony Ramos,41,CE,Fortaleza,Pronto-Socorro,Pediatria,Enxaqueca,2024-06-26,Feminino,Consulta,SulAmérica
3317,Elisa Albuquerque,66,GO,Goiânia,UPA,Oftalmologia,Dermatite,2025-08-01,Masculino,Consulta,Particular
3318,Benjamin Novaes,50,PR,Maringá,Centro Médico,Psiquiatria,Enxaqueca,2025-07-01,Masculino,Retorno,Particular
3319,Gustavo Rodrigues,62,MG,Uberlândia,Laboratório,Oftalmologia,Gastrite,2024-08-25,Feminino,Retorno,SUS
3320,Ana Clara Borges,30,GO,Anápolis,Clínica Particular,Endocrinologia,Gastrite,2026-04-28,Masculino,Urgência,Particular
3321,Bruna Rios,78,RJ,Niterói,Hospital,Psiquiatria,Colesterol elevado,2023-09-21,Masculino,Urgência,SUS
3322,Lívia Alves,38,RS,Caxias do Sul,Hospital,Oftalmologia,Gastrite,2024-03-20,Masculino,Retorno,Unimed
3323,Maria Flor Costa,26,PE,Olinda,Pronto-Socorro,Endocrinologia,Artrite,2023-12-26,Masculino,Retorno,Unimed
3324,Sr. Eduardo Camargo,48,PR,Cascavel,UBS,Endocrinologia,Gastrite,2024-04-08,Feminino,Urgência,SulAmérica
3325,Stella Moura,56,SP,São José dos Campos,Centro Médico,Dermatologia,Infecção respiratória,2024-03-29,Feminino,Retorno,SulAmérica
3326,Luiz Otávio Novaes,50,SC,Joinville,UPA,Endocrinologia,Lombalgia,2025-09-16,Feminino,Consulta,Amil
3327,Sr. Vitor Gabriel Costa,44,RS,Caxias do Sul,Hospital,Psiquiatria,Dermatite,2024-02-01,Feminino,Retorno,Bradesco Saúde
3328,Luiz Otávio da Mota,78,SC,Blumenau,Pronto-Socorro,Neurologia,Dermatite,2023-12-27,Masculino,Retorno,Bradesco Saúde
3329,Dr. Vitor Hugo Machado,37,PE,Petrolina,Centro Médico,Ortopedia,Lombalgia,2024-05-26,Masculino,Exame,Amil
3330,João Vitor Marques,34,BA,Salvador,Unidade de Saúde da Família,Cardiologia,Colesterol elevado,2025-12-28,Masculino,Consulta,Particular
3331,Sr. Nathan Martins,36,GO,Anápolis,UPA,Endocrinologia,Artrite,2023-09-22,Feminino,Retorno,Unimed
3332,Larissa Vargas,86,RS,Santa Maria,Laboratório,Endocrinologia,Gastrite,2023-10-07,Feminino,Exame,Bradesco Saúde
3333,Srta. Maria Júlia Guerra,59,SC,Blumenau,Hospital,Oftalmologia,Asma,2024-01-14,Masculino,Exame,SulAmérica
3334,Levi Farias,75,SP,Ribeirão Preto,Hospital,Cardiologia,Dermatite,2025-12-06,Feminino,Exame,Particular
3335,Gael Martins,28,RJ,Rio de Janeiro,Pronto-Socorro,Neurologia,Diabetes,2025-10-22,Feminino,Exame,Amil
3336,Bento Farias,56,BA,Ilhéus,Centro Médico,Clínica Geral,Infecção urinária,2024-03-15,Feminino,Consulta,Bradesco Saúde
3337,Henry da Costa,3,SC,Chapecó,UBS,Oftalmologia,Alergia,2024-06-29,Feminino,Urgência,Bradesco Saúde
3338,Hadassa Marques,37,MG,Uberlândia,Clínica Particular,Ginecologia,Consulta de rotina,2024-03-26,Feminino,Urgência,Particular
3339,Mirella Jesus,3,RS,Pelotas,Centro Médico,Oftalmologia,Gastrite,2025-02-21,Masculino,Exame,Unimed
3340,Noah Moreira,18,RS,Porto Alegre,Pronto-Socorro,Pediatria,Colesterol elevado,2026-07-09,Feminino,Consulta,Amil
3341,Otávio Dias,43,SC,Joinville,Unidade de Saúde da Família,Cardiologia,Enxaqueca,2026-05-24,Masculino,Retorno,Unimed
3342,Vitor Gabriel da Mota,69,SP,Campinas,Centro Médico,Neurologia,Gastrite,2026-03-30,Masculino,Exame,Unimed
3343,Pedro Henrique Rocha,81,SC,Florianópolis,Laboratório,Ortopedia,Artrite,2024-05-10,Feminino,Retorno,SulAmérica
3344,Fernanda da Cruz,86,PE,Recife,Laboratório,Ortopedia,Lombalgia,2025-12-28,Feminino,Retorno,Particular
3345,Juan Rodrigues,11,RJ,Rio de Janeiro,UPA,Neurologia,Artrite,2025-07-20,Feminino,Urgência,Particular
3346,Stephany Marques,1,GO,Aparecida de Goiânia,Pronto-Socorro,Endocrinologia,Dermatite,2024-03-04,Feminino,Retorno,SulAmérica
3347,Sabrina Costela,45,CE,Sobral,Laboratório,Neurologia,Hipertensão,2025-08-07,Masculino,Exame,Unimed
3348,Maria Luiza Almeida,7,PE,Olinda,Clínica Particular,Oftalmologia,Dor abdominal,2024-09-30,Feminino,Urgência,SulAmérica
3349,Sra. Maria Júlia das Neves,81,RS,Caxias do Sul,Pronto-Socorro,Oftalmologia,Artrite,2024-01-15,Feminino,Retorno,SUS
3350,Laura Souza,87,RJ,Rio de Janeiro,UPA,Ortopedia,Dor abdominal,2024-08-08,Feminino,Exame,SulAmérica
3351,Rodrigo Campos,62,PE,Recife,Hospital,Neurologia,Ansiedade,2025-03-13,Masculino,Consulta,Amil
3352,Helena Rodrigues,46,RS,Pelotas,Unidade de Saúde da Família,Neurologia,Ansiedade,2024-09-07,Feminino,Retorno,SulAmérica
3353,Sophie Carvalho,50,PE,Olinda,Clínica Particular,Oftalmologia,Alergia,2024-07-31,Feminino,Consulta,Bradesco Saúde
3354,Luísa Oliveira,64,GO,Rio Verde,Pronto-Socorro,Neurologia,Colesterol elevado,2025-07-20,Feminino,Urgência,SulAmérica
3355,Antonella Brito,37,RS,Caxias do Sul,Centro Médico,Pediatria,Consulta de rotina,2025-12-05,Feminino,Retorno,Amil
3356,Emanuel Porto,4,CE,Juazeiro do Norte,Clínica Particular,Neurologia,Gastrite,2025-11-16,Feminino,Exame,Bradesco Saúde
3357,Ísis Sá,4,CE,Juazeiro do Norte,Pronto-Socorro,Pediatria,Hipertensão,2026-05-29,Feminino,Exame,Amil
3358,Eduarda Novais,40,BA,Salvador,Unidade de Saúde da Família,Ginecologia,Dor abdominal,2024-08-11,Feminino,Consulta,Particular
3359,Luiz Miguel Nunes,27,BA,Ilhéus,Clínica Particular,Clínica Geral,Consulta de rotina,2024-08-30,Masculino,Consulta,SulAmérica
3360,Paulo Peixoto,36,SP,São José dos Campos,Hospital,Oftalmologia,Lombalgia,2026-07-25,Feminino,Urgência,SulAmérica
3361,Heloísa Teixeira,31,SC,Joinville,Pronto-Socorro,Dermatologia,Lombalgia,2026-02-04,Masculino,Urgência,SulAmérica
3362,Francisco Martins,32,PE,Caruaru,Centro Médico,Pediatria,Ansiedade,2024-08-07,Masculino,Retorno,Amil
3363,Sr. Miguel Silva,81,PE,Recife,Hospital,Clínica Geral,Enxaqueca,2023-09-09,Feminino,Consulta,Bradesco Saúde
3364,Davi Miguel Pereira,8,RJ,Rio de Janeiro,Clínica Particular,Dermatologia,Consulta de rotina,2025-10-03,Feminino,Exame,Particular
3365,Benicio Moraes,41,RJ,Volta Redonda,UBS,Cardiologia,Artrite,2023-12-31,Masculino,Urgência,Bradesco Saúde
3366,Dr. Rafael Pinto,36,PR,Cascavel,Laboratório,Oftalmologia,Diabetes,2025-01-24,Feminino,Urgência,Amil
3367,Carlos Eduardo Marques,12,CE,Sobral,Laboratório,Endocrinologia,Alergia,2023-11-26,Masculino,Urgência,SulAmérica
3368,Bárbara Melo,52,CE,Sobral,Laboratório,Endocrinologia,Ansiedade,2023-12-24,Masculino,Consulta,SulAmérica
3369,Arthur Gabriel Andrade,48,BA,Feira de Santana,Laboratório,Ginecologia,Consulta de rotina,2023-12-02,Feminino,Consulta,Bradesco Saúde
3370,Dr. Theo Araújo,36,GO,Goiânia,UPA,Ortopedia,Asma,2026-05-31,Masculino,Consulta,SulAmérica
3371,Anna Liz da Rosa,64,MG,Uberlândia,Laboratório,Dermatologia,Dermatite,2026-02-03,Masculino,Urgência,Unimed
3372,Paulo das Neves,80,CE,Caucaia,Laboratório,Pediatria,Ansiedade,2025-08-15,Masculino,Consulta,Unimed
3373,Joaquim Farias,9,SP,Santos,Clínica Particular,Cardiologia,Artrite,2023-10-01,Feminino,Exame,Particular
3374,Ana Clara Marques,40,RS,Santa Maria,Unidade de Saúde da Família,Ortopedia,Dor abdominal,2026-07-07,Masculino,Urgência,Amil
3375,Sra. Júlia Lima,22,SC,Blumenau,Pronto-Socorro,Neurologia,Enxaqueca,2024-12-15,Feminino,Retorno,Particular
3376,Sophie Machado,78,PR,Maringá,Pronto-Socorro,Dermatologia,Diabetes,2024-06-06,Masculino,Retorno,SulAmérica
3377,Lucas Gabriel Sampaio,83,PR,Cascavel,Clínica Particular,Ginecologia,Diabetes,2026-05-26,Feminino,Exame,Unimed
3378,João Gabriel Duarte,39,CE,Sobral,UBS,Ortopedia,Diabetes,2023-12-22,Masculino,Urgência,Particular
3379,Rafaela Garcia,2,SC,Joinville,UPA,Ginecologia,Artrite,2024-12-25,Feminino,Retorno,Unimed
3380,Maysa da Cunha,69,PE,Caruaru,UBS,Ginecologia,Dor abdominal,2024-05-10,Feminino,Retorno,SulAmérica
3381,Maya Fonseca,71,RJ,Volta Redonda,Centro Médico,Ginecologia,Ansiedade,2024-10-15,Masculino,Urgência,SulAmérica
3382,Samuel Pereira,71,RJ,Niterói,Laboratório,Ginecologia,Lombalgia,2023-09-06,Masculino,Exame,Amil
3383,Lucas Gabriel Dias,28,BA,Feira de Santana,Clínica Particular,Cardiologia,Consulta de rotina,2025-02-07,Masculino,Urgência,Bradesco Saúde
3384,Marcos Vinicius Lopes,71,GO,Goiânia,Hospital,Clínica Geral,Dor abdominal,2026-04-05,Masculino,Urgência,Amil
3385,Enzo Gabriel Gomes,17,PR,Maringá,UPA,Dermatologia,Ansiedade,2026-06-24,Masculino,Consulta,SulAmérica
3386,Eloá Duarte,74,GO,Anápolis,Unidade de Saúde da Família,Ortopedia,Colesterol elevado,2024-12-15,Masculino,Consulta,SUS
3387,Ravi Lucca Dias,20,RJ,Petrópolis,Unidade de Saúde da Família,Ortopedia,Enxaqueca,2024-12-25,Masculino,Consulta,Unimed
3388,Antony da Mata,26,PE,Recife,Clínica Particular,Cardiologia,Lombalgia,2025-08-31,Feminino,Urgência,SUS
3389,Sr. Ravi Lucca Vieira,42,SP,São Paulo,Clínica Particular,Clínica Geral,Dor abdominal,2024-07-30,Masculino,Urgência,Unimed
3390,Sofia Farias,57,SP,Ribeirão Preto,UBS,Cardiologia,Ansiedade,2023-10-11,Masculino,Exame,Unimed
3391,Sra. Ana Vitória Teixeira,85,GO,Anápolis,Centro Médico,Ginecologia,Alergia,2024-04-21,Feminino,Exame,SUS
3392,Emanuella Aragão,39,RS,Pelotas,UBS,Endocrinologia,Asma,2024-10-28,Masculino,Consulta,SUS
3393,Luísa Gonçalves,44,PE,Caruaru,UPA,Clínica Geral,Gastrite,2025-10-07,Feminino,Consulta,Bradesco Saúde
3394,Srta. Sara Duarte,54,RJ,Rio de Janeiro,UBS,Oftalmologia,Infecção urinária,2025-01-14,Feminino,Consulta,Particular
3395,Aurora da Conceição,82,SP,São José dos Campos,UPA,Pediatria,Infecção urinária,2024-06-20,Feminino,Retorno,SulAmérica
3396,Dr. João Miguel da Mota,69,RJ,Volta Redonda,UPA,Oftalmologia,Dermatite,2026-08-04,Masculino,Retorno,SulAmérica
3397,Ryan da Conceição,46,RJ,Volta Redonda,Laboratório,Pediatria,Infecção urinária,2025-07-13,Feminino,Exame,SUS
3398,Milena Carvalho,25,SP,São José dos Campos,Pronto-Socorro,Neurologia,Consulta de rotina,2025-06-17,Masculino,Consulta,Particular
3399,Isaac Cirino,18,BA,Feira de Santana,Centro Médico,Neurologia,Infecção respiratória,2026-07-09,Masculino,Exame,Particular
3400,Hellena Santos,19,PR,Londrina,Hospital,Clínica Geral,Infecção urinária,2026-02-03,Feminino,Urgência,Bradesco Saúde
3401,Stephany da Cunha,95,BA,Ilhéus,UPA,Dermatologia,Colesterol elevado,2025-05-13,Masculino,Exame,Particular
3402,Laís Vieira,12,MG,Juiz de Fora,Pronto-Socorro,Ginecologia,Infecção respiratória,2025-05-29,Masculino,Urgência,SulAmérica
3403,Luiza Teixeira,91,SC,Florianópolis,UPA,Endocrinologia,Gastrite,2025-11-02,Masculino,Exame,Particular
3404,Theodoro Monteiro,23,RS,Porto Alegre,UPA,Dermatologia,Hipertensão,2026-03-12,Feminino,Urgência,Unimed
3405,Lívia Rocha,58,CE,Juazeiro do Norte,Laboratório,Psiquiatria,Lombalgia,2026-06-06,Masculino,Consulta,Unimed
3406,Heloísa Fogaça,56,RJ,Petrópolis,Laboratório,Dermatologia,Dor abdominal,2023-10-26,Masculino,Consulta,Amil
3407,Dr. Joaquim Costela,56,BA,Vitória da Conquista,UPA,Ortopedia,Artrite,2023-10-20,Feminino,Exame,SulAmérica
3408,Raul Marques,55,PE,Caruaru,Clínica Particular,Cardiologia,Dor abdominal,2026-02-12,Feminino,Consulta,Amil
3409,Nicolas Cavalcante,76,MG,Uberlândia,Hospital,Cardiologia,Diabetes,2026-01-02,Masculino,Exame,Particular
3410,Arthur Gabriel Costela,76,RS,Santa Maria,Pronto-Socorro,Neurologia,Ansiedade,2024-04-08,Masculino,Consulta,SUS
3411,Evelyn Leão,27,SC,Florianópolis,Centro Médico,Cardiologia,Colesterol elevado,2025-06-06,Feminino,Urgência,SulAmérica
3412,André Novais,92,PR,Londrina,Pronto-Socorro,Dermatologia,Diabetes,2026-06-07,Masculino,Urgência,Amil
3413,Lavínia Souza,47,GO,Goiânia,Clínica Particular,Dermatologia,Alergia,2023-08-30,Masculino,Retorno,Bradesco Saúde
3414,Sra. Yasmin Aragão,95,BA,Salvador,Laboratório,Neurologia,Dor abdominal,2025-07-13,Masculino,Urgência,SulAmérica
3415,Maria Luiza Nascimento,85,PR,Londrina,Laboratório,Neurologia,Hipertensão,2024-07-24,Feminino,Exame,SulAmérica
3416,Samuel Fernandes,43,SC,Chapecó,Laboratório,Pediatria,Consulta de rotina,2025-09-02,Masculino,Urgência,SulAmérica
3417,Dra. Liz Machado,21,SC,Joinville,UPA,Endocrinologia,Ansiedade,2023-12-31,Masculino,Consulta,Bradesco Saúde
3418,Isabelly Câmara,32,PR,Londrina,Centro Médico,Ortopedia,Hipertensão,2025-04-18,Feminino,Urgência,Amil
3419,Maya Vieira,88,SC,Blumenau,Laboratório,Neurologia,Ansiedade,2025-09-23,Feminino,Exame,Bradesco Saúde
3420,Augusto Moraes,52,SP,São José dos Campos,Pronto-Socorro,Ginecologia,Colesterol elevado,2025-10-13,Masculino,Exame,Unimed
3421,Dr. Ian Vieira,74,RS,Pelotas,Unidade de Saúde da Família,Ginecologia,Infecção respiratória,2024-04-28,Masculino,Retorno,Unimed
3422,Dr. Isaque Aparecida,62,PR,Curitiba,Centro Médico,Ginecologia,Infecção urinária,2023-08-25,Feminino,Retorno,Bradesco Saúde
3423,Samuel Sá,36,GO,Rio Verde,Unidade de Saúde da Família,Dermatologia,Diabetes,2025-03-15,Masculino,Urgência,Bradesco Saúde
3424,Sophia Leão,55,PE,Olinda,Unidade de Saúde da Família,Ginecologia,Colesterol elevado,2024-05-16,Masculino,Consulta,Bradesco Saúde
3425,Rodrigo Teixeira,55,GO,Rio Verde,Pronto-Socorro,Ginecologia,Dor abdominal,2025-10-28,Feminino,Exame,Unimed
3426,Dr. Luan Monteiro,46,BA,Salvador,Laboratório,Dermatologia,Ansiedade,2025-10-28,Masculino,Exame,Amil
3427,Heloisa Cassiano,31,SC,Chapecó,Hospital,Clínica Geral,Consulta de rotina,2026-06-04,Masculino,Urgência,SulAmérica
3428,Paulo Garcia,8,SC,Joinville,UBS,Oftalmologia,Colesterol elevado,2023-12-12,Masculino,Consulta,Particular
3429,Antony Machado,84,BA,Ilhéus,UPA,Pediatria,Ansiedade,2026-02-19,Feminino,Retorno,SUS
3430,Danilo Pires,70,SC,Blumenau,Clínica Particular,Dermatologia,Colesterol elevado,2025-04-22,Masculino,Exame,Amil
3431,Isabel Peixoto,73,PE,Recife,Pronto-Socorro,Oftalmologia,Infecção urinária,2025-01-11,Masculino,Consulta,SulAmérica
3432,Daniel Rios,36,SC,Florianópolis,Hospital,Ortopedia,Dor abdominal,2024-02-13,Feminino,Consulta,Particular
3433,Raquel Machado,57,BA,Feira de Santana,Clínica Particular,Ginecologia,Colesterol elevado,2025-04-10,Feminino,Exame,SulAmérica
3434,Alana Moraes,45,CE,Fortaleza,Centro Médico,Dermatologia,Enxaqueca,2025-12-05,Feminino,Consulta,Unimed
3435,Lara Pires,51,PR,Londrina,Hospital,Psiquiatria,Ansiedade,2025-03-23,Feminino,Exame,Unimed
3436,Joana Silva,64,PE,Olinda,UPA,Clínica Geral,Infecção urinária,2024-11-02,Feminino,Retorno,Amil
3437,André Araújo,14,RS,Porto Alegre,UPA,Endocrinologia,Dermatite,2026-07-10,Feminino,Exame,Amil
3438,Sabrina Sousa,95,MG,Juiz de Fora,Hospital,Pediatria,Diabetes,2024-05-28,Feminino,Urgência,SulAmérica
3439,Yan Pires,3,PR,Londrina,Unidade de Saúde da Família,Neurologia,Lombalgia,2023-09-28,Feminino,Retorno,Particular
3440,Brenda Rodrigues,24,MG,Contagem,Laboratório,Dermatologia,Dor abdominal,2025-03-01,Feminino,Exame,Amil
3441,Dr. André Mendes,37,SC,Blumenau,Laboratório,Clínica Geral,Alergia,2025-06-17,Masculino,Exame,Unimed
3442,Alice Jesus,78,RJ,Rio de Janeiro,UBS,Neurologia,Alergia,2025-12-04,Feminino,Urgência,Particular
3443,Sr. Bernardo Sá,39,MG,Juiz de Fora,UBS,Dermatologia,Consulta de rotina,2024-06-04,Masculino,Urgência,SUS
3444,Davi Miguel Martins,36,RJ,Volta Redonda,UPA,Endocrinologia,Colesterol elevado,2024-03-06,Masculino,Urgência,SulAmérica
3445,Raquel da Mata,35,GO,Rio Verde,Unidade de Saúde da Família,Neurologia,Gastrite,2026-06-27,Feminino,Exame,Unimed
3446,Maria Alice Freitas,62,GO,Goiânia,Hospital,Ginecologia,Lombalgia,2025-05-16,Feminino,Urgência,SulAmérica
3447,Anthony Cunha,29,PR,Maringá,Laboratório,Endocrinologia,Alergia,2025-07-09,Feminino,Consulta,Unimed
3448,Maria Julia Costa,19,PE,Olinda,Hospital,Psiquiatria,Enxaqueca,2024-08-22,Masculino,Exame,Amil
3449,Sofia Sousa,15,PR,Maringá,Centro Médico,Ortopedia,Lombalgia,2024-03-19,Feminino,Exame,Particular
3450,Ravi Lucca Correia,15,SP,São Paulo,UBS,Ginecologia,Infecção urinária,2024-06-07,Feminino,Exame,Amil
3451,Luísa Fernandes,79,PR,Maringá,Pronto-Socorro,Ortopedia,Infecção urinária,2025-10-17,Masculino,Urgência,SulAmérica
3452,Murilo Pacheco,18,SC,Chapecó,UPA,Ginecologia,Lombalgia,2024-01-27,Feminino,Urgência,Amil
3453,Davi Lucca Moreira,29,RS,Porto Alegre,Centro Médico,Dermatologia,Infecção urinária,2026-08-16,Feminino,Urgência,Particular
3454,Juan Moura,84,PE,Caruaru,Centro Médico,Neurologia,Dor abdominal,2024-01-18,Feminino,Retorno,SUS
3455,Stella Ferreira,48,MG,Juiz de Fora,Centro Médico,Endocrinologia,Hipertensão,2024-03-08,Feminino,Exame,SulAmérica
3456,Joana Mendes,63,GO,Anápolis,Centro Médico,Endocrinologia,Diabetes,2025-09-19,Feminino,Exame,Particular
3457,Pedro Henrique Macedo,81,MG,Juiz de Fora,UBS,Ortopedia,Gastrite,2024-04-23,Masculino,Retorno,SUS
3458,Yago Montenegro,1,RS,Santa Maria,Pronto-Socorro,Clínica Geral,Alergia,2026-01-18,Masculino,Urgência,Amil
3459,Antonella Santos,82,GO,Rio Verde,UBS,Dermatologia,Asma,2024-08-11,Feminino,Exame,SulAmérica
3460,Sra. Emanuella Sousa,16,PR,Maringá,Centro Médico,Ginecologia,Consulta de rotina,2026-06-09,Feminino,Consulta,Bradesco Saúde
3461,Cecilia Albuquerque,37,PR,Cascavel,Centro Médico,Oftalmologia,Hipertensão,2026-06-18,Masculino,Exame,Particular
3462,Dr. Lucca da Cunha,13,PR,Cascavel,Hospital,Cardiologia,Alergia,2024-11-03,Feminino,Consulta,SulAmérica
3463,Brenda Gonçalves,57,SP,São Paulo,Hospital,Oftalmologia,Alergia,2026-04-03,Feminino,Consulta,Amil
3464,Dra. Rebeca Melo,90,SC,Chapecó,UPA,Endocrinologia,Lombalgia,2023-10-23,Feminino,Consulta,Amil
3465,Dr. Miguel Pires,47,MG,Belo Horizonte,Clínica Particular,Endocrinologia,Colesterol elevado,2025-04-01,Feminino,Exame,Amil
3466,Catarina Dias,26,PR,Maringá,Laboratório,Neurologia,Dor abdominal,2025-12-15,Feminino,Urgência,SulAmérica
3467,Milena Santos,6,SC,Chapecó,Unidade de Saúde da Família,Clínica Geral,Alergia,2024-01-23,Masculino,Retorno,Bradesco Saúde
3468,Bárbara Dias,35,SC,Joinville,UBS,Ortopedia,Dor abdominal,2026-04-15,Feminino,Consulta,SUS
3469,Stephany Leão,10,GO,Goiânia,Pronto-Socorro,Ortopedia,Hipertensão,2023-08-27,Feminino,Urgência,SUS
3470,Dr. Dom Fernandes,79,CE,Juazeiro do Norte,Clínica Particular,Oftalmologia,Gastrite,2024-09-05,Masculino,Urgência,Amil
3471,Benicio Cavalcante,57,GO,Rio Verde,UBS,Dermatologia,Artrite,2025-09-02,Masculino,Retorno,SulAmérica
3472,Dra. Maria Helena Rios,59,SP,São Paulo,Clínica Particular,Ginecologia,Colesterol elevado,2025-12-20,Feminino,Urgência,Bradesco Saúde
3473,Miguel Nogueira,4,MG,Contagem,UPA,Ginecologia,Infecção respiratória,2024-01-18,Feminino,Retorno,SulAmérica
3474,Maria Vitória Pastor,91,CE,Juazeiro do Norte,UBS,Pediatria,Ansiedade,2025-12-12,Feminino,Exame,Bradesco Saúde
3475,Maria Vitória Teixeira,17,RJ,Rio de Janeiro,UPA,Ortopedia,Colesterol elevado,2025-03-14,Masculino,Consulta,Unimed
3476,Maria Sophia Costela,21,MG,Juiz de Fora,Laboratório,Cardiologia,Ansiedade,2023-09-09,Masculino,Exame,SulAmérica
3477,Sra. Caroline Nascimento,43,SC,Joinville,Pronto-Socorro,Oftalmologia,Colesterol elevado,2023-12-31,Feminino,Exame,Unimed
3478,Mateus Melo,48,RS,Santa Maria,Clínica Particular,Pediatria,Lombalgia,2024-06-20,Feminino,Urgência,Unimed
3479,Luara Rezende,67,RJ,Rio de Janeiro,UBS,Endocrinologia,Infecção urinária,2026-01-21,Feminino,Consulta,SUS
3480,Raquel Souza,25,PE,Petrolina,Hospital,Ginecologia,Infecção respiratória,2025-02-28,Masculino,Retorno,Bradesco Saúde
3481,Yasmin Cavalcante,89,SC,Florianópolis,Clínica Particular,Neurologia,Dermatite,2024-06-24,Feminino,Urgência,Particular
3482,Sr. Gustavo Sales,64,SC,Blumenau,UBS,Dermatologia,Gastrite,2024-06-28,Masculino,Retorno,Particular
3483,Sr. Noah Monteiro,85,RJ,Petrópolis,Clínica Particular,Ortopedia,Dor abdominal,2025-05-02,Feminino,Urgência,Particular
3484,Sra. Maria Luiza Peixoto,24,RJ,Rio de Janeiro,Unidade de Saúde da Família,Pediatria,Artrite,2024-08-03,Masculino,Exame,Particular
3485,José Miguel Dias,66,PR,Curitiba,Unidade de Saúde da Família,Oftalmologia,Ansiedade,2023-12-17,Feminino,Exame,Amil
3486,Diego Cunha,2,SP,São José dos Campos,Laboratório,Neurologia,Gastrite,2026-07-11,Masculino,Retorno,Amil
3487,Murilo da Paz,95,PE,Olinda,Centro Médico,Clínica Geral,Alergia,2023-12-14,Feminino,Exame,SulAmérica
3488,Ana Liz Duarte,24,RJ,Volta Redonda,UBS,Neurologia,Infecção respiratória,2024-11-29,Masculino,Urgência,Bradesco Saúde
3489,Luara Pires,72,SC,Chapecó,Hospital,Dermatologia,Diabetes,2023-12-03,Feminino,Retorno,Particular
3490,Benjamim Aragão,50,PR,Londrina,Pronto-Socorro,Ginecologia,Colesterol elevado,2024-05-15,Feminino,Urgência,Bradesco Saúde
3491,Bento Novais,39,PE,Petrolina,UBS,Psiquiatria,Consulta de rotina,2026-07-18,Masculino,Exame,Particular
3492,Dra. Isis Carvalho,78,BA,Feira de Santana,Hospital,Oftalmologia,Colesterol elevado,2026-03-12,Feminino,Consulta,Bradesco Saúde
3493,Milena da Costa,30,CE,Fortaleza,Pronto-Socorro,Pediatria,Lombalgia,2024-09-28,Masculino,Exame,SulAmérica
3494,Sra. Mariana da Mota,71,SP,São Paulo,UBS,Ginecologia,Artrite,2023-12-17,Masculino,Retorno,Amil
3495,Eloá Costa,75,SC,Joinville,Laboratório,Neurologia,Hipertensão,2025-08-21,Feminino,Urgência,SUS
3496,Srta. Antonella Costela,32,RJ,Petrópolis,UBS,Psiquiatria,Dor abdominal,2024-02-25,Feminino,Retorno,Unimed
3497,Júlia Rios,1,MG,Contagem,UPA,Pediatria,Diabetes,2025-08-13,Feminino,Consulta,Bradesco Saúde
3498,Lunna Siqueira,47,SC,Chapecó,Pronto-Socorro,Endocrinologia,Hipertensão,2024-12-11,Masculino,Retorno,SUS
3499,Pedro da Luz,65,BA,Feira de Santana,Pronto-Socorro,Ortopedia,Infecção urinária,2024-01-10,Masculino,Consulta,Amil
3500,Zoe Jesus,31,BA,Ilhéus,Centro Médico,Cardiologia,Alergia,2025-09-24,Feminino,Urgência,Unimed
3501,Yasmin Araújo,89,PE,Olinda,Centro Médico,Cardiologia,Hipertensão,2025-08-19,Masculino,Consulta,Unimed
3502,Luiz Gustavo Rezende,20,SP,São Paulo,Clínica Particular,Ortopedia,Diabetes,2026-06-08,Feminino,Urgência,Bradesco Saúde
3503,Vinícius das Neves,73,GO,Rio Verde,Hospital,Ortopedia,Lombalgia,2025-04-02,Feminino,Consulta,Amil
3504,Luan Vieira,63,CE,Fortaleza,Hospital,Ortopedia,Hipertensão,2025-05-25,Feminino,Exame,Bradesco Saúde
3505,Bárbara Santos,74,CE,Fortaleza,Pronto-Socorro,Cardiologia,Infecção respiratória,2026-03-28,Feminino,Exame,Particular
3506,Camila Alves,51,BA,Salvador,Pronto-Socorro,Endocrinologia,Colesterol elevado,2024-04-20,Masculino,Urgência,SUS
3507,Ana Lívia Teixeira,50,PR,Cascavel,Pronto-Socorro,Cardiologia,Colesterol elevado,2024-07-19,Feminino,Exame,Amil
3508,Lucca Garcia,8,CE,Sobral,Hospital,Oftalmologia,Enxaqueca,2024-01-25,Masculino,Urgência,Unimed
3509,João Vitor Costela,87,GO,Rio Verde,Clínica Particular,Cardiologia,Infecção urinária,2024-06-14,Feminino,Retorno,Particular
3510,Marina Azevedo,23,PR,Londrina,Pronto-Socorro,Psiquiatria,Colesterol elevado,2024-08-25,Feminino,Exame,Unimed
3511,Ana Vitória Vasconcelos,44,CE,Juazeiro do Norte,UBS,Clínica Geral,Enxaqueca,2026-07-24,Feminino,Consulta,Bradesco Saúde
3512,Sra. Ana Beatriz Castro,93,RS,Santa Maria,Clínica Particular,Cardiologia,Artrite,2026-01-06,Masculino,Urgência,Amil
3513,André da Conceição,38,SP,Santos,UPA,Neurologia,Hipertensão,2025-04-29,Feminino,Urgência,Bradesco Saúde
3514,Dr. Enrico da Paz,53,RS,Santa Maria,UBS,Cardiologia,Diabetes,2025-07-05,Masculino,Exame,Bradesco Saúde
3515,Antony da Cruz,40,CE,Sobral,Unidade de Saúde da Família,Ginecologia,Enxaqueca,2025-10-15,Feminino,Exame,Unimed
3516,Enzo Correia,66,CE,Caucaia,Unidade de Saúde da Família,Pediatria,Infecção respiratória,2024-07-28,Feminino,Retorno,Unimed
3517,Oliver da Mata,35,SC,Blumenau,Hospital,Ortopedia,Consulta de rotina,2023-12-09,Masculino,Urgência,SulAmérica
3518,Laura da Luz,95,PE,Caruaru,Laboratório,Clínica Geral,Dermatite,2025-12-30,Feminino,Exame,SulAmérica
3519,Sr. Igor Moraes,84,GO,Aparecida de Goiânia,Laboratório,Cardiologia,Dor abdominal,2023-11-17,Masculino,Exame,Bradesco Saúde
3520,José Miguel Pastor,80,CE,Fortaleza,Unidade de Saúde da Família,Neurologia,Ansiedade,2026-04-03,Feminino,Exame,Bradesco Saúde
3521,Kamilly Abreu,6,BA,Ilhéus,Clínica Particular,Psiquiatria,Consulta de rotina,2023-10-16,Feminino,Retorno,Amil
3522,Eduardo da Costa,60,PR,Cascavel,UPA,Neurologia,Diabetes,2024-06-05,Masculino,Consulta,Amil
3523,Isaque da Rosa,16,PR,Maringá,UPA,Endocrinologia,Consulta de rotina,2024-02-21,Feminino,Retorno,SUS
3524,Rael Cavalcanti,70,SP,Ribeirão Preto,UPA,Dermatologia,Dor abdominal,2024-11-29,Masculino,Retorno,SUS
3525,Benjamim Cavalcante,19,PR,Curitiba,Clínica Particular,Psiquiatria,Consulta de rotina,2025-03-10,Masculino,Urgência,Unimed
3526,Pietro Sousa,52,PE,Recife,Hospital,Oftalmologia,Consulta de rotina,2024-06-15,Feminino,Retorno,SulAmérica
3527,Srta. Júlia Cassiano,79,SP,Ribeirão Preto,Centro Médico,Pediatria,Dor abdominal,2025-11-14,Feminino,Exame,Bradesco Saúde
3528,Dr. Arthur Miguel Campos,18,PE,Caruaru,Pronto-Socorro,Cardiologia,Infecção respiratória,2024-05-14,Feminino,Retorno,Amil
3529,Manuella Vasconcelos,49,SP,São Paulo,Pronto-Socorro,Dermatologia,Artrite,2025-10-30,Feminino,Urgência,Bradesco Saúde
3530,Letícia Moreira,32,CE,Juazeiro do Norte,UBS,Cardiologia,Consulta de rotina,2026-07-28,Masculino,Urgência,SUS
3531,Maitê Leão,40,BA,Vitória da Conquista,UPA,Endocrinologia,Colesterol elevado,2024-08-03,Masculino,Urgência,SUS
3532,Fernanda Azevedo,39,CE,Sobral,UPA,Ginecologia,Lombalgia,2024-11-22,Masculino,Exame,Bradesco Saúde
3533,Ana Clara Pastor,70,PE,Petrolina,Laboratório,Clínica Geral,Infecção urinária,2025-05-28,Masculino,Consulta,SUS
3534,Oliver Sampaio,22,GO,Aparecida de Goiânia,UBS,Ortopedia,Ansiedade,2024-02-29,Masculino,Exame,Particular
3535,Danilo Cunha,72,RJ,Petrópolis,Laboratório,Oftalmologia,Ansiedade,2025-10-21,Masculino,Retorno,Bradesco Saúde
3536,Elisa Cirino,21,CE,Sobral,Unidade de Saúde da Família,Ortopedia,Dermatite,2025-08-08,Masculino,Urgência,SUS
3537,Benjamim Farias,53,RS,Pelotas,UPA,Psiquiatria,Dermatite,2025-02-12,Masculino,Exame,SulAmérica
3538,Isabela Farias,40,GO,Rio Verde,Pronto-Socorro,Cardiologia,Gastrite,2024-03-06,Masculino,Retorno,SUS
3539,Bárbara Moreira,61,MG,Belo Horizonte,Hospital,Clínica Geral,Lombalgia,2025-11-09,Masculino,Consulta,SUS
3540,Vitor Andrade,40,SC,Chapecó,Centro Médico,Cardiologia,Infecção respiratória,2024-07-10,Masculino,Retorno,SulAmérica
3541,Caleb Pacheco,11,MG,Belo Horizonte,Unidade de Saúde da Família,Ginecologia,Enxaqueca,2023-12-23,Feminino,Urgência,Particular
3542,Luiza da Cruz,68,PE,Caruaru,Unidade de Saúde da Família,Psiquiatria,Infecção respiratória,2025-05-26,Masculino,Consulta,Unimed
3543,Breno Rezende,17,PE,Petrolina,Unidade de Saúde da Família,Ginecologia,Infecção urinária,2025-03-03,Masculino,Consulta,Unimed
3544,Joaquim Siqueira,88,MG,Contagem,Unidade de Saúde da Família,Dermatologia,Enxaqueca,2025-09-27,Masculino,Consulta,SUS
3545,Alexia Gomes,62,PE,Recife,Centro Médico,Dermatologia,Asma,2025-12-07,Masculino,Retorno,Particular
3546,Sarah Costela,65,GO,Anápolis,Unidade de Saúde da Família,Pediatria,Ansiedade,2023-12-22,Masculino,Retorno,Amil
3547,Augusto Rezende,55,SC,Florianópolis,Hospital,Cardiologia,Dermatite,2026-08-14,Feminino,Urgência,Amil
3548,Vicente Pinto,30,GO,Aparecida de Goiânia,UPA,Oftalmologia,Alergia,2024-05-16,Masculino,Urgência,SulAmérica
3549,Aurora Lima,65,SC,Blumenau,UBS,Psiquiatria,Infecção urinária,2024-04-22,Feminino,Consulta,Particular
3550,Sr. Nicolas Alves,93,BA,Salvador,UBS,Psiquiatria,Gastrite,2025-01-15,Feminino,Exame,SulAmérica
3551,Sr. Vicente Sá,80,MG,Belo Horizonte,UPA,Ginecologia,Diabetes,2025-04-15,Masculino,Consulta,Particular
3552,José Machado,71,SC,Joinville,Centro Médico,Pediatria,Dor abdominal,2025-05-10,Masculino,Retorno,Bradesco Saúde
3553,Isadora Montenegro,35,CE,Fortaleza,Clínica Particular,Neurologia,Consulta de rotina,2025-01-10,Feminino,Retorno,Bradesco Saúde
3554,Daniela Cardoso,69,RJ,Petrópolis,Centro Médico,Ginecologia,Colesterol elevado,2024-03-22,Masculino,Consulta,Amil
3555,Josué da Rosa,11,PR,Cascavel,Pronto-Socorro,Psiquiatria,Infecção respiratória,2025-04-16,Masculino,Exame,Unimed
3556,Otávio Souza,90,CE,Juazeiro do Norte,UBS,Dermatologia,Ansiedade,2025-06-20,Masculino,Urgência,Bradesco Saúde
3557,Luara Sales,75,CE,Caucaia,Laboratório,Pediatria,Gastrite,2025-12-20,Masculino,Urgência,Bradesco Saúde
3558,Ana Julia Dias,89,RJ,Niterói,UBS,Pediatria,Enxaqueca,2026-01-10,Feminino,Exame,SUS
3559,Eloá Duarte,62,PE,Petrolina,UPA,Dermatologia,Enxaqueca,2024-06-23,Masculino,Urgência,SUS
3560,Sabrina Azevedo,80,BA,Vitória da Conquista,Unidade de Saúde da Família,Endocrinologia,Alergia,2025-02-09,Masculino,Exame,Unimed
3561,Brenda Carvalho,44,CE,Fortaleza,Laboratório,Dermatologia,Dor abdominal,2025-01-04,Masculino,Retorno,Bradesco Saúde
3562,Sra. Nina Almeida,29,GO,Goiânia,Pronto-Socorro,Endocrinologia,Infecção urinária,2025-07-03,Masculino,Urgência,SUS
3563,Lara Siqueira,75,RS,Santa Maria,Laboratório,Clínica Geral,Infecção urinária,2026-03-30,Masculino,Consulta,Bradesco Saúde
3564,Alice Vasconcelos,77,RS,Porto Alegre,UBS,Oftalmologia,Asma,2026-05-30,Feminino,Exame,SUS
3565,Sr. Lucas Gabriel Vieira,17,CE,Sobral,Pronto-Socorro,Pediatria,Gastrite,2026-01-23,Feminino,Retorno,SUS
3566,Ravi Lucca Cavalcante,77,BA,Vitória da Conquista,UPA,Clínica Geral,Dor abdominal,2026-04-14,Feminino,Retorno,Particular
3567,João Guilherme da Costa,92,GO,Goiânia,Pronto-Socorro,Clínica Geral,Ansiedade,2024-08-27,Masculino,Urgência,SUS
3568,Maria da Cruz,14,CE,Caucaia,UBS,Neurologia,Infecção respiratória,2024-05-07,Masculino,Exame,Unimed
3569,Luiza Pimenta,63,RJ,Petrópolis,Centro Médico,Oftalmologia,Consulta de rotina,2024-03-09,Masculino,Consulta,SulAmérica
3570,Theodoro Azevedo,17,RJ,Petrópolis,Clínica Particular,Ortopedia,Lombalgia,2026-04-07,Feminino,Exame,Unimed
3571,Ana Clara Melo,74,MG,Uberlândia,Clínica Particular,Ginecologia,Consulta de rotina,2024-08-08,Feminino,Exame,SulAmérica
3572,Dom Nunes,11,CE,Sobral,Centro Médico,Ortopedia,Dermatite,2026-02-03,Masculino,Retorno,SUS
3573,Arthur Miguel Moura,95,PE,Olinda,Pronto-Socorro,Neurologia,Asma,2026-07-20,Masculino,Exame,Unimed
3574,Arthur Miguel Ribeiro,93,SP,São Paulo,Clínica Particular,Pediatria,Consulta de rotina,2024-04-27,Masculino,Consulta,SulAmérica
3575,José Teixeira,39,SP,Ribeirão Preto,Unidade de Saúde da Família,Oftalmologia,Diabetes,2026-05-11,Feminino,Urgência,SUS
3576,Luiz Felipe Rodrigues,32,CE,Sobral,Centro Médico,Ginecologia,Enxaqueca,2024-08-08,Masculino,Urgência,SUS
3577,Maitê Barbosa,52,PR,Curitiba,Unidade de Saúde da Família,Psiquiatria,Infecção respiratória,2024-04-06,Masculino,Exame,Amil
3578,Dra. Melissa Costa,74,BA,Vitória da Conquista,Clínica Particular,Psiquiatria,Dor abdominal,2023-09-15,Feminino,Retorno,SulAmérica
3579,Laura Pinto,76,GO,Rio Verde,Hospital,Dermatologia,Lombalgia,2026-01-26,Masculino,Retorno,SulAmérica
3580,José Pedro Barbosa,66,BA,Feira de Santana,Unidade de Saúde da Família,Endocrinologia,Asma,2024-08-02,Masculino,Urgência,Amil
3581,Daniela Vasconcelos,66,PR,Londrina,UBS,Ortopedia,Dor abdominal,2025-12-30,Masculino,Exame,SUS
3582,Raul Cirino,32,RS,Pelotas,Clínica Particular,Clínica Geral,Infecção respiratória,2024-06-15,Masculino,Exame,Unimed
3583,Mateus Mendonça,20,RJ,Niterói,Pronto-Socorro,Neurologia,Ansiedade,2024-02-15,Feminino,Consulta,SulAmérica
3584,Srta. Eloá Moraes,25,GO,Anápolis,Unidade de Saúde da Família,Pediatria,Hipertensão,2024-02-04,Masculino,Retorno,Unimed
3585,Felipe das Neves,10,SP,Santos,Laboratório,Clínica Geral,Infecção respiratória,2025-05-14,Masculino,Retorno,Unimed
3586,Maria Fernanda da Paz,63,RJ,Rio de Janeiro,UBS,Ginecologia,Lombalgia,2024-05-12,Feminino,Exame,Particular
3587,Lucas Gabriel Macedo,82,GO,Anápolis,Hospital,Dermatologia,Infecção respiratória,2026-07-09,Masculino,Urgência,Unimed
3588,Heitor Castro,10,PE,Caruaru,UBS,Psiquiatria,Consulta de rotina,2024-07-16,Masculino,Urgência,Unimed
3589,Ana Luiza Martins,42,RJ,Niterói,Clínica Particular,Endocrinologia,Colesterol elevado,2025-07-10,Masculino,Exame,Bradesco Saúde
3590,Ravy Carvalho,32,RJ,Rio de Janeiro,Centro Médico,Clínica Geral,Lombalgia,2025-12-02,Masculino,Urgência,Bradesco Saúde
3591,Sr. Valentim Costela,79,RS,Porto Alegre,Unidade de Saúde da Família,Cardiologia,Lombalgia,2024-10-05,Feminino,Urgência,Unimed
3592,Srta. Laís Ribeiro,51,CE,Fortaleza,Laboratório,Ortopedia,Infecção respiratória,2023-08-24,Masculino,Urgência,Amil
3593,Benjamim da Costa,56,PR,Curitiba,UBS,Oftalmologia,Infecção respiratória,2026-02-17,Masculino,Urgência,SulAmérica
3594,Gael Henrique Novais,41,PE,Olinda,UPA,Clínica Geral,Dermatite,2026-03-06,Masculino,Exame,Amil
3595,Bernardo Machado,6,RJ,Petrópolis,Pronto-Socorro,Pediatria,Hipertensão,2026-02-27,Feminino,Exame,Bradesco Saúde
3596,Marcelo Silveira,77,BA,Ilhéus,Unidade de Saúde da Família,Neurologia,Ansiedade,2025-03-12,Masculino,Urgência,SUS
3597,Elisa da Mota,4,PR,Cascavel,Hospital,Psiquiatria,Hipertensão,2025-09-14,Masculino,Consulta,Particular
3598,João Pedro Barbosa,94,RS,Santa Maria,UBS,Clínica Geral,Asma,2024-02-16,Masculino,Retorno,Amil
3599,Isabella da Mata,69,SC,Florianópolis,Clínica Particular,Clínica Geral,Enxaqueca,2023-09-21,Feminino,Consulta,Amil
3600,Laís Mendes,53,PR,Curitiba,Unidade de Saúde da Família,Endocrinologia,Asma,2024-05-18,Feminino,Consulta,Bradesco Saúde
3601,Arthur Miguel Cavalcanti,77,BA,Ilhéus,Hospital,Ginecologia,Infecção urinária,2024-03-09,Masculino,Exame,Unimed
3602,Anthony Sales,49,PE,Olinda,Unidade de Saúde da Família,Pediatria,Artrite,2024-11-03,Masculino,Consulta,Amil
3603,Nicole da Conceição,21,MG,Contagem,Hospital,Endocrinologia,Diabetes,2023-09-07,Feminino,Exame,SUS
3604,Valentim Barros,27,PR,Cascavel,Centro Médico,Oftalmologia,Enxaqueca,2026-02-01,Masculino,Exame,Bradesco Saúde
3605,Nathan da Rosa,69,PR,Curitiba,Clínica Particular,Clínica Geral,Colesterol elevado,2024-11-16,Feminino,Exame,Bradesco Saúde
3606,Ana Júlia Rodrigues,14,GO,Anápolis,Pronto-Socorro,Ginecologia,Enxaqueca,2025-01-21,Masculino,Exame,Amil
3607,Vitória Farias,50,RJ,Petrópolis,Unidade de Saúde da Família,Dermatologia,Consulta de rotina,2024-07-17,Masculino,Exame,Amil
3608,Luara Moreira,58,SC,Chapecó,Centro Médico,Cardiologia,Dermatite,2025-02-11,Feminino,Exame,Particular
3609,Samuel Marques,39,RJ,Volta Redonda,Centro Médico,Oftalmologia,Hipertensão,2025-09-27,Feminino,Urgência,Amil
3610,Luara Lima,32,PR,Maringá,UBS,Endocrinologia,Hipertensão,2026-01-12,Feminino,Retorno,Bradesco Saúde
3611,Danilo Abreu,93,MG,Belo Horizonte,Hospital,Pediatria,Lombalgia,2024-12-24,Feminino,Exame,Unimed
3612,Maria Vasconcelos,61,PR,Londrina,Unidade de Saúde da Família,Neurologia,Colesterol elevado,2023-11-08,Masculino,Consulta,SulAmérica
3613,Dr. Noah Borges,49,PR,Curitiba,Unidade de Saúde da Família,Endocrinologia,Alergia,2025-05-01,Masculino,Retorno,Amil
3614,Hadassa Pacheco,37,RJ,Petrópolis,Unidade de Saúde da Família,Pediatria,Hipertensão,2023-09-17,Masculino,Retorno,Unimed
3615,Arthur Vasconcelos,48,SP,Campinas,Pronto-Socorro,Ginecologia,Lombalgia,2025-09-10,Masculino,Consulta,Unimed
3616,João Vitor Nunes,65,RS,Porto Alegre,Hospital,Psiquiatria,Consulta de rotina,2023-09-14,Masculino,Exame,Amil
3617,Luiz Felipe Abreu,67,CE,Caucaia,Unidade de Saúde da Família,Pediatria,Enxaqueca,2026-05-22,Feminino,Consulta,Amil
3618,Ana Julia Leão,26,PR,Curitiba,Pronto-Socorro,Ortopedia,Artrite,2024-05-26,Masculino,Consulta,Particular
3619,Raquel Pereira,11,SP,São José dos Campos,Pronto-Socorro,Ortopedia,Lombalgia,2024-06-30,Masculino,Urgência,Bradesco Saúde
3620,Mirella Andrade,63,PR,Curitiba,Pronto-Socorro,Cardiologia,Alergia,2026-04-06,Feminino,Urgência,Unimed
3621,Olivia Garcia,20,PE,Petrolina,Unidade de Saúde da Família,Ortopedia,Lombalgia,2026-07-03,Masculino,Exame,SUS
3622,Gustavo da Cruz,20,MG,Juiz de Fora,Unidade de Saúde da Família,Ginecologia,Infecção urinária,2025-05-20,Feminino,Consulta,Particular
3623,Raquel Novais,32,MG,Uberlândia,Hospital,Pediatria,Dor abdominal,2026-07-04,Feminino,Consulta,Unimed
3624,Srta. Bella Cardoso,58,PE,Petrolina,UBS,Pediatria,Lombalgia,2025-03-14,Masculino,Urgência,Bradesco Saúde
3625,Dr. Otto Vasconcelos,34,GO,Goiânia,UBS,Endocrinologia,Dermatite,2025-11-23,Masculino,Consulta,Unimed
3626,Ian da Rocha,52,RJ,Volta Redonda,Laboratório,Clínica Geral,Asma,2024-10-20,Masculino,Retorno,SUS
3627,Nina Cavalcanti,63,GO,Aparecida de Goiânia,Pronto-Socorro,Dermatologia,Alergia,2024-02-13,Masculino,Exame,SUS
3628,Dra. Lunna Lopes,42,PE,Recife,UPA,Neurologia,Gastrite,2023-12-15,Feminino,Urgência,Unimed
3629,Ana Luiza Santos,2,RS,Caxias do Sul,UPA,Pediatria,Colesterol elevado,2025-08-21,Feminino,Retorno,Unimed
3630,Clara Rocha,25,SC,Chapecó,UBS,Ortopedia,Dermatite,2024-08-12,Feminino,Retorno,Amil
3631,Maria Sophia Carvalho,47,RJ,Petrópolis,Hospital,Ortopedia,Diabetes,2023-12-15,Masculino,Consulta,SulAmérica
3632,Sr. Arthur Sampaio,87,MG,Contagem,Laboratório,Psiquiatria,Colesterol elevado,2026-07-12,Masculino,Urgência,Particular
3633,Diogo Marques,86,GO,Aparecida de Goiânia,Laboratório,Clínica Geral,Gastrite,2024-07-05,Masculino,Consulta,Unimed
3634,Davi Lucas Sales,65,CE,Fortaleza,UBS,Cardiologia,Dermatite,2025-04-15,Masculino,Urgência,Amil
3635,Srta. Olivia Barbosa,39,GO,Aparecida de Goiânia,Unidade de Saúde da Família,Oftalmologia,Artrite,2024-11-16,Masculino,Urgência,Particular
3636,Vitor Gabriel Cavalcanti,34,SP,Campinas,UBS,Dermatologia,Diabetes,2025-04-11,Masculino,Consulta,Bradesco Saúde
3637,Laura da Paz,72,RJ,Rio de Janeiro,UBS,Dermatologia,Hipertensão,2026-05-23,Feminino,Consulta,SulAmérica
3638,Daniela Caldeira,41,PR,Londrina,UBS,Neurologia,Dermatite,2024-05-17,Masculino,Urgência,Unimed
3639,Luara Abreu,65,CE,Fortaleza,Centro Médico,Oftalmologia,Hipertensão,2024-11-13,Feminino,Consulta,Amil
3640,Stella Rios,38,CE,Fortaleza,Unidade de Saúde da Família,Endocrinologia,Dor abdominal,2023-10-27,Masculino,Consulta,SUS
3641,Heloisa Cavalcante,46,RJ,Petrópolis,Laboratório,Dermatologia,Lombalgia,2024-02-20,Feminino,Retorno,SUS
3642,Henrique Sousa,85,CE,Juazeiro do Norte,Unidade de Saúde da Família,Psiquiatria,Enxaqueca,2025-07-14,Masculino,Exame,SulAmérica
3643,Thales Cunha,29,RS,Porto Alegre,Clínica Particular,Neurologia,Enxaqueca,2025-07-16,Feminino,Exame,Particular
3644,Isaac Martins,32,GO,Aparecida de Goiânia,UBS,Ortopedia,Gastrite,2024-05-05,Feminino,Consulta,SUS
3645,Cecilia Andrade,10,PE,Caruaru,Hospital,Oftalmologia,Hipertensão,2025-05-31,Masculino,Retorno,Amil
3646,Ian Aparecida,30,CE,Juazeiro do Norte,UBS,Endocrinologia,Hipertensão,2025-03-17,Feminino,Exame,Amil
3647,Srta. Ana Laura Pacheco,88,PR,Curitiba,Hospital,Cardiologia,Hipertensão,2025-12-30,Feminino,Urgência,Unimed
3648,Maitê Andrade,22,PE,Recife,Centro Médico,Ortopedia,Gastrite,2024-09-16,Masculino,Exame,Unimed
3649,Oliver das Neves,36,SP,São Paulo,Unidade de Saúde da Família,Dermatologia,Artrite,2025-03-31,Feminino,Exame,Bradesco Saúde
3650,Antony Siqueira,82,RS,Santa Maria,Pronto-Socorro,Endocrinologia,Enxaqueca,2025-08-09,Masculino,Exame,Particular
3651,Ester Rezende,14,PR,Cascavel,Hospital,Clínica Geral,Ansiedade,2025-12-10,Feminino,Exame,Particular
3652,Esther Caldeira,63,RJ,Volta Redonda,Clínica Particular,Neurologia,Lombalgia,2025-10-08,Feminino,Retorno,SUS
3653,Vitória Sales,68,SP,Ribeirão Preto,UBS,Cardiologia,Ansiedade,2025-01-03,Masculino,Exame,Particular
3654,Joaquim Carvalho,7,GO,Rio Verde,Hospital,Dermatologia,Consulta de rotina,2025-10-14,Masculino,Retorno,Particular
3655,Sofia Santos,38,RS,Pelotas,UBS,Ginecologia,Lombalgia,2024-02-04,Feminino,Exame,Unimed
3656,Léo Borges,30,PR,Londrina,Pronto-Socorro,Psiquiatria,Asma,2024-08-17,Feminino,Urgência,Unimed
3657,Marcela Nunes,73,MG,Uberlândia,UBS,Neurologia,Colesterol elevado,2025-05-15,Masculino,Retorno,SulAmérica
3658,João Vitor Mendes,32,PR,Maringá,Hospital,Clínica Geral,Enxaqueca,2024-06-20,Masculino,Exame,SulAmérica
3659,Ana Julia Souza,28,PE,Caruaru,Laboratório,Cardiologia,Asma,2025-03-14,Feminino,Exame,SUS
3660,Maria Liz Andrade,28,RJ,Volta Redonda,Pronto-Socorro,Oftalmologia,Asma,2026-05-25,Masculino,Urgência,Bradesco Saúde
3661,Maria Júlia Moreira,26,CE,Caucaia,Centro Médico,Endocrinologia,Gastrite,2026-07-31,Feminino,Retorno,Bradesco Saúde
3662,Luiz Miguel Freitas,85,MG,Contagem,Laboratório,Endocrinologia,Alergia,2025-12-10,Masculino,Urgência,SulAmérica
3663,Pedro Miguel Sá,36,RJ,Niterói,Clínica Particular,Cardiologia,Ansiedade,2023-09-06,Feminino,Exame,Amil
3664,Guilherme Santos,1,SP,Ribeirão Preto,Centro Médico,Ginecologia,Artrite,2026-01-10,Masculino,Exame,SUS
3665,Olivia Cavalcante,78,BA,Ilhéus,UPA,Cardiologia,Ansiedade,2023-11-04,Masculino,Exame,SUS
3666,Maria Alice Souza,51,BA,Salvador,Clínica Particular,Ginecologia,Colesterol elevado,2024-02-16,Feminino,Exame,Unimed
3667,Oliver Santos,76,PE,Olinda,Unidade de Saúde da Família,Clínica Geral,Diabetes,2024-07-14,Feminino,Urgência,Unimed
3668,Rael Novais,30,CE,Fortaleza,Clínica Particular,Dermatologia,Infecção urinária,2023-09-04,Masculino,Exame,SulAmérica
3669,Catarina Câmara,51,RJ,Volta Redonda,UPA,Ginecologia,Lombalgia,2026-07-13,Masculino,Consulta,Unimed
3670,Maitê Peixoto,23,SP,São José dos Campos,Laboratório,Clínica Geral,Hipertensão,2026-05-04,Masculino,Consulta,Particular
3671,Marcelo Dias,42,SP,São Paulo,Laboratório,Cardiologia,Gastrite,2025-07-27,Masculino,Exame,SUS
3672,Maria Sampaio,33,SC,Blumenau,UBS,Pediatria,Diabetes,2026-01-04,Masculino,Consulta,Particular
3673,Samuel da Cunha,84,SC,Joinville,Clínica Particular,Endocrinologia,Dermatite,2024-01-22,Feminino,Exame,Bradesco Saúde
3674,Isis Rios,88,GO,Goiânia,Laboratório,Neurologia,Infecção respiratória,2024-01-05,Masculino,Retorno,Particular
3675,Lucas Gabriel Câmara,86,SP,Santos,Pronto-Socorro,Endocrinologia,Diabetes,2025-06-25,Feminino,Exame,SulAmérica
3676,Ana Clara da Mata,47,PR,Cascavel,Centro Médico,Oftalmologia,Diabetes,2025-08-28,Masculino,Retorno,Particular
3677,Gustavo Henrique Ramos,18,SC,Joinville,Hospital,Oftalmologia,Dor abdominal,2024-10-08,Masculino,Exame,Unimed
3678,Pedro Lucas da Mata,50,RJ,Volta Redonda,UBS,Ortopedia,Dermatite,2026-02-06,Masculino,Retorno,SUS
3679,Josué Castro,15,PE,Caruaru,Laboratório,Psiquiatria,Dor abdominal,2024-10-07,Feminino,Retorno,Unimed
3680,Srta. Maria Helena Jesus,53,GO,Goiânia,Unidade de Saúde da Família,Oftalmologia,Enxaqueca,2026-07-04,Masculino,Retorno,SUS
3681,Rafael Câmara,92,PR,Curitiba,Clínica Particular,Pediatria,Lombalgia,2026-05-05,Masculino,Retorno,SulAmérica
3682,Julia Pires,14,PE,Petrolina,UPA,Oftalmologia,Ansiedade,2023-11-16,Masculino,Exame,Bradesco Saúde
3683,Davi Cavalcanti,22,RS,Pelotas,UPA,Ginecologia,Infecção respiratória,2025-11-16,Feminino,Urgência,Unimed
3684,João Vitor Ramos,32,RS,Pelotas,Laboratório,Endocrinologia,Gastrite,2026-05-12,Masculino,Consulta,Particular
3685,Bryan Santos,29,RS,Caxias do Sul,Hospital,Oftalmologia,Enxaqueca,2026-07-30,Masculino,Consulta,Unimed
3686,Stephany da Mota,62,SC,Chapecó,UBS,Ginecologia,Lombalgia,2026-08-05,Feminino,Consulta,SulAmérica
3687,Yuri Marques,62,PE,Olinda,Unidade de Saúde da Família,Psiquiatria,Hipertensão,2024-01-23,Masculino,Urgência,Bradesco Saúde
3688,Ana Vitória Silva,3,RJ,Niterói,Pronto-Socorro,Oftalmologia,Dor abdominal,2025-06-20,Feminino,Retorno,Particular
3689,Gustavo Henrique Teixeira,93,PE,Olinda,Laboratório,Oftalmologia,Asma,2024-12-10,Masculino,Retorno,SUS
3690,Ana Luiza Costa,66,PR,Maringá,Pronto-Socorro,Cardiologia,Artrite,2023-12-16,Masculino,Retorno,Bradesco Saúde
3691,Cauã Gonçalves,85,BA,Vitória da Conquista,Unidade de Saúde da Família,Neurologia,Colesterol elevado,2024-09-09,Masculino,Exame,Bradesco Saúde
3692,Lavínia Vargas,63,PR,Maringá,Centro Médico,Ginecologia,Diabetes,2024-07-01,Masculino,Urgência,SulAmérica
3693,Arthur Gabriel Montenegro,88,CE,Juazeiro do Norte,UBS,Cardiologia,Diabetes,2023-10-06,Feminino,Retorno,Amil
3694,Lívia Aparecida,28,CE,Fortaleza,Laboratório,Pediatria,Lombalgia,2026-03-10,Feminino,Exame,Amil
3695,Raquel Porto,21,RJ,Rio de Janeiro,Centro Médico,Endocrinologia,Enxaqueca,2025-09-17,Masculino,Retorno,SUS
3696,Maria Vitória Castro,70,SP,São Paulo,Hospital,Ginecologia,Gastrite,2024-04-07,Masculino,Consulta,SulAmérica
3697,Esther Aparecida,74,SC,Joinville,UPA,Dermatologia,Infecção urinária,2026-01-16,Masculino,Exame,SUS
3698,Rebeca Alves,6,MG,Belo Horizonte,Unidade de Saúde da Família,Endocrinologia,Artrite,2024-12-26,Masculino,Consulta,SUS
3699,Thomas Mendonça,92,CE,Caucaia,Laboratório,Ginecologia,Colesterol elevado,2026-06-08,Feminino,Urgência,SUS
3700,André da Cunha,61,MG,Belo Horizonte,UPA,Clínica Geral,Diabetes,2024-05-28,Feminino,Consulta,Bradesco Saúde
3701,Gabrielly Cassiano,70,RS,Caxias do Sul,Unidade de Saúde da Família,Dermatologia,Dermatite,2024-08-06,Masculino,Exame,SulAmérica
3702,Caio Farias,79,MG,Contagem,Laboratório,Ortopedia,Infecção urinária,2025-12-23,Feminino,Urgência,Particular
3703,Srta. Luiza Barbosa,46,MG,Juiz de Fora,Centro Médico,Cardiologia,Infecção urinária,2026-03-07,Masculino,Consulta,Unimed
3704,Isaque Rocha,66,RJ,Rio de Janeiro,UBS,Psiquiatria,Enxaqueca,2026-03-12,Feminino,Retorno,SUS
3705,Caio Camargo,27,PE,Olinda,Hospital,Clínica Geral,Dor abdominal,2026-05-23,Feminino,Consulta,Amil
3706,Emanuel Duarte,31,MG,Uberlândia,Centro Médico,Clínica Geral,Infecção respiratória,2026-03-30,Masculino,Consulta,SulAmérica
3707,José Pedro Farias,88,PR,Maringá,UPA,Dermatologia,Dor abdominal,2023-12-23,Feminino,Urgência,SUS
3708,Dr. Bento Sampaio,56,GO,Goiânia,UPA,Endocrinologia,Hipertensão,2024-09-12,Masculino,Exame,SulAmérica
3709,Brayan Fonseca,16,PE,Olinda,Laboratório,Oftalmologia,Consulta de rotina,2026-04-16,Feminino,Exame,SulAmérica
3710,Daniel Pimenta,32,RS,Porto Alegre,Clínica Particular,Clínica Geral,Enxaqueca,2026-05-08,Feminino,Urgência,Unimed
3711,Rodrigo Silva,50,RJ,Rio de Janeiro,UBS,Oftalmologia,Gastrite,2025-02-20,Feminino,Exame,Particular
3712,Aylla Marques,37,SP,São José dos Campos,Pronto-Socorro,Ginecologia,Artrite,2026-07-08,Masculino,Consulta,Unimed
3713,Emilly Barbosa,53,RJ,Volta Redonda,Pronto-Socorro,Pediatria,Consulta de rotina,2026-05-18,Feminino,Retorno,Bradesco Saúde
3714,Vitor Gabriel Pereira,17,SP,São José dos Campos,Pronto-Socorro,Cardiologia,Diabetes,2026-01-16,Feminino,Consulta,Unimed
3715,Raul da Rocha,53,SP,São José dos Campos,Laboratório,Cardiologia,Asma,2023-12-29,Masculino,Consulta,Unimed
3716,Ana Beatriz Ribeiro,48,MG,Juiz de Fora,UPA,Ortopedia,Asma,2026-04-13,Masculino,Retorno,SulAmérica
3717,Pietro Machado,42,SC,Florianópolis,Clínica Particular,Neurologia,Infecção urinária,2025-10-26,Feminino,Urgência,SUS
3718,Manuella Cunha,95,BA,Vitória da Conquista,Hospital,Dermatologia,Alergia,2024-11-26,Feminino,Retorno,Unimed
3719,Helena Moreira,6,PR,Maringá,UBS,Cardiologia,Diabetes,2025-06-13,Feminino,Retorno,Unimed
3720,Marcela da Rosa,24,BA,Ilhéus,Unidade de Saúde da Família,Neurologia,Asma,2024-09-24,Masculino,Exame,Particular
3721,Ana Vitória Casa Grande,57,PR,Curitiba,Pronto-Socorro,Endocrinologia,Consulta de rotina,2025-07-27,Masculino,Retorno,Particular
3722,Yago Porto,69,RS,Pelotas,Hospital,Psiquiatria,Alergia,2025-02-21,Masculino,Exame,Particular
3723,Sophia Rodrigues,23,RS,Caxias do Sul,Clínica Particular,Ginecologia,Asma,2025-08-03,Feminino,Urgência,SulAmérica
3724,Pietra Jesus,6,BA,Feira de Santana,Centro Médico,Ginecologia,Consulta de rotina,2024-07-30,Feminino,Exame,Unimed
3725,Daniel Andrade,77,CE,Sobral,UBS,Cardiologia,Infecção urinária,2024-11-01,Masculino,Exame,Bradesco Saúde
3726,Srta. Brenda Sampaio,3,SC,Joinville,Pronto-Socorro,Ginecologia,Alergia,2025-02-19,Feminino,Retorno,Amil
3727,Benicio Ferreira,88,RS,Pelotas,UBS,Cardiologia,Gastrite,2025-02-15,Masculino,Urgência,Bradesco Saúde
3728,Srta. Gabriela Campos,5,GO,Rio Verde,UBS,Ginecologia,Infecção urinária,2024-07-17,Masculino,Retorno,Particular
3729,Cecilia Nogueira,49,PR,Londrina,Laboratório,Clínica Geral,Hipertensão,2026-02-27,Masculino,Urgência,Amil
3730,Marcelo Moura,17,PE,Recife,Clínica Particular,Clínica Geral,Infecção urinária,2025-08-07,Feminino,Urgência,Amil
3731,Theodoro da Paz,32,RJ,Rio de Janeiro,Unidade de Saúde da Família,Psiquiatria,Ansiedade,2024-01-23,Masculino,Exame,Particular
3732,Dr. Breno Rocha,7,BA,Ilhéus,Clínica Particular,Ortopedia,Artrite,2024-09-17,Feminino,Urgência,SUS
3733,Thales Barbosa,94,SC,Blumenau,Laboratório,Endocrinologia,Infecção urinária,2025-06-26,Masculino,Urgência,SUS
3734,Maitê Dias,51,GO,Rio Verde,Clínica Particular,Clínica Geral,Asma,2024-12-01,Masculino,Consulta,Amil
3735,Maria Julia Câmara,76,PR,Cascavel,Pronto-Socorro,Psiquiatria,Consulta de rotina,2025-12-29,Feminino,Urgência,Unimed
3736,Léo Marques,40,CE,Juazeiro do Norte,Pronto-Socorro,Cardiologia,Dermatite,2026-01-13,Masculino,Exame,Amil
3737,Lara das Neves,55,GO,Aparecida de Goiânia,UPA,Oftalmologia,Infecção urinária,2024-01-07,Feminino,Urgência,SulAmérica
3738,Pietra da Luz,58,PR,Maringá,Centro Médico,Psiquiatria,Diabetes,2023-09-18,Feminino,Consulta,SulAmérica
3739,Maria Clara Lopes,44,RS,Caxias do Sul,Clínica Particular,Psiquiatria,Artrite,2026-06-30,Feminino,Consulta,Amil
3740,Daniela Oliveira,47,GO,Rio Verde,Centro Médico,Neurologia,Artrite,2026-05-16,Masculino,Exame,Unimed
3741,Sra. Ana Moraes,49,PE,Recife,Unidade de Saúde da Família,Endocrinologia,Enxaqueca,2025-05-21,Masculino,Urgência,SulAmérica
3742,Rebeca Albuquerque,89,SP,Ribeirão Preto,Clínica Particular,Clínica Geral,Alergia,2024-07-10,Masculino,Exame,Amil
3743,Oliver Duarte,88,PE,Recife,Clínica Particular,Ginecologia,Infecção urinária,2026-06-04,Masculino,Consulta,Amil
3744,Emilly Câmara,50,SC,Joinville,UPA,Pediatria,Dor abdominal,2025-07-01,Masculino,Urgência,Unimed
3745,Dra. Natália Carvalho,25,SP,Campinas,Laboratório,Psiquiatria,Consulta de rotina,2024-05-19,Feminino,Retorno,Bradesco Saúde
3746,Ravi Duarte,94,BA,Salvador,UPA,Ortopedia,Diabetes,2024-11-16,Masculino,Exame,Unimed
3747,Fernanda Martins,59,PR,Londrina,Clínica Particular,Ginecologia,Asma,2025-09-05,Feminino,Consulta,Unimed
3748,Kamilly Pires,20,GO,Rio Verde,Pronto-Socorro,Psiquiatria,Asma,2024-01-13,Masculino,Retorno,SUS
3749,Igor Freitas,35,MG,Uberlândia,Unidade de Saúde da Família,Neurologia,Diabetes,2025-12-15,Feminino,Exame,Bradesco Saúde
3750,Antony Sá,75,BA,Salvador,Clínica Particular,Ginecologia,Lombalgia,2023-10-27,Feminino,Urgência,SulAmérica
3751,Davi Albuquerque,20,CE,Fortaleza,Hospital,Clínica Geral,Gastrite,2025-12-24,Masculino,Exame,Unimed
3752,Benjamin Silva,54,RJ,Niterói,Pronto-Socorro,Dermatologia,Ansiedade,2024-04-25,Feminino,Urgência,Amil
3753,Sr. Yuri Marques,21,PE,Recife,UBS,Endocrinologia,Consulta de rotina,2026-04-25,Masculino,Consulta,SulAmérica
3754,Brayan Gonçalves,87,MG,Contagem,Hospital,Oftalmologia,Lombalgia,2025-12-15,Masculino,Exame,SulAmérica
3755,Luiz Henrique Melo,20,PE,Recife,UPA,Pediatria,Ansiedade,2024-09-12,Masculino,Consulta,Unimed
3756,Zoe Duarte,37,PE,Caruaru,Laboratório,Endocrinologia,Asma,2025-04-07,Feminino,Retorno,SulAmérica
3757,Amanda Oliveira,48,SP,Santos,Centro Médico,Ginecologia,Colesterol elevado,2025-11-22,Feminino,Urgência,Particular
3758,Enzo Rocha,28,MG,Contagem,Centro Médico,Oftalmologia,Hipertensão,2023-08-20,Feminino,Exame,Amil
3759,Maria Luísa da Mota,28,SC,Blumenau,Clínica Particular,Pediatria,Alergia,2023-11-08,Feminino,Retorno,Bradesco Saúde
3760,Sr. Théo Carvalho,34,GO,Goiânia,Laboratório,Clínica Geral,Hipertensão,2025-11-06,Masculino,Retorno,Amil
3761,Srta. Mariane Melo,93,GO,Rio Verde,UPA,Oftalmologia,Ansiedade,2024-08-08,Masculino,Retorno,SulAmérica
3762,Gabriela Oliveira,8,MG,Uberlândia,Unidade de Saúde da Família,Ginecologia,Lombalgia,2024-12-05,Masculino,Exame,Particular
3763,Heitor Marques,56,CE,Fortaleza,Unidade de Saúde da Família,Clínica Geral,Ansiedade,2025-01-03,Masculino,Urgência,SulAmérica
3764,Srta. Isabelly da Mata,5,RJ,Niterói,Hospital,Ortopedia,Consulta de rotina,2025-01-03,Masculino,Urgência,Unimed
3765,Leandro da Cruz,59,GO,Goiânia,Laboratório,Psiquiatria,Alergia,2026-05-11,Masculino,Consulta,Amil
3766,Alexia Guerra,71,MG,Belo Horizonte,Clínica Particular,Ortopedia,Colesterol elevado,2025-04-23,Masculino,Consulta,SulAmérica
3767,José Miguel Nunes,74,GO,Aparecida de Goiânia,Laboratório,Psiquiatria,Infecção respiratória,2026-08-05,Masculino,Consulta,Unimed
3768,Sra. Anna Liz Pimenta,62,PR,Curitiba,UBS,Pediatria,Infecção respiratória,2025-03-11,Feminino,Consulta,Particular
3769,Maria Caldeira,19,SC,Joinville,Clínica Particular,Neurologia,Alergia,2024-06-17,Feminino,Retorno,Amil
3770,Davi Lucca Casa Grande,37,SP,Santos,Centro Médico,Neurologia,Asma,2025-11-25,Feminino,Retorno,Bradesco Saúde
3771,Léo Melo,52,MG,Belo Horizonte,Clínica Particular,Pediatria,Infecção respiratória,2024-12-28,Masculino,Consulta,SUS
3772,Henry Vasconcelos,38,PE,Recife,Pronto-Socorro,Oftalmologia,Asma,2024-11-14,Feminino,Urgência,Bradesco Saúde
3773,Danilo Borges,18,GO,Anápolis,Pronto-Socorro,Neurologia,Gastrite,2026-04-24,Masculino,Exame,SulAmérica
3774,Maria Flor Mendonça,34,SP,Ribeirão Preto,Unidade de Saúde da Família,Pediatria,Asma,2025-04-06,Feminino,Urgência,SUS
3775,Ian Lopes,28,BA,Ilhéus,Unidade de Saúde da Família,Endocrinologia,Alergia,2025-12-19,Feminino,Exame,Amil
3776,Calebe Porto,2,SC,Blumenau,Unidade de Saúde da Família,Clínica Geral,Colesterol elevado,2024-07-12,Feminino,Exame,Unimed
3777,Mirella da Cunha,59,CE,Sobral,Hospital,Oftalmologia,Diabetes,2025-07-21,Masculino,Exame,SUS
3778,Maria Fernanda Duarte,20,SC,Blumenau,Laboratório,Endocrinologia,Hipertensão,2024-09-13,Masculino,Retorno,Amil
3779,Brenda Freitas,33,RJ,Volta Redonda,UBS,Neurologia,Hipertensão,2025-07-20,Masculino,Urgência,SUS
3780,Melissa Vasconcelos,83,CE,Fortaleza,Laboratório,Clínica Geral,Lombalgia,2024-12-15,Feminino,Exame,Bradesco Saúde
3781,Lucas Sales,26,SC,Florianópolis,UBS,Oftalmologia,Gastrite,2023-11-17,Feminino,Exame,Bradesco Saúde
3782,Mathias Campos,19,BA,Salvador,Unidade de Saúde da Família,Psiquiatria,Artrite,2026-03-26,Masculino,Consulta,SUS
3783,Isadora Silva,72,RS,Caxias do Sul,Centro Médico,Ortopedia,Lombalgia,2025-10-26,Feminino,Consulta,Amil
3784,Dra. Milena Carvalho,74,SP,São Paulo,UBS,Psiquiatria,Artrite,2024-10-26,Feminino,Consulta,Bradesco Saúde
3785,João Ribeiro,90,CE,Fortaleza,UBS,Neurologia,Hipertensão,2023-12-28,Feminino,Exame,Particular
3786,Rodrigo Carvalho,6,BA,Feira de Santana,Unidade de Saúde da Família,Neurologia,Infecção urinária,2026-05-10,Masculino,Consulta,Amil
3787,Caroline Borges,37,RS,Porto Alegre,Clínica Particular,Ortopedia,Gastrite,2024-12-19,Feminino,Exame,Bradesco Saúde
3788,Diogo Araújo,90,PE,Petrolina,UPA,Dermatologia,Gastrite,2025-03-26,Masculino,Consulta,Unimed
3789,Vitor Hugo Abreu,5,RJ,Rio de Janeiro,Hospital,Clínica Geral,Infecção urinária,2024-08-12,Feminino,Consulta,Particular
3790,Heitor Sousa,4,CE,Juazeiro do Norte,UPA,Clínica Geral,Lombalgia,2023-09-18,Masculino,Retorno,Unimed
3791,Joana Montenegro,21,RS,Santa Maria,Clínica Particular,Psiquiatria,Infecção respiratória,2025-01-22,Masculino,Consulta,Particular
3792,Dra. Bruna Porto,47,MG,Contagem,Unidade de Saúde da Família,Dermatologia,Infecção urinária,2025-07-05,Feminino,Urgência,SulAmérica
3793,Vitor Hugo Fernandes,42,PR,Cascavel,Unidade de Saúde da Família,Dermatologia,Enxaqueca,2024-03-24,Masculino,Urgência,SUS
3794,Benjamim Camargo,86,PE,Caruaru,UPA,Clínica Geral,Enxaqueca,2025-06-27,Masculino,Exame,Unimed
3795,Thiago Gomes,93,RJ,Petrópolis,Clínica Particular,Neurologia,Enxaqueca,2023-11-04,Masculino,Urgência,Particular
3796,José Miguel Cavalcante,59,PR,Londrina,Clínica Particular,Neurologia,Colesterol elevado,2025-01-04,Feminino,Exame,SulAmérica
3797,Dra. Nicole Fernandes,49,GO,Rio Verde,UBS,Oftalmologia,Colesterol elevado,2024-04-29,Masculino,Urgência,Unimed
3798,Rael Gonçalves,59,CE,Fortaleza,Pronto-Socorro,Psiquiatria,Infecção urinária,2026-08-07,Masculino,Urgência,Bradesco Saúde
3799,Sarah Monteiro,67,RS,Santa Maria,UBS,Dermatologia,Enxaqueca,2024-03-11,Masculino,Consulta,SUS
3800,Srta. Alana Marques,22,BA,Ilhéus,Pronto-Socorro,Clínica Geral,Infecção urinária,2026-07-27,Feminino,Exame,Unimed
3801,Sr. Pietro Vargas,4,RS,Pelotas,Laboratório,Ortopedia,Infecção respiratória,2025-07-18,Feminino,Urgência,SUS
3802,Sr. Lorenzo Cavalcante,57,BA,Feira de Santana,UBS,Cardiologia,Ansiedade,2026-03-25,Masculino,Consulta,SulAmérica
3803,Ana Julia Nascimento,48,SP,São José dos Campos,UBS,Endocrinologia,Enxaqueca,2025-02-17,Feminino,Exame,Bradesco Saúde
3804,Maria Alice Santos,77,GO,Anápolis,Clínica Particular,Pediatria,Diabetes,2024-06-09,Masculino,Urgência,Bradesco Saúde
3805,Luiz Miguel Pires,65,PE,Recife,Clínica Particular,Clínica Geral,Dermatite,2025-09-06,Feminino,Retorno,SulAmérica
3806,Cecilia Carvalho,6,RS,Porto Alegre,UPA,Pediatria,Infecção urinária,2023-08-30,Feminino,Urgência,SUS
3807,Marcos Vinicius da Rosa,85,BA,Ilhéus,UPA,Clínica Geral,Lombalgia,2025-02-02,Feminino,Urgência,Bradesco Saúde
3808,Pietro Sampaio,71,MG,Contagem,UBS,Psiquiatria,Infecção respiratória,2024-07-11,Masculino,Urgência,Amil
3809,Apollo Castro,58,RS,Pelotas,Pronto-Socorro,Oftalmologia,Hipertensão,2026-05-29,Feminino,Retorno,Bradesco Saúde
3810,Pietra Moura,14,PR,Cascavel,Unidade de Saúde da Família,Endocrinologia,Ansiedade,2026-07-20,Feminino,Exame,SUS
3811,Larissa da Rosa,56,RJ,Petrópolis,UBS,Neurologia,Infecção respiratória,2025-01-06,Feminino,Urgência,Bradesco Saúde
3812,Anthony Gabriel Araújo,45,SP,Santos,UPA,Psiquiatria,Dermatite,2025-10-29,Masculino,Exame,Amil
3813,Dr. Lucas Gabriel Barros,76,PE,Petrolina,Unidade de Saúde da Família,Neurologia,Lombalgia,2025-10-31,Feminino,Urgência,Unimed
3814,Dr. Paulo Oliveira,58,SC,Blumenau,Pronto-Socorro,Cardiologia,Dor abdominal,2025-05-20,Feminino,Consulta,Particular
3815,Davi Lucca da Mata,93,GO,Aparecida de Goiânia,Clínica Particular,Oftalmologia,Ansiedade,2025-05-31,Masculino,Urgência,Bradesco Saúde
3816,Ian Vieira,90,PE,Olinda,Unidade de Saúde da Família,Ginecologia,Infecção urinária,2023-10-21,Masculino,Retorno,Unimed
3817,Bianca da Mota,67,PE,Olinda,Hospital,Cardiologia,Infecção respiratória,2025-05-17,Feminino,Urgência,Unimed
3818,Brenda Cavalcante,55,CE,Caucaia,Centro Médico,Oftalmologia,Diabetes,2023-10-16,Masculino,Urgência,Amil
3819,Nicolas Fogaça,18,SC,Chapecó,UPA,Ortopedia,Dermatite,2025-10-17,Masculino,Exame,Particular
3820,Ana Carolina Santos,79,PE,Caruaru,Pronto-Socorro,Endocrinologia,Hipertensão,2025-12-03,Feminino,Retorno,Particular
3821,Bruno Casa Grande,17,PE,Recife,UPA,Neurologia,Infecção urinária,2025-04-09,Feminino,Retorno,SUS
3822,Gael Sampaio,57,SP,Campinas,UPA,Neurologia,Diabetes,2026-03-11,Feminino,Retorno,Unimed
3823,Gabriel Moreira,46,RS,Santa Maria,Laboratório,Ortopedia,Dermatite,2026-05-03,Masculino,Consulta,SUS
3824,Ana Cecília Rocha,70,RJ,Niterói,Hospital,Neurologia,Artrite,2025-09-02,Masculino,Exame,Bradesco Saúde
3825,Maria da Paz,54,SP,Ribeirão Preto,UBS,Ginecologia,Asma,2025-05-21,Feminino,Urgência,Bradesco Saúde
3826,Sra. Amanda Borges,66,SC,Blumenau,Laboratório,Oftalmologia,Dor abdominal,2023-09-28,Feminino,Exame,Unimed
3827,Lunna Cavalcanti,67,RS,Porto Alegre,Hospital,Pediatria,Infecção urinária,2025-03-15,Masculino,Urgência,SUS
3828,Cecília Barros,85,RJ,Niterói,Laboratório,Oftalmologia,Consulta de rotina,2023-12-11,Masculino,Urgência,Bradesco Saúde
3829,Danilo Novais,76,RS,Santa Maria,Pronto-Socorro,Pediatria,Artrite,2024-04-17,Masculino,Urgência,Amil
3830,Dr. Ravi Lucca Araújo,20,SP,Santos,Hospital,Ortopedia,Diabetes,2026-05-09,Masculino,Retorno,Bradesco Saúde
3831,Srta. Luísa Almeida,12,SC,Chapecó,UPA,Ortopedia,Asma,2024-07-30,Masculino,Consulta,SUS
3832,Guilherme das Neves,67,PE,Petrolina,Laboratório,Dermatologia,Infecção respiratória,2025-03-16,Feminino,Exame,Bradesco Saúde
3833,Luna Aparecida,55,PE,Olinda,Centro Médico,Pediatria,Alergia,2023-11-03,Masculino,Exame,SulAmérica
3834,Beatriz Sousa,93,PE,Recife,Clínica Particular,Pediatria,Hipertensão,2024-08-14,Feminino,Exame,Bradesco Saúde
3835,Ravy da Mota,57,PR,Maringá,UBS,Clínica Geral,Gastrite,2025-05-04,Masculino,Retorno,SUS
3836,Bruna Cassiano,82,RS,Pelotas,Centro Médico,Neurologia,Dor abdominal,2024-10-10,Feminino,Exame,SUS
3837,Dra. Valentina Teixeira,58,PR,Londrina,Unidade de Saúde da Família,Clínica Geral,Hipertensão,2024-03-23,Feminino,Urgência,SUS
3838,Enzo Gabriel Mendes,91,BA,Vitória da Conquista,Unidade de Saúde da Família,Ortopedia,Hipertensão,2023-11-26,Masculino,Exame,SUS
3839,Srta. Carolina Albuquerque,71,MG,Uberlândia,Centro Médico,Neurologia,Ansiedade,2023-09-01,Masculino,Urgência,SulAmérica
3840,José Camargo,6,MG,Juiz de Fora,UPA,Ginecologia,Lombalgia,2026-08-12,Feminino,Urgência,Amil
3841,Paulo Jesus,75,SC,Joinville,Unidade de Saúde da Família,Neurologia,Infecção urinária,2024-11-28,Masculino,Urgência,Particular
3842,Aurora Siqueira,62,RJ,Volta Redonda,UBS,Ginecologia,Colesterol elevado,2025-09-08,Feminino,Urgência,Amil
3843,Evelyn Pereira,68,CE,Caucaia,Laboratório,Ginecologia,Gastrite,2025-12-16,Masculino,Urgência,Unimed
3844,Giovanna Fonseca,86,SC,Blumenau,Laboratório,Neurologia,Asma,2026-06-11,Masculino,Retorno,SUS
3845,Isabella Monteiro,89,MG,Belo Horizonte,UPA,Dermatologia,Artrite,2025-06-19,Feminino,Urgência,Bradesco Saúde
3846,Pedro Carvalho,4,CE,Sobral,Hospital,Oftalmologia,Ansiedade,2023-11-22,Masculino,Retorno,SulAmérica
3847,Aylla Ferreira,41,GO,Anápolis,Pronto-Socorro,Pediatria,Gastrite,2026-05-17,Feminino,Consulta,Amil
3848,Henrique Monteiro,82,PE,Recife,Centro Médico,Ortopedia,Hipertensão,2025-07-05,Masculino,Retorno,SulAmérica
3849,João Vitor da Mota,32,SP,Campinas,Hospital,Cardiologia,Dor abdominal,2025-03-19,Feminino,Consulta,Amil
3850,Larissa Ramos,32,MG,Uberlândia,Centro Médico,Oftalmologia,Artrite,2025-09-17,Masculino,Urgência,Bradesco Saúde
3851,Ana Júlia Albuquerque,70,RJ,Rio de Janeiro,Hospital,Cardiologia,Lombalgia,2026-04-26,Masculino,Retorno,Amil
3852,Lucca Martins,42,RS,Caxias do Sul,Laboratório,Neurologia,Hipertensão,2026-07-25,Masculino,Exame,Amil
3853,Vicente Cirino,10,MG,Contagem,Centro Médico,Oftalmologia,Lombalgia,2025-05-28,Feminino,Urgência,Amil
3854,Maria Helena Almeida,46,GO,Anápolis,Unidade de Saúde da Família,Ginecologia,Consulta de rotina,2026-02-17,Feminino,Urgência,Unimed
3855,Gael da Mota,42,SP,Santos,Clínica Particular,Oftalmologia,Infecção respiratória,2024-02-04,Masculino,Exame,Particular
3856,Aurora Lopes,37,RS,Pelotas,UBS,Endocrinologia,Dor abdominal,2025-12-27,Feminino,Retorno,SulAmérica
3857,Luara Jesus,95,BA,Feira de Santana,Centro Médico,Pediatria,Colesterol elevado,2024-03-20,Masculino,Exame,SulAmérica
3858,Liam Castro,10,SC,Joinville,Laboratório,Ginecologia,Diabetes,2026-08-15,Masculino,Retorno,Particular
3859,Lunna Viana,63,RS,Pelotas,Pronto-Socorro,Dermatologia,Lombalgia,2025-08-04,Masculino,Consulta,SUS
3860,Gustavo Rios,61,SP,Campinas,Laboratório,Psiquiatria,Ansiedade,2024-07-07,Feminino,Exame,SUS
3861,Luara Vargas,94,SP,São José dos Campos,UPA,Dermatologia,Hipertensão,2025-07-18,Masculino,Urgência,SulAmérica
3862,Francisco Fonseca,93,PR,Londrina,UBS,Pediatria,Asma,2025-11-24,Feminino,Urgência,Particular
3863,Enzo Costela,56,MG,Uberlândia,Clínica Particular,Dermatologia,Infecção urinária,2026-05-07,Masculino,Urgência,Particular
3864,João Guilherme Sampaio,71,MG,Belo Horizonte,Hospital,Ginecologia,Asma,2025-11-19,Masculino,Urgência,Amil
3865,Sr. Bryan Lima,75,GO,Anápolis,Hospital,Clínica Geral,Enxaqueca,2024-09-03,Feminino,Urgência,Particular
3866,Bernardo Pimenta,20,MG,Uberlândia,Centro Médico,Dermatologia,Gastrite,2024-06-02,Masculino,Consulta,Bradesco Saúde
3867,João Gabriel Nascimento,15,GO,Goiânia,Clínica Particular,Dermatologia,Asma,2025-06-17,Masculino,Urgência,Bradesco Saúde
3868,Ana Julia Mendonça,9,BA,Ilhéus,Clínica Particular,Ortopedia,Consulta de rotina,2025-05-26,Feminino,Retorno,Amil
3869,Srta. Hadassa Porto,12,PE,Petrolina,UPA,Neurologia,Dor abdominal,2023-09-29,Feminino,Retorno,Particular
3870,Benicio Gonçalves,4,RJ,Niterói,UPA,Psiquiatria,Diabetes,2025-10-13,Masculino,Consulta,SUS
3871,Rafaela Macedo,38,SP,São Paulo,Pronto-Socorro,Endocrinologia,Hipertensão,2025-06-01,Masculino,Consulta,Bradesco Saúde
3872,Arthur Miguel Barbosa,75,SC,Florianópolis,Laboratório,Oftalmologia,Enxaqueca,2026-04-08,Feminino,Retorno,SUS
3873,Hadassa Costela,87,RJ,Rio de Janeiro,Hospital,Endocrinologia,Infecção respiratória,2026-06-11,Masculino,Retorno,SUS
3874,Henry Ferreira,72,BA,Ilhéus,Clínica Particular,Cardiologia,Alergia,2025-11-13,Masculino,Retorno,Amil
3875,Beatriz Gomes,7,PE,Petrolina,Pronto-Socorro,Cardiologia,Ansiedade,2025-05-26,Feminino,Consulta,Particular
3876,Dr. Henry Gabriel Vargas,80,PR,Curitiba,UBS,Endocrinologia,Colesterol elevado,2026-05-22,Feminino,Urgência,Particular
3877,Bryan Pinto,15,BA,Salvador,Clínica Particular,Ortopedia,Colesterol elevado,2025-03-14,Masculino,Consulta,SUS
3878,Benjamim Novais,76,RS,Pelotas,Centro Médico,Oftalmologia,Hipertensão,2024-09-18,Feminino,Consulta,Unimed
3879,Alícia Cavalcante,51,SC,Chapecó,Centro Médico,Clínica Geral,Dermatite,2025-09-10,Feminino,Exame,Unimed
3880,Dante Costela,91,MG,Juiz de Fora,Unidade de Saúde da Família,Pediatria,Dor abdominal,2024-04-12,Masculino,Exame,SulAmérica
3881,Camila Moura,51,PR,Curitiba,Hospital,Ortopedia,Infecção urinária,2024-04-11,Feminino,Consulta,Particular
3882,Ian Borges,89,SP,Santos,Unidade de Saúde da Família,Clínica Geral,Dor abdominal,2023-12-05,Feminino,Retorno,Particular
3883,Cecília Moraes,60,PE,Petrolina,Hospital,Clínica Geral,Lombalgia,2025-10-23,Feminino,Exame,Bradesco Saúde
3884,Lunna da Paz,88,PE,Petrolina,Clínica Particular,Pediatria,Colesterol elevado,2024-05-09,Masculino,Retorno,SulAmérica
3885,Kamilly Castro,4,CE,Fortaleza,Unidade de Saúde da Família,Cardiologia,Asma,2024-04-03,Feminino,Consulta,Particular
3886,Sofia Teixeira,9,GO,Rio Verde,Pronto-Socorro,Clínica Geral,Artrite,2024-09-06,Feminino,Retorno,SUS
3887,Letícia Martins,39,MG,Uberlândia,Clínica Particular,Clínica Geral,Colesterol elevado,2024-06-28,Feminino,Urgência,Bradesco Saúde
3888,Samuel Novais,37,CE,Juazeiro do Norte,Clínica Particular,Psiquiatria,Ansiedade,2024-01-09,Masculino,Retorno,Amil
3889,Henrique Marques,74,BA,Salvador,Unidade de Saúde da Família,Pediatria,Infecção respiratória,2025-05-13,Feminino,Retorno,SulAmérica
3890,Henrique Aparecida,36,BA,Vitória da Conquista,Centro Médico,Ginecologia,Dermatite,2025-05-01,Masculino,Retorno,Bradesco Saúde
3891,Carolina Vasconcelos,4,RJ,Volta Redonda,Clínica Particular,Dermatologia,Artrite,2026-04-03,Masculino,Retorno,Amil
3892,Mathias da Mota,71,CE,Caucaia,Unidade de Saúde da Família,Ortopedia,Gastrite,2024-03-15,Masculino,Retorno,SUS
3893,Sra. Cecília Souza,5,SC,Florianópolis,Pronto-Socorro,Ortopedia,Gastrite,2026-02-28,Feminino,Exame,Unimed
3894,Ágatha Vieira,53,SC,Blumenau,Laboratório,Dermatologia,Artrite,2024-08-11,Feminino,Exame,SulAmérica
3895,Srta. Sarah Barros,51,RS,Porto Alegre,Clínica Particular,Neurologia,Colesterol elevado,2026-01-03,Masculino,Retorno,Particular
3896,Yago Pastor,14,PE,Olinda,Unidade de Saúde da Família,Ginecologia,Lombalgia,2024-05-26,Masculino,Exame,Amil
3897,Milena da Cunha,16,PE,Recife,Pronto-Socorro,Ginecologia,Artrite,2023-11-04,Feminino,Consulta,Bradesco Saúde
3898,Arthur Mendes,35,RJ,Rio de Janeiro,Pronto-Socorro,Cardiologia,Lombalgia,2024-06-14,Feminino,Retorno,Bradesco Saúde
3899,Matheus Caldeira,92,RJ,Petrópolis,Clínica Particular,Oftalmologia,Ansiedade,2024-10-10,Masculino,Consulta,Amil
3900,Pietra Jesus,16,SC,Chapecó,UBS,Dermatologia,Gastrite,2025-04-13,Masculino,Retorno,Amil
3901,Sarah Rodrigues,67,RJ,Rio de Janeiro,UPA,Oftalmologia,Asma,2024-01-15,Masculino,Urgência,Unimed
3902,Raul da Mota,49,BA,Vitória da Conquista,Centro Médico,Dermatologia,Infecção respiratória,2026-02-02,Feminino,Retorno,Amil
3903,Ana Lívia Silveira,30,SC,Blumenau,Unidade de Saúde da Família,Neurologia,Diabetes,2024-07-05,Feminino,Consulta,SUS
3904,Ana Vitória Camargo,81,RS,Pelotas,Centro Médico,Dermatologia,Lombalgia,2024-07-15,Feminino,Exame,Amil
3905,Igor Pinto,30,SP,São Paulo,Hospital,Cardiologia,Diabetes,2024-12-28,Feminino,Retorno,SUS
3906,Ana Beatriz Albuquerque,29,CE,Caucaia,Laboratório,Psiquiatria,Alergia,2026-05-04,Feminino,Retorno,SulAmérica
3907,Dra. Eloá Guerra,27,RJ,Volta Redonda,Laboratório,Endocrinologia,Dor abdominal,2026-06-22,Feminino,Consulta,Bradesco Saúde
3908,Zoe Nascimento,3,BA,Ilhéus,Clínica Particular,Dermatologia,Hipertensão,2023-11-02,Masculino,Exame,SulAmérica
3909,Srta. Daniela Aparecida,70,BA,Salvador,UBS,Cardiologia,Dor abdominal,2025-03-06,Feminino,Urgência,Particular
3910,Anthony Cunha,68,PR,Maringá,Pronto-Socorro,Endocrinologia,Enxaqueca,2025-10-05,Masculino,Exame,Amil
3911,Dom Aparecida,89,SP,São Paulo,Laboratório,Pediatria,Colesterol elevado,2023-10-11,Feminino,Urgência,SulAmérica
3912,Maria Flor Rocha,91,GO,Anápolis,UBS,Dermatologia,Colesterol elevado,2024-06-08,Masculino,Urgência,Unimed
3913,Nicole Fernandes,55,RS,Santa Maria,Centro Médico,Dermatologia,Infecção respiratória,2023-11-18,Masculino,Exame,SulAmérica
3914,Felipe Fonseca,17,BA,Ilhéus,Unidade de Saúde da Família,Ginecologia,Infecção respiratória,2024-06-16,Masculino,Consulta,Particular
3915,Aylla Rodrigues,83,PE,Recife,Unidade de Saúde da Família,Ortopedia,Enxaqueca,2025-08-16,Feminino,Exame,Bradesco Saúde
3916,Felipe Fernandes,75,RS,Pelotas,UPA,Ortopedia,Lombalgia,2024-01-17,Masculino,Exame,SulAmérica
3917,Sr. Renan Borges,21,PR,Londrina,Laboratório,Dermatologia,Ansiedade,2026-01-25,Feminino,Consulta,SulAmérica
3918,Srta. Jade Sampaio,12,SP,São Paulo,Unidade de Saúde da Família,Clínica Geral,Alergia,2024-10-29,Masculino,Retorno,SulAmérica
3919,Yasmin Siqueira,82,GO,Anápolis,Centro Médico,Neurologia,Gastrite,2025-11-30,Masculino,Retorno,Particular
3920,Ana Farias,72,RS,Pelotas,Pronto-Socorro,Cardiologia,Asma,2026-08-16,Feminino,Retorno,SulAmérica
3921,Ana Clara Almeida,92,PR,Maringá,Centro Médico,Pediatria,Colesterol elevado,2023-09-18,Masculino,Retorno,Amil
3922,Alícia Novaes,92,MG,Contagem,Centro Médico,Oftalmologia,Infecção urinária,2026-02-14,Feminino,Consulta,SulAmérica
3923,Luan Correia,18,PR,Curitiba,Laboratório,Ginecologia,Gastrite,2025-02-08,Feminino,Exame,SulAmérica
3924,Maria Helena Siqueira,11,CE,Fortaleza,Centro Médico,Endocrinologia,Artrite,2026-02-09,Masculino,Consulta,Bradesco Saúde
3925,Nicole Nogueira,87,CE,Fortaleza,Pronto-Socorro,Cardiologia,Ansiedade,2025-04-01,Masculino,Exame,SulAmérica
3926,Evelyn Jesus,15,GO,Goiânia,Laboratório,Cardiologia,Diabetes,2025-09-16,Feminino,Exame,Unimed
3927,Manuella Dias,92,RS,Santa Maria,UBS,Cardiologia,Consulta de rotina,2024-06-20,Masculino,Consulta,Bradesco Saúde
3928,Mariah Silveira,39,CE,Juazeiro do Norte,UPA,Dermatologia,Dermatite,2023-08-18,Feminino,Retorno,SulAmérica
3929,Emilly Casa Grande,91,SC,Blumenau,UPA,Ortopedia,Alergia,2024-10-20,Feminino,Urgência,Bradesco Saúde
3930,Maria Vitória Pinto,1,CE,Sobral,Hospital,Neurologia,Artrite,2026-05-14,Masculino,Retorno,Unimed
3931,Emilly Leão,43,PR,Londrina,UBS,Pediatria,Diabetes,2024-01-04,Masculino,Retorno,SUS
3932,Juliana Vargas,74,PE,Petrolina,Hospital,Psiquiatria,Gastrite,2024-08-27,Feminino,Exame,SulAmérica
3933,Dra. Júlia Fernandes,70,SP,Campinas,Laboratório,Ginecologia,Ansiedade,2025-07-09,Masculino,Retorno,Bradesco Saúde
3934,Bárbara Siqueira,9,BA,Ilhéus,Laboratório,Dermatologia,Gastrite,2025-05-29,Masculino,Consulta,SulAmérica
3935,Ana Liz da Cruz,25,SP,São Paulo,Unidade de Saúde da Família,Clínica Geral,Dermatite,2024-08-27,Masculino,Exame,Particular
3936,Manuela Cavalcanti,67,PR,Cascavel,Hospital,Endocrinologia,Infecção urinária,2025-10-19,Feminino,Exame,Bradesco Saúde
3937,Yuri Pinto,5,PR,Londrina,Unidade de Saúde da Família,Clínica Geral,Consulta de rotina,2026-06-07,Masculino,Urgência,Bradesco Saúde
3938,Laís Cunha,87,RS,Caxias do Sul,Laboratório,Neurologia,Asma,2024-09-23,Feminino,Exame,Amil
3939,Dr. Bruno Caldeira,45,MG,Contagem,Hospital,Neurologia,Colesterol elevado,2024-04-19,Feminino,Urgência,Unimed
3940,Raquel Vieira,57,PE,Caruaru,UPA,Oftalmologia,Alergia,2024-03-29,Feminino,Urgência,SulAmérica
3941,Sra. Clarice Santos,77,RS,Porto Alegre,UPA,Endocrinologia,Diabetes,2024-07-15,Feminino,Urgência,Amil
3942,Maitê da Rocha,1,CE,Juazeiro do Norte,Hospital,Ortopedia,Enxaqueca,2025-10-09,Feminino,Retorno,SUS
3943,Pedro Novais,56,SP,Campinas,UPA,Oftalmologia,Consulta de rotina,2025-02-02,Masculino,Consulta,SUS
3944,João Pedro Cassiano,85,MG,Contagem,Pronto-Socorro,Ginecologia,Infecção respiratória,2024-02-13,Feminino,Exame,SUS
3945,Valentim Novais,79,PR,Curitiba,Hospital,Neurologia,Colesterol elevado,2026-06-14,Feminino,Consulta,SulAmérica
3946,Dr. Enzo Gabriel Pereira,43,PE,Olinda,UBS,Oftalmologia,Artrite,2025-02-06,Feminino,Retorno,SulAmérica
3947,Dr. Bernardo Ribeiro,60,MG,Juiz de Fora,Laboratório,Neurologia,Lombalgia,2026-05-29,Masculino,Retorno,Unimed
3948,Elisa Rocha,62,SC,Joinville,Hospital,Clínica Geral,Asma,2024-02-04,Feminino,Retorno,Amil
3949,Lucca Mendonça,25,PE,Olinda,UPA,Neurologia,Gastrite,2025-06-22,Masculino,Retorno,Unimed
3950,Ana Liz Araújo,69,MG,Uberlândia,Centro Médico,Oftalmologia,Infecção respiratória,2024-11-10,Masculino,Exame,SUS
3951,Vitor Gabriel Moreira,87,PR,Cascavel,UPA,Pediatria,Lombalgia,2025-07-04,Masculino,Consulta,Particular
3952,Pietro Freitas,92,PR,Londrina,Unidade de Saúde da Família,Clínica Geral,Hipertensão,2026-08-01,Feminino,Retorno,SulAmérica
3953,Nathan Araújo,5,PR,Maringá,Clínica Particular,Neurologia,Hipertensão,2023-12-16,Feminino,Retorno,SUS
3954,Dra. Maria Júlia Farias,88,PR,Londrina,UBS,Endocrinologia,Ansiedade,2026-02-15,Masculino,Urgência,Unimed
3955,Vicente Rocha,17,PE,Recife,Centro Médico,Neurologia,Ansiedade,2023-08-25,Masculino,Urgência,Amil
3956,Elisa Aragão,13,PR,Cascavel,Centro Médico,Cardiologia,Alergia,2023-12-25,Feminino,Exame,Bradesco Saúde
3957,Lorena Moura,38,SP,Ribeirão Preto,Centro Médico,Ginecologia,Enxaqueca,2025-09-30,Feminino,Retorno,Particular
3958,Emanuelly Machado,86,BA,Ilhéus,Clínica Particular,Neurologia,Consulta de rotina,2026-02-03,Masculino,Exame,Unimed
3959,Stella Andrade,27,SP,Santos,UPA,Neurologia,Dor abdominal,2024-12-13,Feminino,Urgência,Bradesco Saúde
3960,Alexia Fogaça,93,PR,Maringá,UPA,Endocrinologia,Artrite,2026-06-25,Masculino,Consulta,SUS
3961,Dom Nogueira,79,GO,Rio Verde,Unidade de Saúde da Família,Endocrinologia,Dermatite,2024-03-28,Masculino,Retorno,Particular
3962,Matteo Cassiano,31,BA,Salvador,UPA,Cardiologia,Consulta de rotina,2023-10-19,Feminino,Exame,Unimed
3963,Enzo Gabriel Moura,88,BA,Salvador,Hospital,Pediatria,Lombalgia,2024-07-31,Masculino,Exame,Amil
3964,Ágatha Abreu,82,PE,Petrolina,Hospital,Oftalmologia,Infecção urinária,2024-01-20,Feminino,Retorno,Unimed
3965,Bella Barbosa,61,CE,Sobral,UBS,Dermatologia,Dermatite,2026-07-05,Feminino,Retorno,SUS
3966,Nicolas da Costa,93,SC,Blumenau,UBS,Clínica Geral,Dor abdominal,2026-02-03,Feminino,Retorno,Unimed
3967,Sofia Rezende,49,MG,Contagem,UPA,Pediatria,Diabetes,2024-12-23,Feminino,Urgência,Bradesco Saúde
3968,Ana Beatriz Novaes,87,PE,Olinda,Unidade de Saúde da Família,Dermatologia,Dor abdominal,2025-02-28,Feminino,Retorno,Bradesco Saúde
3969,Luiza Montenegro,79,GO,Anápolis,Centro Médico,Psiquiatria,Enxaqueca,2024-09-16,Masculino,Retorno,Bradesco Saúde
3970,Sra. Isabelly Gomes,42,GO,Anápolis,Pronto-Socorro,Oftalmologia,Lombalgia,2024-09-01,Feminino,Urgência,SUS
3971,Joaquim Nogueira,8,RJ,Volta Redonda,Unidade de Saúde da Família,Ortopedia,Hipertensão,2025-10-21,Masculino,Retorno,SulAmérica
3972,Sr. Davi Miguel Camargo,85,RJ,Rio de Janeiro,UPA,Neurologia,Dor abdominal,2024-09-05,Feminino,Exame,SUS
3973,Aurora da Costa,95,MG,Juiz de Fora,Laboratório,Neurologia,Dor abdominal,2026-03-09,Masculino,Retorno,SulAmérica
3974,João Guilherme Cardoso,65,PR,Maringá,Unidade de Saúde da Família,Dermatologia,Consulta de rotina,2026-02-15,Masculino,Consulta,Amil
3975,Clarice Rodrigues,13,PE,Recife,UBS,Clínica Geral,Consulta de rotina,2024-06-16,Masculino,Urgência,Bradesco Saúde
3976,Dr. Gustavo Melo,51,SC,Chapecó,Hospital,Neurologia,Dor abdominal,2026-04-17,Masculino,Exame,Unimed
3977,Lavínia Souza,72,RS,Santa Maria,Clínica Particular,Neurologia,Artrite,2025-09-15,Feminino,Urgência,SulAmérica
3978,Maria Isis Castro,62,RS,Porto Alegre,Laboratório,Clínica Geral,Colesterol elevado,2026-05-11,Masculino,Retorno,Amil
3979,Ana Laura Borges,38,RJ,Volta Redonda,Centro Médico,Endocrinologia,Diabetes,2024-06-28,Masculino,Urgência,Unimed
3980,Dr. Lucca Garcia,92,CE,Caucaia,Pronto-Socorro,Oftalmologia,Gastrite,2025-08-02,Feminino,Urgência,Amil
3981,Dr. Arthur Gabriel Barbosa,70,PR,Londrina,Unidade de Saúde da Família,Endocrinologia,Ansiedade,2024-10-16,Masculino,Urgência,SUS
3982,Sofia Farias,85,SC,Florianópolis,Centro Médico,Oftalmologia,Gastrite,2024-06-28,Feminino,Consulta,Bradesco Saúde
3983,Gustavo da Cruz,70,PR,Cascavel,Pronto-Socorro,Neurologia,Alergia,2023-10-07,Masculino,Retorno,Amil
3984,Lara Peixoto,34,RS,Caxias do Sul,Centro Médico,Clínica Geral,Consulta de rotina,2025-11-26,Feminino,Urgência,Bradesco Saúde
3985,Davi Gomes,51,PR,Curitiba,UPA,Ginecologia,Hipertensão,2024-12-04,Masculino,Retorno,Particular
3986,Isabel Novais,36,SC,Chapecó,Laboratório,Psiquiatria,Infecção urinária,2025-02-17,Masculino,Urgência,SUS
3987,Ana Vitória Vasconcelos,46,RS,Caxias do Sul,Pronto-Socorro,Endocrinologia,Gastrite,2026-06-28,Feminino,Retorno,Particular
3988,Ana Júlia Porto,88,MG,Belo Horizonte,Centro Médico,Oftalmologia,Hipertensão,2025-03-19,Masculino,Exame,Particular
3989,Sra. Raquel Brito,70,SP,São José dos Campos,Hospital,Ortopedia,Lombalgia,2024-08-16,Feminino,Exame,Bradesco Saúde
3990,Arthur Nogueira,55,RS,Santa Maria,Hospital,Dermatologia,Consulta de rotina,2025-11-05,Masculino,Retorno,Amil
3991,Sr. Fernando Rezende,57,PE,Caruaru,Pronto-Socorro,Neurologia,Gastrite,2024-07-23,Masculino,Consulta,Amil
3992,Josué da Conceição,23,RJ,Niterói,UBS,Ginecologia,Hipertensão,2024-01-01,Masculino,Exame,SulAmérica
3993,Anthony Pereira,71,BA,Vitória da Conquista,Laboratório,Endocrinologia,Asma,2025-01-20,Masculino,Consulta,Particular
3994,João Pedro Camargo,41,RS,Porto Alegre,Clínica Particular,Ortopedia,Dor abdominal,2025-07-17,Feminino,Retorno,Bradesco Saúde
3995,Apollo Correia,1,PE,Petrolina,UBS,Ortopedia,Artrite,2025-10-22,Feminino,Urgência,SulAmérica
3996,Stella Vasconcelos,22,SP,São Paulo,Centro Médico,Neurologia,Dor abdominal,2024-09-11,Masculino,Consulta,Particular
3997,Sr. Levi Aparecida,38,RJ,Niterói,Centro Médico,Neurologia,Diabetes,2026-06-13,Masculino,Urgência,Bradesco Saúde
3998,Sra. Isabella Câmara,84,SP,Ribeirão Preto,UBS,Psiquiatria,Enxaqueca,2026-06-21,Masculino,Retorno,Amil
3999,Hellena Teixeira,46,BA,Salvador,Centro Médico,Cardiologia,Consulta de rotina,2024-12-10,Masculino,Retorno,Bradesco Saúde
4000,Isadora Machado,11,PE,Petrolina,Laboratório,Neurologia,Diabetes,2026-06-30,Feminino,Consulta,Bradesco Saúde
4001,Maria Isis Almeida,79,SP,Santos,UPA,Psiquiatria,Dermatite,2025-03-06,Masculino,Retorno,Bradesco Saúde
4002,Antony Cavalcante,63,BA,Salvador,UBS,Psiquiatria,Gastrite,2023-09-28,Masculino,Retorno,Bradesco Saúde
4003,Emanuel Montenegro,18,PR,Londrina,UBS,Ortopedia,Enxaqueca,2025-05-26,Feminino,Retorno,SUS
4004,Ísis Barbosa,34,SP,São José dos Campos,Hospital,Clínica Geral,Dermatite,2026-07-27,Masculino,Exame,SulAmérica
4005,Lívia Sá,64,RJ,Volta Redonda,Centro Médico,Endocrinologia,Artrite,2024-07-02,Feminino,Exame,SUS
4006,Aurora Araújo,70,CE,Juazeiro do Norte,Hospital,Oftalmologia,Gastrite,2025-02-09,Masculino,Consulta,SulAmérica
4007,Pedro Lucas Sales,95,MG,Contagem,UPA,Clínica Geral,Infecção urinária,2023-12-09,Masculino,Consulta,Amil
4008,Henry Costela,10,GO,Anápolis,Laboratório,Ginecologia,Alergia,2023-08-21,Masculino,Retorno,Particular
4009,Sr. Joaquim Ferreira,7,RJ,Volta Redonda,UBS,Endocrinologia,Diabetes,2025-06-08,Masculino,Retorno,SulAmérica
4010,Ian Marques,26,PR,Londrina,Hospital,Pediatria,Lombalgia,2023-12-21,Feminino,Exame,Bradesco Saúde
4011,Maria Luísa Campos,55,MG,Belo Horizonte,UPA,Ortopedia,Diabetes,2025-06-17,Feminino,Urgência,Bradesco Saúde
4012,Enrico Vieira,3,PE,Recife,Laboratório,Cardiologia,Consulta de rotina,2025-01-21,Feminino,Consulta,Unimed
4013,Isabel Azevedo,45,BA,Salvador,UPA,Cardiologia,Diabetes,2024-05-06,Masculino,Consulta,SUS
4014,Dra. Maria Cecília das Neves,67,PE,Recife,UBS,Oftalmologia,Colesterol elevado,2024-06-15,Feminino,Consulta,SulAmérica
4015,Leonardo Casa Grande,33,SC,Florianópolis,Pronto-Socorro,Oftalmologia,Dermatite,2025-09-07,Masculino,Consulta,SulAmérica
4016,Isabela Guerra,14,GO,Rio Verde,Pronto-Socorro,Clínica Geral,Colesterol elevado,2024-03-17,Masculino,Urgência,Amil
4017,João Felipe Pires,34,GO,Anápolis,Pronto-Socorro,Psiquiatria,Ansiedade,2026-02-15,Feminino,Consulta,Amil
4018,Evelyn Sales,88,SP,São José dos Campos,Centro Médico,Endocrinologia,Hipertensão,2023-11-17,Feminino,Retorno,SulAmérica
4019,Dr. Caleb da Cunha,44,CE,Juazeiro do Norte,Laboratório,Oftalmologia,Consulta de rotina,2026-06-24,Masculino,Urgência,Bradesco Saúde
4020,Paulo Sá,34,SP,Ribeirão Preto,UPA,Psiquiatria,Enxaqueca,2024-12-13,Masculino,Urgência,SUS
4021,Levi Fernandes,38,GO,Goiânia,Centro Médico,Neurologia,Ansiedade,2026-03-21,Feminino,Exame,SUS
4022,Rael Nunes,87,BA,Feira de Santana,Pronto-Socorro,Neurologia,Gastrite,2023-09-06,Feminino,Consulta,Bradesco Saúde
4023,Miguel Carvalho,6,BA,Feira de Santana,UBS,Oftalmologia,Dermatite,2026-02-14,Feminino,Exame,SUS
4024,Sr. Antônio Sampaio,16,SC,Chapecó,Unidade de Saúde da Família,Dermatologia,Infecção urinária,2024-10-10,Feminino,Urgência,Bradesco Saúde
4025,Samuel Cavalcante,88,SP,Campinas,Laboratório,Pediatria,Consulta de rotina,2026-03-07,Feminino,Exame,Particular
4026,Benjamim Machado,50,RJ,Volta Redonda,UPA,Endocrinologia,Gastrite,2023-10-17,Feminino,Consulta,SUS
4027,Caroline Jesus,35,RS,Caxias do Sul,Laboratório,Endocrinologia,Consulta de rotina,2023-12-28,Feminino,Exame,SulAmérica
4028,Olívia Lopes,51,SP,São Paulo,Centro Médico,Oftalmologia,Infecção respiratória,2026-08-15,Feminino,Exame,SulAmérica
4029,Dra. Melina Azevedo,21,RS,Porto Alegre,UBS,Ginecologia,Dermatite,2024-12-26,Feminino,Retorno,SUS
4030,Lucas Gabriel da Costa,42,RJ,Niterói,UPA,Dermatologia,Infecção respiratória,2023-08-28,Masculino,Urgência,SUS
4031,Diogo Moura,5,BA,Ilhéus,Hospital,Endocrinologia,Lombalgia,2025-09-18,Feminino,Exame,Particular
4032,Liz Barros,14,CE,Caucaia,Centro Médico,Clínica Geral,Lombalgia,2025-02-07,Masculino,Consulta,SulAmérica
4033,João Miguel da Cruz,43,BA,Feira de Santana,Clínica Particular,Cardiologia,Dor abdominal,2025-12-04,Masculino,Urgência,Unimed
4034,Ana Julia Mendes,43,PE,Recife,Clínica Particular,Dermatologia,Infecção urinária,2024-10-07,Masculino,Retorno,SUS
4035,Isis Mendonça,1,MG,Belo Horizonte,UBS,Pediatria,Ansiedade,2023-11-17,Feminino,Urgência,SulAmérica
4036,Dr. Vinicius Costa,36,PR,Curitiba,UBS,Dermatologia,Dermatite,2024-10-11,Masculino,Exame,Bradesco Saúde
4037,Isabelly Rodrigues,89,PR,Maringá,Clínica Particular,Neurologia,Ansiedade,2023-12-13,Feminino,Retorno,SulAmérica
4038,Heloísa Mendes,20,RS,Porto Alegre,UBS,Cardiologia,Gastrite,2024-02-22,Masculino,Retorno,Particular
4039,Nina Oliveira,80,PR,Cascavel,UBS,Endocrinologia,Diabetes,2026-07-18,Masculino,Consulta,SulAmérica
4040,Sr. João Guilherme Monteiro,20,GO,Rio Verde,Pronto-Socorro,Pediatria,Gastrite,2024-04-28,Feminino,Exame,Bradesco Saúde
4041,Laís Sampaio,28,GO,Rio Verde,Centro Médico,Ginecologia,Artrite,2025-08-14,Feminino,Exame,Unimed
4042,André Câmara,54,BA,Feira de Santana,Clínica Particular,Dermatologia,Artrite,2024-07-25,Masculino,Retorno,SulAmérica
4043,José Miguel Lima,41,CE,Caucaia,Pronto-Socorro,Dermatologia,Asma,2024-04-13,Masculino,Retorno,SulAmérica
4044,Mirella Rezende,42,BA,Feira de Santana,UBS,Cardiologia,Ansiedade,2024-10-18,Feminino,Retorno,Bradesco Saúde
4045,Vicente Almeida,6,SP,Santos,Clínica Particular,Dermatologia,Lombalgia,2024-10-26,Feminino,Retorno,Bradesco Saúde
4046,Heloisa Novais,66,SC,Joinville,Unidade de Saúde da Família,Pediatria,Hipertensão,2024-11-06,Feminino,Exame,Amil
4047,Heloisa Rezende,49,CE,Sobral,Laboratório,Clínica Geral,Artrite,2024-08-12,Masculino,Exame,Unimed
4048,Isis Fonseca,11,BA,Ilhéus,UPA,Clínica Geral,Infecção urinária,2026-01-15,Feminino,Urgência,SUS
4049,Srta. Jade Cavalcante,92,RJ,Niterói,Laboratório,Endocrinologia,Lombalgia,2025-10-07,Masculino,Consulta,Unimed
4050,Heitor da Conceição,17,MG,Contagem,UBS,Clínica Geral,Alergia,2026-07-22,Feminino,Consulta,Unimed
4051,Rafaela Rios,1,RS,Caxias do Sul,UBS,Clínica Geral,Colesterol elevado,2026-01-31,Feminino,Consulta,Unimed
4052,Mathias Cunha,19,RS,Pelotas,Laboratório,Dermatologia,Lombalgia,2024-01-06,Feminino,Urgência,Unimed
4053,Allana Campos,9,PR,Londrina,Unidade de Saúde da Família,Cardiologia,Colesterol elevado,2026-07-17,Masculino,Urgência,SUS
4054,Luiz Fernando Silveira,36,PR,Londrina,Unidade de Saúde da Família,Pediatria,Consulta de rotina,2026-06-29,Feminino,Exame,Particular
4055,Vinícius Aparecida,6,RJ,Rio de Janeiro,Clínica Particular,Dermatologia,Dor abdominal,2026-08-14,Feminino,Urgência,Bradesco Saúde
4056,Erick Viana,47,GO,Rio Verde,Centro Médico,Endocrinologia,Asma,2025-04-21,Feminino,Consulta,SulAmérica
4057,Helena Barbosa,61,SC,Florianópolis,Laboratório,Clínica Geral,Asma,2023-09-13,Masculino,Consulta,Unimed
4058,Dr. Kevin Garcia,64,GO,Aparecida de Goiânia,Pronto-Socorro,Ortopedia,Alergia,2026-03-08,Feminino,Retorno,Bradesco Saúde
4059,Sofia Gonçalves,37,MG,Contagem,Hospital,Ortopedia,Dor abdominal,2024-08-09,Masculino,Retorno,SUS
4060,Evelyn Casa Grande,78,MG,Uberlândia,Centro Médico,Dermatologia,Artrite,2026-05-07,Masculino,Exame,Particular
4061,Lavínia Novaes,27,RS,Santa Maria,UBS,Dermatologia,Asma,2026-06-21,Masculino,Exame,Bradesco Saúde
4062,Srta. Cecilia Siqueira,59,CE,Juazeiro do Norte,Unidade de Saúde da Família,Neurologia,Enxaqueca,2026-05-01,Masculino,Exame,Particular
4063,Rodrigo da Mata,50,PR,Cascavel,Laboratório,Ginecologia,Gastrite,2025-07-04,Masculino,Consulta,SulAmérica
4064,João Miguel Carvalho,92,CE,Sobral,UPA,Pediatria,Dermatite,2025-06-26,Masculino,Consulta,SUS
4065,Alice Carvalho,16,SC,Joinville,Clínica Particular,Endocrinologia,Gastrite,2023-10-25,Masculino,Exame,Bradesco Saúde
4066,Luísa Cardoso,18,RS,Santa Maria,Laboratório,Dermatologia,Asma,2024-07-31,Masculino,Retorno,SUS
4067,Eduardo Montenegro,93,SP,Santos,Centro Médico,Psiquiatria,Dermatite,2024-12-29,Feminino,Retorno,SulAmérica
4068,Maria Eduarda Fogaça,52,SP,Ribeirão Preto,Laboratório,Clínica Geral,Ansiedade,2026-05-29,Feminino,Urgência,SUS
4069,Samuel Câmara,26,RJ,Niterói,Pronto-Socorro,Dermatologia,Dor abdominal,2025-08-29,Feminino,Urgência,Bradesco Saúde
4070,Nathan da Mata,15,SC,Florianópolis,Pronto-Socorro,Oftalmologia,Lombalgia,2025-05-25,Masculino,Retorno,Unimed
4071,Ísis Vieira,4,MG,Belo Horizonte,Laboratório,Ortopedia,Alergia,2025-12-21,Masculino,Exame,SulAmérica
4072,Henry Freitas,72,SP,Santos,Clínica Particular,Oftalmologia,Enxaqueca,2024-02-23,Masculino,Consulta,SulAmérica
4073,Maria Luiza Leão,75,PE,Caruaru,Centro Médico,Ginecologia,Asma,2026-07-08,Feminino,Urgência,SUS
4074,Pedro Lucas Leão,64,RJ,Niterói,Clínica Particular,Cardiologia,Dor abdominal,2025-08-14,Feminino,Retorno,SulAmérica
4075,Jade Rezende,74,PE,Caruaru,Unidade de Saúde da Família,Pediatria,Alergia,2024-07-07,Feminino,Exame,Amil
4076,Ana Clara Moreira,61,SC,Chapecó,Unidade de Saúde da Família,Ginecologia,Consulta de rotina,2025-04-27,Masculino,Urgência,Bradesco Saúde
4077,João Pedro Correia,27,PE,Recife,Pronto-Socorro,Cardiologia,Alergia,2024-01-21,Feminino,Consulta,Bradesco Saúde
4078,Dr. Davi Martins,72,BA,Feira de Santana,Hospital,Endocrinologia,Infecção urinária,2024-06-14,Feminino,Retorno,Amil
4079,Lorena Oliveira,25,CE,Caucaia,Clínica Particular,Psiquiatria,Consulta de rotina,2026-07-25,Masculino,Exame,Amil
4080,Maria Helena Rodrigues,4,RJ,Petrópolis,Hospital,Cardiologia,Diabetes,2025-03-28,Masculino,Retorno,Bradesco Saúde
4081,João Miguel Vargas,40,RJ,Petrópolis,Hospital,Dermatologia,Enxaqueca,2025-11-09,Masculino,Retorno,Amil
4082,Aurora Fogaça,80,RS,Santa Maria,UPA,Cardiologia,Enxaqueca,2026-07-17,Masculino,Consulta,Particular
4083,Dr. Vinícius Araújo,13,SC,Chapecó,Laboratório,Dermatologia,Dermatite,2023-09-21,Feminino,Consulta,Unimed
4084,Juliana Sousa,44,GO,Goiânia,Unidade de Saúde da Família,Ortopedia,Artrite,2023-10-11,Masculino,Exame,Amil
4085,Dr. Yan Gonçalves,60,GO,Rio Verde,Clínica Particular,Oftalmologia,Alergia,2024-07-06,Masculino,Consulta,Bradesco Saúde
4086,João Lucas da Rosa,6,PE,Recife,UPA,Ortopedia,Alergia,2025-10-09,Masculino,Exame,Unimed
4087,Liz Almeida,8,PR,Londrina,Centro Médico,Endocrinologia,Colesterol elevado,2023-08-26,Feminino,Exame,SUS
4088,Francisco Marques,80,RS,Pelotas,Unidade de Saúde da Família,Cardiologia,Infecção urinária,2024-08-02,Feminino,Urgência,SulAmérica
4089,Benício Cassiano,21,CE,Caucaia,Unidade de Saúde da Família,Neurologia,Hipertensão,2023-08-22,Masculino,Consulta,SulAmérica
4090,Lunna Andrade,87,BA,Vitória da Conquista,UBS,Neurologia,Infecção urinária,2023-09-28,Feminino,Retorno,SulAmérica
4091,Theo Ferreira,1,MG,Contagem,Laboratório,Endocrinologia,Lombalgia,2026-07-28,Feminino,Exame,Particular
4092,Dr. Pedro Pacheco,44,SP,São José dos Campos,Unidade de Saúde da Família,Ortopedia,Lombalgia,2026-02-10,Feminino,Exame,Bradesco Saúde
4093,Ana Laura da Cunha,90,RS,Caxias do Sul,Clínica Particular,Oftalmologia,Enxaqueca,2024-01-30,Feminino,Exame,Particular
4094,Dra. Liz Correia,26,MG,Contagem,UPA,Neurologia,Gastrite,2024-03-09,Feminino,Exame,Unimed
4095,Maria Correia,34,GO,Rio Verde,Centro Médico,Endocrinologia,Alergia,2024-07-19,Feminino,Exame,Bradesco Saúde
4096,Emilly Cavalcante,57,RS,Pelotas,UBS,Ginecologia,Lombalgia,2025-08-23,Masculino,Urgência,Amil
4097,Gabriela Azevedo,83,RS,Pelotas,Hospital,Pediatria,Enxaqueca,2024-04-01,Masculino,Urgência,SUS
4098,Júlia da Cruz,22,CE,Sobral,Hospital,Endocrinologia,Asma,2023-11-08,Feminino,Exame,Unimed
4099,Stephany Cavalcanti,43,PR,Maringá,Hospital,Ortopedia,Alergia,2024-10-18,Feminino,Urgência,Bradesco Saúde
4100,Vitor Hugo da Rocha,68,SP,Ribeirão Preto,Hospital,Ginecologia,Dor abdominal,2024-03-24,Masculino,Retorno,SulAmérica
4101,Esther Ramos,52,SC,Blumenau,Clínica Particular,Pediatria,Asma,2025-02-01,Masculino,Retorno,Amil
4102,Nina Abreu,39,GO,Rio Verde,Hospital,Dermatologia,Colesterol elevado,2025-01-08,Masculino,Exame,SUS
4103,Milena Andrade,8,CE,Caucaia,Pronto-Socorro,Cardiologia,Lombalgia,2025-07-21,Masculino,Exame,SUS
4104,Allana da Rosa,4,MG,Juiz de Fora,Centro Médico,Cardiologia,Hipertensão,2024-05-19,Masculino,Exame,Unimed
4105,Dra. Ana Lívia Almeida,69,SC,Joinville,Unidade de Saúde da Família,Psiquiatria,Gastrite,2024-12-31,Masculino,Retorno,Unimed
4106,Melissa Martins,36,PE,Petrolina,Laboratório,Dermatologia,Asma,2025-02-02,Feminino,Exame,SulAmérica
4107,Sarah da Mata,28,SP,Campinas,UPA,Neurologia,Dor abdominal,2026-04-07,Feminino,Urgência,Particular
4108,Vitória Silveira,7,BA,Feira de Santana,Pronto-Socorro,Cardiologia,Hipertensão,2023-09-03,Masculino,Consulta,SUS
4109,Breno Monteiro,6,CE,Sobral,Unidade de Saúde da Família,Endocrinologia,Diabetes,2025-12-22,Feminino,Consulta,Amil
4110,Isis Farias,76,RS,Pelotas,Unidade de Saúde da Família,Neurologia,Consulta de rotina,2024-01-06,Feminino,Retorno,Bradesco Saúde
4111,Manuela Gonçalves,3,PR,Londrina,Laboratório,Cardiologia,Enxaqueca,2024-01-11,Feminino,Retorno,Unimed
4112,Letícia Cunha,35,CE,Juazeiro do Norte,Unidade de Saúde da Família,Endocrinologia,Consulta de rotina,2026-07-18,Masculino,Urgência,Particular
4113,Jade da Costa,53,BA,Feira de Santana,Hospital,Pediatria,Colesterol elevado,2023-10-30,Feminino,Consulta,SulAmérica
4114,Melina Lima,43,PE,Petrolina,Laboratório,Neurologia,Hipertensão,2026-08-12,Feminino,Consulta,SulAmérica
4115,Danilo Jesus,21,SC,Florianópolis,UPA,Ortopedia,Ansiedade,2024-04-23,Feminino,Consulta,SUS
4116,Davi Carvalho,17,GO,Goiânia,Clínica Particular,Neurologia,Alergia,2025-09-04,Feminino,Urgência,Bradesco Saúde
4117,Isabel Ferreira,87,GO,Anápolis,UBS,Ortopedia,Ansiedade,2024-08-19,Masculino,Exame,Amil
4118,Marcos Vinicius da Paz,2,SC,Chapecó,Centro Médico,Endocrinologia,Colesterol elevado,2025-11-18,Masculino,Exame,Bradesco Saúde
4119,Oliver Novaes,81,RJ,Rio de Janeiro,Laboratório,Ginecologia,Diabetes,2026-07-03,Masculino,Exame,Unimed
4120,Enzo Silveira,5,SP,Ribeirão Preto,Unidade de Saúde da Família,Endocrinologia,Dor abdominal,2023-12-04,Feminino,Exame,Bradesco Saúde
4121,Caleb Rocha,2,RS,Caxias do Sul,Clínica Particular,Dermatologia,Artrite,2023-09-26,Feminino,Exame,SUS
4122,Vinicius da Cunha,85,PE,Caruaru,Pronto-Socorro,Clínica Geral,Dermatite,2026-02-02,Feminino,Urgência,Bradesco Saúde
4123,Aurora Castro,24,MG,Contagem,Hospital,Psiquiatria,Hipertensão,2024-11-02,Masculino,Consulta,Amil
4124,João Pedro Jesus,85,SC,Joinville,Laboratório,Dermatologia,Dor abdominal,2025-09-12,Masculino,Exame,Amil
4125,Heitor da Luz,80,SC,Blumenau,Pronto-Socorro,Dermatologia,Enxaqueca,2024-10-25,Masculino,Urgência,SulAmérica
4126,Bianca Abreu,4,GO,Aparecida de Goiânia,Clínica Particular,Pediatria,Infecção urinária,2023-09-07,Masculino,Exame,SulAmérica
4127,Dra. Clara Vieira,1,BA,Ilhéus,Centro Médico,Pediatria,Gastrite,2024-07-25,Masculino,Consulta,SulAmérica
4128,Valentim Vieira,27,BA,Feira de Santana,Hospital,Pediatria,Consulta de rotina,2025-06-30,Feminino,Exame,SUS
4129,Theodoro Farias,77,PR,Curitiba,UPA,Ortopedia,Lombalgia,2024-07-19,Feminino,Urgência,Unimed
4130,Fernando Sá,4,SP,Campinas,Unidade de Saúde da Família,Psiquiatria,Infecção urinária,2026-07-30,Masculino,Urgência,Unimed
4131,Sra. Aylla Caldeira,88,SP,Campinas,Unidade de Saúde da Família,Ortopedia,Ansiedade,2024-06-25,Masculino,Consulta,Particular
4132,Matheus Fernandes,28,MG,Juiz de Fora,UBS,Endocrinologia,Ansiedade,2026-01-07,Feminino,Consulta,Particular
4133,Isabel Teixeira,26,RS,Caxias do Sul,UBS,Endocrinologia,Infecção respiratória,2024-06-24,Masculino,Exame,Bradesco Saúde
4134,Luiz Gustavo Farias,39,MG,Belo Horizonte,UBS,Clínica Geral,Consulta de rotina,2024-12-21,Masculino,Consulta,Unimed
4135,Bianca da Costa,91,RS,Pelotas,Unidade de Saúde da Família,Ortopedia,Ansiedade,2025-12-14,Feminino,Exame,Amil
4136,Gustavo Sales,27,GO,Rio Verde,UPA,Dermatologia,Dermatite,2026-04-02,Feminino,Urgência,SUS
4137,Dra. Cecilia Fernandes,48,SC,Florianópolis,UBS,Endocrinologia,Infecção respiratória,2023-10-17,Feminino,Retorno,SulAmérica
4138,Bella Gonçalves,56,PR,Londrina,Pronto-Socorro,Pediatria,Consulta de rotina,2024-11-11,Feminino,Consulta,Bradesco Saúde
4139,Mariane da Costa,47,BA,Feira de Santana,Centro Médico,Neurologia,Infecção urinária,2024-08-19,Feminino,Consulta,Unimed
4140,Vitor Hugo Vieira,32,BA,Salvador,Hospital,Endocrinologia,Diabetes,2026-07-02,Feminino,Urgência,Unimed
4141,Brayan Costa,50,RS,Santa Maria,UBS,Ginecologia,Hipertensão,2025-12-20,Feminino,Urgência,Bradesco Saúde
4142,Danilo Pinto,95,RJ,Petrópolis,Hospital,Endocrinologia,Consulta de rotina,2026-07-01,Masculino,Urgência,Unimed
4143,Maria Liz da Paz,6,PE,Caruaru,Clínica Particular,Ginecologia,Hipertensão,2024-06-24,Feminino,Exame,Bradesco Saúde
4144,Rafaela da Costa,46,BA,Vitória da Conquista,Clínica Particular,Ginecologia,Dermatite,2024-07-17,Feminino,Consulta,Particular
4145,Caio Machado,85,SC,Joinville,UPA,Neurologia,Alergia,2025-03-17,Feminino,Urgência,Amil
4146,Emanuella Porto,64,CE,Sobral,Pronto-Socorro,Ginecologia,Consulta de rotina,2024-05-14,Masculino,Urgência,Unimed
4147,Bernardo da Luz,28,RJ,Niterói,Unidade de Saúde da Família,Pediatria,Dermatite,2024-11-05,Feminino,Retorno,Amil
4148,Brayan Dias,79,GO,Rio Verde,Hospital,Clínica Geral,Alergia,2024-06-19,Masculino,Urgência,Unimed
4149,Kevin Pimenta,71,BA,Vitória da Conquista,Pronto-Socorro,Psiquiatria,Asma,2024-04-30,Feminino,Exame,Unimed
4150,Pietra Aragão,55,RJ,Volta Redonda,UPA,Ortopedia,Infecção urinária,2023-09-09,Feminino,Exame,SulAmérica
4151,Enrico Rezende,20,CE,Fortaleza,Centro Médico,Ginecologia,Consulta de rotina,2024-10-28,Masculino,Urgência,Particular
4152,Zoe Freitas,56,MG,Contagem,Unidade de Saúde da Família,Dermatologia,Consulta de rotina,2024-09-06,Masculino,Exame,Unimed
4153,Sra. Antonella Lima,20,RJ,Niterói,Unidade de Saúde da Família,Pediatria,Infecção urinária,2025-06-15,Feminino,Exame,Unimed
4154,Joana Moreira,37,PR,Curitiba,Centro Médico,Cardiologia,Asma,2025-08-27,Masculino,Urgência,Particular
4155,Leandro Albuquerque,8,CE,Fortaleza,Centro Médico,Dermatologia,Lombalgia,2025-05-26,Feminino,Retorno,Unimed
4156,João Vitor Aparecida,80,BA,Vitória da Conquista,Centro Médico,Ginecologia,Ansiedade,2024-11-30,Feminino,Retorno,Particular
4157,Manuela Cavalcante,27,PE,Olinda,Centro Médico,Neurologia,Asma,2025-02-02,Feminino,Exame,Bradesco Saúde
4158,Larissa Sampaio,79,SP,São José dos Campos,Centro Médico,Clínica Geral,Enxaqueca,2023-10-30,Masculino,Consulta,Bradesco Saúde
4159,Ana da Cunha,38,PE,Recife,Clínica Particular,Cardiologia,Alergia,2025-04-29,Masculino,Urgência,Unimed
4160,Gael da Mota,21,CE,Juazeiro do Norte,UBS,Psiquiatria,Alergia,2025-01-19,Masculino,Retorno,Amil
4161,Dr. Josué Mendonça,6,SC,Chapecó,Clínica Particular,Cardiologia,Infecção urinária,2025-11-22,Feminino,Consulta,Bradesco Saúde
4162,Sr. Davi Lucca da Rocha,83,GO,Anápolis,Hospital,Cardiologia,Hipertensão,2024-03-20,Feminino,Urgência,Bradesco Saúde
4163,Brayan das Neves,12,PR,Curitiba,UBS,Ginecologia,Dermatite,2025-05-23,Masculino,Retorno,Particular
4164,Theo Nogueira,37,MG,Contagem,Hospital,Clínica Geral,Consulta de rotina,2025-07-21,Masculino,Retorno,SulAmérica
4165,Ágatha Campos,32,PR,Cascavel,Unidade de Saúde da Família,Psiquiatria,Hipertensão,2026-04-18,Masculino,Consulta,SulAmérica
4166,Srta. Zoe Azevedo,67,PR,Cascavel,UPA,Cardiologia,Artrite,2024-07-31,Masculino,Urgência,Unimed
4167,Cauã Cassiano,53,CE,Fortaleza,Unidade de Saúde da Família,Oftalmologia,Gastrite,2026-08-11,Masculino,Urgência,SUS
4168,Kamilly Barros,30,SP,São José dos Campos,Pronto-Socorro,Endocrinologia,Asma,2023-11-04,Masculino,Retorno,Unimed
4169,Sr. Thiago Araújo,56,MG,Contagem,Pronto-Socorro,Neurologia,Enxaqueca,2024-01-15,Masculino,Exame,Unimed
4170,Daniel Gonçalves,33,RS,Porto Alegre,Unidade de Saúde da Família,Endocrinologia,Dor abdominal,2023-09-24,Masculino,Exame,Bradesco Saúde
4171,Isabel Mendes,31,PE,Petrolina,Unidade de Saúde da Família,Psiquiatria,Colesterol elevado,2024-02-28,Feminino,Consulta,SulAmérica
4172,Luiza da Cunha,57,SC,Chapecó,Pronto-Socorro,Dermatologia,Consulta de rotina,2024-01-30,Masculino,Urgência,Amil
4173,Luiz Henrique Souza,85,SC,Chapecó,UBS,Dermatologia,Ansiedade,2025-02-25,Feminino,Exame,Bradesco Saúde
4174,Sofia Campos,32,PR,Maringá,UBS,Ginecologia,Lombalgia,2025-04-25,Feminino,Exame,Unimed
4175,Sra. Hellena Pires,79,MG,Uberlândia,Pronto-Socorro,Clínica Geral,Infecção respiratória,2023-09-19,Feminino,Consulta,Bradesco Saúde
4176,Valentina Novais,35,GO,Rio Verde,Laboratório,Oftalmologia,Gastrite,2023-10-21,Masculino,Consulta,SulAmérica
4177,Giovanna Moura,18,SC,Joinville,UPA,Ortopedia,Infecção urinária,2026-05-11,Masculino,Urgência,Amil
4178,Beatriz Ramos,18,SC,Chapecó,UPA,Clínica Geral,Dor abdominal,2025-03-03,Feminino,Retorno,SUS
4179,Mathias Rodrigues,7,CE,Juazeiro do Norte,Laboratório,Cardiologia,Dor abdominal,2023-12-25,Feminino,Exame,Unimed
4180,Murilo Costela,64,SC,Blumenau,Clínica Particular,Clínica Geral,Ansiedade,2026-05-05,Feminino,Urgência,Unimed
4181,Luana Fernandes,88,GO,Rio Verde,Centro Médico,Neurologia,Infecção urinária,2025-10-23,Feminino,Urgência,Amil
4182,Srta. Camila Rezende,72,SC,Chapecó,Hospital,Clínica Geral,Ansiedade,2025-05-26,Feminino,Urgência,Particular
4183,Igor Freitas,82,MG,Contagem,Unidade de Saúde da Família,Oftalmologia,Enxaqueca,2023-12-18,Feminino,Urgência,SUS
4184,Helena Ramos,22,PE,Olinda,Unidade de Saúde da Família,Clínica Geral,Lombalgia,2025-09-23,Feminino,Consulta,Unimed
4185,Luana Pires,25,PE,Caruaru,Pronto-Socorro,Dermatologia,Infecção respiratória,2024-10-07,Masculino,Consulta,Unimed
4186,Ana Julia Freitas,88,MG,Belo Horizonte,Laboratório,Neurologia,Enxaqueca,2026-05-04,Feminino,Consulta,Unimed
4187,Carlos Eduardo Cavalcanti,32,MG,Belo Horizonte,Centro Médico,Cardiologia,Infecção urinária,2026-01-26,Masculino,Urgência,SulAmérica
4188,João Guilherme da Paz,53,SP,Santos,Centro Médico,Cardiologia,Dor abdominal,2025-07-26,Masculino,Urgência,Bradesco Saúde
4189,Raul Montenegro,70,BA,Salvador,UBS,Dermatologia,Dor abdominal,2025-05-17,Masculino,Retorno,SulAmérica
4190,Gustavo Henrique Costela,55,GO,Rio Verde,Laboratório,Ortopedia,Infecção respiratória,2025-02-26,Feminino,Consulta,Unimed
4191,Juan Cavalcanti,27,MG,Uberlândia,UBS,Clínica Geral,Gastrite,2025-05-01,Masculino,Consulta,SulAmérica
4192,Ana Liz Cardoso,5,CE,Fortaleza,Centro Médico,Pediatria,Infecção respiratória,2026-07-10,Masculino,Urgência,Unimed
4193,Nicolas Monteiro,75,CE,Juazeiro do Norte,Laboratório,Ginecologia,Consulta de rotina,2024-04-20,Masculino,Urgência,SUS
4194,Augusto Freitas,91,CE,Fortaleza,UPA,Ginecologia,Consulta de rotina,2026-02-20,Feminino,Consulta,Particular
4195,Vinícius da Cunha,41,RS,Caxias do Sul,Clínica Particular,Clínica Geral,Enxaqueca,2024-10-22,Masculino,Exame,Amil
4196,Ana Vitória Viana,29,BA,Salvador,Hospital,Oftalmologia,Diabetes,2025-03-16,Masculino,Retorno,SUS
4197,Sophia Vargas,71,RJ,Volta Redonda,Unidade de Saúde da Família,Dermatologia,Lombalgia,2025-10-04,Masculino,Exame,Particular
4198,Jade Lopes,31,RS,Santa Maria,UPA,Clínica Geral,Enxaqueca,2026-07-13,Masculino,Consulta,Bradesco Saúde
4199,Maria Clara Gomes,37,MG,Contagem,Clínica Particular,Cardiologia,Infecção respiratória,2025-12-28,Feminino,Exame,Amil
4200,Thiago Azevedo,6,BA,Ilhéus,UPA,Ortopedia,Dor abdominal,2023-10-25,Feminino,Consulta,Amil
4201,Ana Lívia Siqueira,66,BA,Vitória da Conquista,Hospital,Oftalmologia,Colesterol elevado,2025-02-15,Masculino,Urgência,Amil
4202,Sr. Gustavo Ferreira,44,BA,Vitória da Conquista,UPA,Oftalmologia,Alergia,2026-03-13,Masculino,Consulta,SulAmérica
4203,Ísis Moreira,81,PR,Cascavel,Unidade de Saúde da Família,Clínica Geral,Infecção respiratória,2024-08-20,Feminino,Urgência,Particular
4204,Marcelo Brito,46,SP,São Paulo,Laboratório,Endocrinologia,Alergia,2023-08-31,Masculino,Exame,Bradesco Saúde
4205,Arthur Miguel Novaes,60,SP,Santos,UBS,Cardiologia,Infecção respiratória,2025-08-05,Masculino,Consulta,Amil
4206,Sr. João Gabriel Aragão,24,CE,Caucaia,Clínica Particular,Ginecologia,Colesterol elevado,2025-05-14,Masculino,Retorno,SulAmérica
4207,Isabela Cardoso,81,PR,Curitiba,Centro Médico,Dermatologia,Artrite,2025-07-05,Feminino,Urgência,Particular
4208,Igor Camargo,61,PE,Caruaru,Hospital,Neurologia,Consulta de rotina,2025-01-28,Feminino,Retorno,SUS
4209,Mariana Lima,5,RJ,Niterói,UPA,Dermatologia,Infecção respiratória,2023-08-19,Feminino,Urgência,Amil
4210,Benício Sales,81,SC,Blumenau,Centro Médico,Cardiologia,Consulta de rotina,2025-04-03,Masculino,Retorno,SulAmérica
4211,Cecilia Ferreira,9,SP,Santos,UBS,Ginecologia,Asma,2025-11-20,Feminino,Consulta,Unimed
4212,Sr. Yuri Vasconcelos,78,RJ,Rio de Janeiro,Clínica Particular,Ortopedia,Enxaqueca,2025-10-25,Feminino,Urgência,SulAmérica
4213,Thiago Nunes,54,PR,Londrina,Clínica Particular,Ortopedia,Hipertensão,2024-04-27,Feminino,Exame,SulAmérica
4214,Emanuella Borges,25,BA,Vitória da Conquista,Unidade de Saúde da Família,Clínica Geral,Hipertensão,2025-07-07,Feminino,Consulta,Amil
4215,Ravi Lucca Mendes,58,RS,Caxias do Sul,Unidade de Saúde da Família,Clínica Geral,Infecção urinária,2024-01-04,Masculino,Consulta,Amil
4216,Luna Silva,57,SP,Santos,Hospital,Cardiologia,Dermatite,2024-05-26,Masculino,Urgência,SulAmérica
4217,Diogo Freitas,71,GO,Aparecida de Goiânia,Clínica Particular,Ortopedia,Ansiedade,2024-10-26,Feminino,Consulta,Amil
4218,Rael Costa,49,SC,Blumenau,UBS,Neurologia,Gastrite,2025-11-06,Feminino,Urgência,Particular
4219,João Gabriel Campos,64,BA,Salvador,Clínica Particular,Psiquiatria,Dor abdominal,2025-04-02,Masculino,Consulta,Particular
4220,Dra. Luna Barbosa,76,BA,Vitória da Conquista,UBS,Oftalmologia,Consulta de rotina,2024-05-02,Masculino,Retorno,SulAmérica
4221,Isadora Alves,76,RJ,Volta Redonda,Clínica Particular,Oftalmologia,Enxaqueca,2026-05-06,Feminino,Consulta,Bradesco Saúde
4222,Anna Liz Pastor,93,GO,Anápolis,Pronto-Socorro,Clínica Geral,Gastrite,2025-03-01,Feminino,Urgência,Unimed
4223,Sara Viana,74,MG,Juiz de Fora,Clínica Particular,Ginecologia,Alergia,2025-04-25,Masculino,Exame,Amil
4224,Bento Rezende,74,BA,Salvador,Pronto-Socorro,Oftalmologia,Infecção respiratória,2024-01-25,Masculino,Exame,Bradesco Saúde
4225,Dr. Rael Vasconcelos,19,BA,Ilhéus,UPA,Neurologia,Diabetes,2025-05-28,Masculino,Exame,Particular
4226,Dr. Leonardo Pacheco,95,MG,Contagem,UBS,Cardiologia,Artrite,2023-12-12,Feminino,Consulta,SulAmérica
4227,Srta. Jade Freitas,78,RJ,Rio de Janeiro,Clínica Particular,Oftalmologia,Dermatite,2026-05-17,Masculino,Consulta,Bradesco Saúde
4228,Apollo Silveira,72,RS,Porto Alegre,UBS,Neurologia,Hipertensão,2026-02-12,Masculino,Retorno,SUS
4229,Fernando Santos,86,CE,Sobral,UPA,Endocrinologia,Hipertensão,2025-09-10,Feminino,Exame,Amil
4230,Henrique Lima,7,CE,Sobral,UBS,Dermatologia,Infecção urinária,2025-10-01,Feminino,Retorno,SulAmérica
4231,Sra. Beatriz Sampaio,13,PE,Olinda,UBS,Psiquiatria,Lombalgia,2024-10-11,Feminino,Exame,Unimed
4232,Thiago Aparecida,63,PE,Recife,Unidade de Saúde da Família,Ortopedia,Infecção urinária,2025-06-20,Feminino,Urgência,Amil
4233,Luana Barbosa,76,GO,Goiânia,UPA,Pediatria,Hipertensão,2026-04-08,Feminino,Consulta,SUS
4234,Dra. Ana Júlia Brito,31,BA,Ilhéus,Unidade de Saúde da Família,Dermatologia,Asma,2026-06-16,Masculino,Urgência,Particular
4235,Maya Machado,46,SP,Ribeirão Preto,UBS,Oftalmologia,Alergia,2023-08-27,Feminino,Exame,SulAmérica
4236,Davi Lucas Barros,47,CE,Caucaia,UBS,Endocrinologia,Infecção respiratória,2025-02-21,Masculino,Exame,SulAmérica
4237,Heitor Aragão,66,CE,Juazeiro do Norte,Unidade de Saúde da Família,Dermatologia,Alergia,2024-02-09,Feminino,Retorno,Unimed
4238,Brenda Moreira,84,GO,Anápolis,Pronto-Socorro,Ortopedia,Artrite,2023-09-25,Masculino,Urgência,Amil
4239,Ana Luiza Correia,16,GO,Rio Verde,UPA,Ginecologia,Infecção respiratória,2024-04-12,Masculino,Consulta,Bradesco Saúde
4240,Aurora Borges,90,PR,Curitiba,Laboratório,Dermatologia,Gastrite,2026-01-15,Masculino,Retorno,Amil
4241,Anthony Gabriel Porto,74,CE,Fortaleza,UBS,Psiquiatria,Gastrite,2025-08-05,Masculino,Retorno,Unimed
4242,Isadora Barros,28,PR,Curitiba,UBS,Ortopedia,Colesterol elevado,2024-07-04,Feminino,Retorno,Particular
4243,Francisco Leão,68,BA,Ilhéus,UPA,Endocrinologia,Colesterol elevado,2024-09-07,Feminino,Urgência,SUS
4244,Raquel Pinto,43,PR,Maringá,UPA,Oftalmologia,Asma,2023-08-31,Masculino,Consulta,SUS
4245,Caio Silveira,71,GO,Anápolis,Unidade de Saúde da Família,Dermatologia,Alergia,2025-10-17,Masculino,Consulta,SUS
4246,Isis Aragão,52,SC,Joinville,Clínica Particular,Dermatologia,Asma,2024-01-20,Feminino,Consulta,Amil
4247,Pedro Teixeira,17,PR,Londrina,UPA,Psiquiatria,Dor abdominal,2026-05-09,Masculino,Exame,SulAmérica
4248,Bryan Machado,43,CE,Sobral,Hospital,Ortopedia,Consulta de rotina,2024-11-15,Feminino,Exame,Unimed
4249,Isaac Campos,42,SP,Santos,Unidade de Saúde da Família,Neurologia,Asma,2023-10-02,Feminino,Consulta,Amil
4250,Esther Cirino,10,RS,Caxias do Sul,UPA,Dermatologia,Dor abdominal,2025-11-09,Feminino,Urgência,SUS
4251,Raul Moura,65,BA,Feira de Santana,UBS,Cardiologia,Asma,2026-07-03,Feminino,Exame,Unimed
4252,Benício Pastor,19,SP,São José dos Campos,Unidade de Saúde da Família,Pediatria,Hipertensão,2025-01-21,Feminino,Consulta,SulAmérica
4253,Matheus Cunha,76,PR,Cascavel,Centro Médico,Neurologia,Infecção urinária,2024-03-20,Feminino,Exame,SUS
4254,Maria Isis da Rosa,26,GO,Anápolis,Clínica Particular,Psiquiatria,Diabetes,2024-01-06,Feminino,Exame,Amil
4255,Leandro Santos,69,SP,São José dos Campos,Centro Médico,Ginecologia,Hipertensão,2026-01-24,Feminino,Urgência,SUS
4256,Nathan Camargo,35,GO,Anápolis,UBS,Clínica Geral,Colesterol elevado,2025-07-06,Masculino,Consulta,Unimed
4257,Amanda da Cunha,76,MG,Contagem,Unidade de Saúde da Família,Dermatologia,Consulta de rotina,2024-06-03,Masculino,Urgência,Unimed
4258,Sra. Emanuella Casa Grande,15,GO,Aparecida de Goiânia,Hospital,Cardiologia,Dermatite,2025-01-07,Masculino,Exame,Bradesco Saúde
4259,Diego Fogaça,28,GO,Goiânia,UPA,Psiquiatria,Dor abdominal,2023-09-14,Feminino,Exame,Unimed
4260,Lucas Pimenta,65,PR,Maringá,UBS,Cardiologia,Diabetes,2024-12-17,Feminino,Exame,Particular
4261,Cauã Sampaio,59,PR,Maringá,Centro Médico,Oftalmologia,Hipertensão,2024-10-12,Masculino,Exame,Unimed
4262,Rodrigo Moura,24,MG,Contagem,Pronto-Socorro,Ginecologia,Ansiedade,2025-11-24,Feminino,Urgência,Amil
4263,Luara da Costa,23,MG,Belo Horizonte,UBS,Ortopedia,Lombalgia,2025-09-14,Feminino,Exame,Bradesco Saúde
4264,Ana Beatriz Pacheco,85,MG,Uberlândia,Clínica Particular,Psiquiatria,Enxaqueca,2025-03-15,Masculino,Exame,Particular
4265,Maria Isis Montenegro,86,CE,Caucaia,Pronto-Socorro,Ortopedia,Enxaqueca,2025-09-22,Feminino,Exame,Particular
4266,Dr. Thales Gonçalves,34,GO,Anápolis,Unidade de Saúde da Família,Clínica Geral,Asma,2024-11-06,Masculino,Exame,Particular
4267,Mathias Melo,7,PR,Curitiba,Unidade de Saúde da Família,Psiquiatria,Colesterol elevado,2026-06-16,Feminino,Consulta,Amil
4268,Dr. Luiz Henrique Peixoto,18,PR,Maringá,UBS,Dermatologia,Infecção urinária,2026-02-01,Masculino,Retorno,Particular
4269,Gael Siqueira,38,MG,Uberlândia,UBS,Neurologia,Lombalgia,2025-09-19,Feminino,Consulta,Amil
4270,Eloah Nascimento,78,SC,Florianópolis,Centro Médico,Oftalmologia,Enxaqueca,2026-06-21,Masculino,Urgência,Unimed
4271,Ana Correia,28,RJ,Niterói,Clínica Particular,Oftalmologia,Gastrite,2025-08-20,Feminino,Consulta,SUS
4272,Dra. Lavínia Barros,77,SC,Blumenau,UBS,Ginecologia,Ansiedade,2025-08-31,Feminino,Urgência,Bradesco Saúde
4273,Sarah Garcia,83,RJ,Volta Redonda,UBS,Ginecologia,Asma,2024-05-21,Feminino,Retorno,Bradesco Saúde
4274,Esther Machado,23,SP,Santos,Pronto-Socorro,Psiquiatria,Infecção respiratória,2024-09-26,Masculino,Consulta,Bradesco Saúde
4275,José Araújo,84,RJ,Rio de Janeiro,Pronto-Socorro,Pediatria,Consulta de rotina,2025-12-30,Feminino,Consulta,Unimed
4276,Mirella Montenegro,1,RJ,Petrópolis,UBS,Ortopedia,Dermatite,2024-10-11,Feminino,Exame,Bradesco Saúde
4277,Alexia Vieira,75,GO,Aparecida de Goiânia,UBS,Dermatologia,Dermatite,2025-06-24,Masculino,Exame,Unimed
4278,Gael Henrique Dias,16,MG,Belo Horizonte,UPA,Clínica Geral,Diabetes,2024-02-10,Feminino,Urgência,Particular
4279,Pietra Montenegro,80,MG,Belo Horizonte,Pronto-Socorro,Dermatologia,Gastrite,2024-06-12,Feminino,Exame,Unimed
4280,Dr. Dom Novaes,70,GO,Anápolis,UBS,Endocrinologia,Infecção respiratória,2024-09-12,Feminino,Retorno,Bradesco Saúde
4281,Caleb Câmara,85,RJ,Niterói,Laboratório,Neurologia,Ansiedade,2024-06-21,Feminino,Consulta,Amil
4282,Dra. Alexia Ribeiro,89,RS,Pelotas,UBS,Ginecologia,Dor abdominal,2024-11-15,Masculino,Consulta,Bradesco Saúde
4283,Julia Silveira,13,SP,São Paulo,Clínica Particular,Clínica Geral,Artrite,2024-03-15,Feminino,Retorno,SUS
4284,Rafaela Cavalcante,52,RJ,Petrópolis,UPA,Ortopedia,Enxaqueca,2025-10-17,Masculino,Urgência,SulAmérica
4285,Benicio Caldeira,19,SP,Campinas,Pronto-Socorro,Oftalmologia,Infecção respiratória,2025-09-03,Feminino,Exame,Particular
4286,João Camargo,2,PR,Londrina,UPA,Ginecologia,Dor abdominal,2024-03-13,Feminino,Retorno,SUS
4287,Sophia da Paz,57,SC,Chapecó,Hospital,Neurologia,Alergia,2025-02-16,Feminino,Consulta,Unimed
4288,Dr. Enzo Gabriel Porto,84,MG,Uberlândia,Unidade de Saúde da Família,Oftalmologia,Asma,2024-09-14,Feminino,Exame,Unimed
4289,Bárbara Barros,90,SP,São José dos Campos,Unidade de Saúde da Família,Neurologia,Dermatite,2024-07-03,Masculino,Consulta,Particular
4290,Joana Rocha,23,CE,Juazeiro do Norte,Pronto-Socorro,Clínica Geral,Hipertensão,2024-03-28,Masculino,Retorno,SulAmérica
4291,Srta. Caroline Mendes,10,SP,Santos,Hospital,Psiquiatria,Asma,2026-02-27,Feminino,Retorno,Unimed
4292,Diogo Cavalcante,45,CE,Caucaia,Pronto-Socorro,Pediatria,Gastrite,2024-11-16,Feminino,Urgência,Particular
4293,Lucas Gabriel Farias,76,PE,Olinda,UPA,Neurologia,Dermatite,2026-04-15,Feminino,Retorno,Bradesco Saúde
4294,Sra. Mariah Almeida,90,SC,Blumenau,UPA,Ortopedia,Artrite,2024-01-29,Masculino,Retorno,Bradesco Saúde
4295,Isis Silveira,49,GO,Aparecida de Goiânia,Clínica Particular,Pediatria,Colesterol elevado,2024-08-30,Feminino,Exame,Bradesco Saúde
4296,Ana Lívia Sousa,95,SP,Ribeirão Preto,Hospital,Dermatologia,Infecção respiratória,2023-09-28,Masculino,Urgência,Amil
4297,Nicolas Lopes,67,PR,Curitiba,Centro Médico,Psiquiatria,Dor abdominal,2023-11-20,Masculino,Consulta,SulAmérica
4298,Rael Gomes,87,PE,Olinda,UBS,Ortopedia,Lombalgia,2024-02-29,Masculino,Urgência,SulAmérica
4299,Luiz Otávio Novaes,45,CE,Fortaleza,Hospital,Neurologia,Dermatite,2024-10-06,Masculino,Exame,Amil
4300,Sr. Luiz Gustavo Aragão,93,BA,Salvador,Pronto-Socorro,Psiquiatria,Enxaqueca,2024-11-13,Feminino,Retorno,Unimed
4301,Dr. Daniel Farias,65,CE,Sobral,Laboratório,Oftalmologia,Infecção respiratória,2026-01-17,Masculino,Retorno,Bradesco Saúde
4302,Dr. Ravi Rezende,75,SP,Santos,Centro Médico,Cardiologia,Consulta de rotina,2024-01-31,Feminino,Urgência,SulAmérica
4303,Maria Júlia Aparecida,22,BA,Vitória da Conquista,UPA,Ginecologia,Consulta de rotina,2026-08-13,Feminino,Urgência,Particular
4304,Alice Silva,91,PR,Londrina,Hospital,Ginecologia,Consulta de rotina,2025-07-15,Masculino,Urgência,Unimed
4305,Isabela Macedo,27,RJ,Volta Redonda,Centro Médico,Cardiologia,Ansiedade,2024-02-12,Masculino,Consulta,Bradesco Saúde
4306,Sra. Giovanna Cunha,40,PE,Petrolina,Centro Médico,Cardiologia,Infecção urinária,2023-12-22,Masculino,Exame,SUS
4307,Mariana Andrade,94,PE,Caruaru,Hospital,Ginecologia,Asma,2023-09-23,Masculino,Urgência,Particular
4308,Diego Novais,64,CE,Caucaia,UPA,Pediatria,Dor abdominal,2024-06-29,Feminino,Retorno,Amil
4309,Dr. Enzo Pires,6,CE,Sobral,Clínica Particular,Pediatria,Dor abdominal,2024-06-21,Masculino,Retorno,Bradesco Saúde
4310,Luiz Otávio da Rocha,9,RJ,Volta Redonda,Clínica Particular,Ginecologia,Dermatite,2024-09-06,Feminino,Exame,SulAmérica
4311,Pietro Oliveira,16,BA,Feira de Santana,UBS,Pediatria,Alergia,2026-07-27,Feminino,Exame,SUS
4312,Alexia Nogueira,10,CE,Caucaia,UBS,Dermatologia,Consulta de rotina,2025-12-16,Masculino,Retorno,Particular
4313,Sr. Benjamim Macedo,65,SP,São José dos Campos,Laboratório,Pediatria,Dor abdominal,2024-08-20,Masculino,Exame,SulAmérica
4314,Isadora da Paz,87,BA,Vitória da Conquista,Hospital,Clínica Geral,Dor abdominal,2026-06-08,Masculino,Consulta,SUS
4315,Aylla da Paz,71,PE,Caruaru,Centro Médico,Cardiologia,Infecção urinária,2024-06-06,Masculino,Consulta,SUS
4316,Sr. Bruno Garcia,39,RJ,Niterói,UBS,Dermatologia,Hipertensão,2025-10-21,Masculino,Exame,Particular
4317,Mariana Correia,55,MG,Juiz de Fora,UBS,Oftalmologia,Infecção urinária,2024-02-08,Feminino,Exame,SulAmérica
4318,Eduardo Pereira,9,PR,Londrina,Pronto-Socorro,Psiquiatria,Consulta de rotina,2023-11-06,Feminino,Consulta,SUS
4319,Sophie Costa,36,MG,Belo Horizonte,Clínica Particular,Dermatologia,Infecção urinária,2024-03-19,Feminino,Urgência,SUS
4320,Sr. Henry Gabriel Barbosa,40,PR,Maringá,UPA,Cardiologia,Hipertensão,2024-02-09,Feminino,Urgência,Particular
4321,Sra. Bella Novaes,38,SP,São Paulo,Laboratório,Clínica Geral,Diabetes,2026-07-05,Masculino,Urgência,Particular
4322,Ágatha Cassiano,31,PR,Curitiba,Centro Médico,Ginecologia,Lombalgia,2026-03-12,Feminino,Urgência,SUS
4323,Gustavo Cavalcanti,19,SP,Ribeirão Preto,UPA,Ortopedia,Consulta de rotina,2024-03-16,Feminino,Exame,SulAmérica
4324,João Miguel da Rosa,85,CE,Caucaia,UBS,Neurologia,Gastrite,2025-08-17,Masculino,Exame,SulAmérica
4325,Vitor Hugo Camargo,63,SC,Chapecó,Laboratório,Neurologia,Asma,2025-08-11,Feminino,Urgência,Particular
4326,Hellena Rodrigues,60,PR,Cascavel,UBS,Pediatria,Colesterol elevado,2024-09-21,Masculino,Consulta,Bradesco Saúde
4327,Davi Luiz Silveira,79,GO,Aparecida de Goiânia,Unidade de Saúde da Família,Pediatria,Hipertensão,2024-02-09,Feminino,Exame,SUS
4328,José Miguel Souza,47,SP,Santos,UBS,Psiquiatria,Enxaqueca,2026-01-14,Feminino,Urgência,SulAmérica
4329,Brayan Oliveira,66,SC,Chapecó,UBS,Neurologia,Dermatite,2025-12-08,Masculino,Urgência,Particular
4330,Lucas da Rosa,64,SC,Florianópolis,Laboratório,Dermatologia,Asma,2023-10-22,Masculino,Retorno,SulAmérica
4331,Aurora Gonçalves,63,RJ,Petrópolis,Centro Médico,Endocrinologia,Lombalgia,2025-12-23,Masculino,Consulta,Bradesco Saúde
4332,Juan Costa,85,BA,Feira de Santana,Laboratório,Pediatria,Hipertensão,2023-12-26,Feminino,Urgência,Unimed
4333,Bianca Cassiano,31,GO,Aparecida de Goiânia,UPA,Neurologia,Diabetes,2026-06-14,Feminino,Urgência,Particular
4334,Luara Dias,67,PE,Olinda,Centro Médico,Oftalmologia,Ansiedade,2026-08-11,Feminino,Consulta,SUS
4335,Ágatha Vieira,82,SP,Ribeirão Preto,UBS,Ginecologia,Dor abdominal,2023-08-20,Feminino,Urgência,SUS
4336,Emilly Monteiro,46,SP,Santos,Centro Médico,Ginecologia,Colesterol elevado,2025-03-08,Masculino,Urgência,Unimed
4337,Sabrina Araújo,58,RS,Porto Alegre,Laboratório,Neurologia,Alergia,2026-06-22,Masculino,Retorno,Particular
4338,Diogo Cardoso,59,SP,São Paulo,UPA,Clínica Geral,Ansiedade,2026-05-26,Feminino,Consulta,Bradesco Saúde
4339,Sr. Miguel Teixeira,9,RS,Santa Maria,UBS,Pediatria,Enxaqueca,2025-04-17,Feminino,Consulta,SulAmérica
4340,Manuella da Mota,86,CE,Juazeiro do Norte,Unidade de Saúde da Família,Endocrinologia,Asma,2025-11-18,Masculino,Urgência,Particular
4341,Aurora Novaes,71,SP,Santos,Laboratório,Oftalmologia,Alergia,2026-07-27,Masculino,Exame,Unimed
4342,Srta. Bruna Sampaio,56,RS,Caxias do Sul,UPA,Dermatologia,Enxaqueca,2026-01-12,Feminino,Consulta,SulAmérica
4343,Srta. Catarina Sales,61,RS,Santa Maria,UBS,Cardiologia,Colesterol elevado,2025-07-06,Masculino,Consulta,Bradesco Saúde
4344,Antônio Melo,2,CE,Sobral,Clínica Particular,Ortopedia,Infecção respiratória,2024-03-10,Feminino,Exame,Particular
4345,Maitê Rodrigues,29,RS,Pelotas,Hospital,Neurologia,Dor abdominal,2025-06-18,Masculino,Urgência,Amil
4346,Sra. Nicole Sá,85,PE,Petrolina,Pronto-Socorro,Psiquiatria,Colesterol elevado,2023-09-27,Masculino,Retorno,SulAmérica
4347,Luigi Andrade,30,SP,Santos,UBS,Neurologia,Alergia,2025-03-03,Masculino,Urgência,Amil
4348,Isaque Mendes,37,GO,Aparecida de Goiânia,Unidade de Saúde da Família,Clínica Geral,Enxaqueca,2024-12-07,Masculino,Consulta,SulAmérica
4349,Alexia Cirino,12,PR,Curitiba,Laboratório,Dermatologia,Dor abdominal,2024-09-04,Masculino,Retorno,Particular
4350,Dr. João Lucas Casa Grande,89,RS,Pelotas,Laboratório,Ginecologia,Diabetes,2024-02-05,Masculino,Retorno,Amil
4351,José Miguel Moura,61,BA,Salvador,Hospital,Clínica Geral,Dor abdominal,2024-05-17,Feminino,Retorno,Amil
4352,Ayla Cunha,94,RS,Caxias do Sul,UPA,Ginecologia,Ansiedade,2025-04-11,Feminino,Exame,Unimed
4353,Diego Jesus,27,SP,Santos,Laboratório,Pediatria,Lombalgia,2025-05-10,Masculino,Retorno,SUS
4354,Maria Cecília da Mata,44,RJ,Rio de Janeiro,Pronto-Socorro,Cardiologia,Infecção urinária,2026-07-01,Masculino,Consulta,Bradesco Saúde
4355,Isadora Camargo,4,SP,Campinas,Laboratório,Clínica Geral,Alergia,2024-03-20,Masculino,Retorno,SulAmérica
4356,Allana da Cunha,7,PE,Olinda,Hospital,Ginecologia,Dermatite,2025-09-17,Masculino,Retorno,Particular
4357,Gael Lima,21,RS,Pelotas,Laboratório,Neurologia,Infecção urinária,2026-04-23,Masculino,Urgência,SUS
4358,Dr. Gustavo Caldeira,86,SC,Blumenau,UPA,Ginecologia,Colesterol elevado,2025-06-19,Feminino,Consulta,Particular
4359,Luiz Gustavo Casa Grande,88,PE,Recife,Centro Médico,Psiquiatria,Consulta de rotina,2025-10-07,Feminino,Urgência,SulAmérica
4360,Noah Macedo,90,MG,Contagem,UBS,Endocrinologia,Enxaqueca,2024-07-20,Feminino,Urgência,SUS
4361,Srta. Rafaela Silva,69,CE,Juazeiro do Norte,UPA,Oftalmologia,Artrite,2025-02-14,Masculino,Urgência,Particular
4362,Vinicius Garcia,35,SC,Florianópolis,Pronto-Socorro,Clínica Geral,Infecção respiratória,2024-02-07,Masculino,Retorno,SUS
4363,Dr. Kaique Aparecida,76,BA,Vitória da Conquista,Clínica Particular,Ginecologia,Artrite,2023-09-30,Masculino,Retorno,SulAmérica
4364,Ian Peixoto,66,BA,Feira de Santana,Hospital,Ginecologia,Hipertensão,2024-02-20,Feminino,Urgência,Particular
4365,Benício das Neves,75,CE,Fortaleza,Unidade de Saúde da Família,Ortopedia,Lombalgia,2025-01-06,Feminino,Urgência,SUS
4366,Matheus Guerra,36,BA,Feira de Santana,Unidade de Saúde da Família,Neurologia,Alergia,2025-02-13,Feminino,Urgência,Unimed
4367,Dr. Juan Martins,34,RS,Santa Maria,Clínica Particular,Clínica Geral,Enxaqueca,2024-07-05,Feminino,Urgência,Particular
4368,Olívia Pereira,2,SP,Ribeirão Preto,Laboratório,Psiquiatria,Artrite,2026-07-14,Masculino,Exame,Unimed
4369,Dra. Clara Borges,17,SC,Chapecó,Unidade de Saúde da Família,Ginecologia,Colesterol elevado,2025-05-21,Feminino,Retorno,Amil
4370,Davi Miguel da Rosa,72,CE,Caucaia,Centro Médico,Dermatologia,Infecção urinária,2024-07-18,Feminino,Consulta,Bradesco Saúde
4371,Isabelly Freitas,16,RJ,Niterói,Hospital,Dermatologia,Hipertensão,2026-06-20,Feminino,Retorno,Unimed
4372,Théo Cavalcante,94,RS,Pelotas,Clínica Particular,Psiquiatria,Gastrite,2026-02-17,Masculino,Consulta,Amil
4373,Emanuelly Marques,79,SP,São José dos Campos,Clínica Particular,Pediatria,Dermatite,2024-11-14,Feminino,Exame,Particular
4374,Valentina da Mata,51,CE,Caucaia,UPA,Ginecologia,Infecção urinária,2024-03-22,Masculino,Exame,Unimed
4375,Benicio da Rocha,88,PR,Curitiba,Laboratório,Clínica Geral,Dor abdominal,2023-11-19,Masculino,Urgência,Particular
4376,Ana Carolina Barbosa,32,PR,Maringá,Pronto-Socorro,Dermatologia,Infecção respiratória,2025-11-21,Feminino,Urgência,SUS
4377,Maria Sophia Aparecida,12,PR,Cascavel,Unidade de Saúde da Família,Psiquiatria,Ansiedade,2024-12-01,Feminino,Exame,SulAmérica
4378,Anthony da Conceição,40,RS,Pelotas,Centro Médico,Psiquiatria,Lombalgia,2025-07-09,Feminino,Consulta,SUS
4379,José Miguel Fogaça,93,CE,Caucaia,UBS,Neurologia,Asma,2024-11-28,Feminino,Retorno,Amil
4380,Caleb Correia,17,RJ,Niterói,UPA,Dermatologia,Ansiedade,2026-03-13,Masculino,Retorno,SUS
4381,Laura da Rosa,51,GO,Aparecida de Goiânia,UPA,Neurologia,Gastrite,2023-10-14,Masculino,Exame,Amil
4382,Fernanda Sá,86,RS,Porto Alegre,Pronto-Socorro,Clínica Geral,Enxaqueca,2026-01-22,Feminino,Urgência,SulAmérica
4383,Vitor Hugo Ribeiro,11,BA,Salvador,UPA,Endocrinologia,Gastrite,2025-11-01,Masculino,Consulta,Particular
4384,Maria Liz Carvalho,1,SP,Santos,UPA,Pediatria,Artrite,2024-07-12,Masculino,Consulta,Amil
4385,Sabrina da Conceição,76,RS,Pelotas,Centro Médico,Pediatria,Colesterol elevado,2024-05-25,Masculino,Exame,Amil
4386,Stephany Rezende,35,CE,Sobral,UPA,Ortopedia,Consulta de rotina,2025-08-14,Masculino,Urgência,SulAmérica
4387,Lorena Lima,30,RS,Caxias do Sul,Unidade de Saúde da Família,Ortopedia,Asma,2026-08-13,Masculino,Exame,Bradesco Saúde
4388,Miguel Fernandes,75,PR,Cascavel,UPA,Cardiologia,Dermatite,2023-09-11,Feminino,Consulta,Particular
4389,Sophie Mendonça,49,SP,Campinas,Hospital,Neurologia,Alergia,2025-01-17,Masculino,Consulta,Unimed
4390,Davi Lucas Rodrigues,90,PR,Maringá,Laboratório,Psiquiatria,Infecção urinária,2025-07-20,Feminino,Urgência,SUS
4391,Zoe Lima,47,CE,Fortaleza,Centro Médico,Neurologia,Dor abdominal,2024-11-30,Masculino,Consulta,Unimed
4392,Lucca Correia,72,MG,Belo Horizonte,Clínica Particular,Cardiologia,Artrite,2025-08-26,Feminino,Retorno,Particular
4393,Maria Cecília Teixeira,7,GO,Anápolis,Unidade de Saúde da Família,Psiquiatria,Dor abdominal,2026-01-13,Masculino,Exame,Amil
4394,Rael Brito,17,PR,Curitiba,Unidade de Saúde da Família,Ortopedia,Ansiedade,2023-12-11,Feminino,Consulta,SulAmérica
4395,Luigi Macedo,7,RS,Pelotas,UPA,Neurologia,Infecção urinária,2025-01-12,Feminino,Consulta,Bradesco Saúde
4396,Daniel Barbosa,70,MG,Contagem,Hospital,Clínica Geral,Consulta de rotina,2024-12-02,Masculino,Exame,SUS
4397,Luiz Fernando Carvalho,72,MG,Belo Horizonte,Unidade de Saúde da Família,Cardiologia,Dermatite,2025-04-06,Masculino,Consulta,Bradesco Saúde
4398,Yan Pereira,45,GO,Anápolis,UPA,Ortopedia,Consulta de rotina,2026-01-02,Feminino,Exame,Particular
4399,Milena Pinto,27,MG,Uberlândia,UBS,Ginecologia,Colesterol elevado,2025-02-20,Feminino,Urgência,Particular
4400,Dr. Arthur Rezende,58,CE,Juazeiro do Norte,Hospital,Ortopedia,Infecção respiratória,2024-03-20,Masculino,Consulta,Bradesco Saúde
4401,Srta. Natália da Rosa,56,SC,Florianópolis,Hospital,Psiquiatria,Enxaqueca,2025-08-21,Masculino,Exame,Unimed
4402,Dr. Asafe Nunes,94,SP,Campinas,Pronto-Socorro,Cardiologia,Dor abdominal,2026-02-14,Masculino,Consulta,Amil
4403,Ana Vitória Albuquerque,64,SC,Chapecó,Centro Médico,Endocrinologia,Asma,2025-01-11,Feminino,Urgência,Unimed
4404,João Guilherme Novais,1,SC,Blumenau,Centro Médico,Psiquiatria,Colesterol elevado,2024-04-23,Masculino,Urgência,Unimed
4405,Isabelly Pastor,80,SP,Santos,Unidade de Saúde da Família,Pediatria,Ansiedade,2025-01-21,Masculino,Exame,Amil
4406,Sr. Davi Lucas Peixoto,87,GO,Anápolis,Laboratório,Pediatria,Alergia,2025-03-30,Masculino,Exame,Unimed
4407,Matheus Pinto,37,RJ,Rio de Janeiro,UPA,Clínica Geral,Enxaqueca,2023-12-10,Masculino,Urgência,SulAmérica
4408,Natália da Conceição,88,BA,Salvador,Pronto-Socorro,Oftalmologia,Infecção respiratória,2024-08-27,Masculino,Exame,Amil
4409,Gael Henrique Leão,38,RS,Caxias do Sul,Clínica Particular,Psiquiatria,Ansiedade,2024-10-03,Feminino,Consulta,Amil
4410,Heloisa Lima,33,PE,Petrolina,Hospital,Neurologia,Artrite,2026-03-23,Feminino,Urgência,Bradesco Saúde
4411,Maria Sophia Ramos,35,BA,Ilhéus,UBS,Cardiologia,Hipertensão,2024-02-08,Feminino,Exame,Amil
4412,Theodoro Silva,38,MG,Contagem,UBS,Endocrinologia,Alergia,2024-09-08,Masculino,Exame,Bradesco Saúde
4413,Yan Ramos,28,GO,Anápolis,Unidade de Saúde da Família,Neurologia,Hipertensão,2024-08-24,Masculino,Retorno,Unimed
4414,Liz Novais,15,GO,Aparecida de Goiânia,Laboratório,Dermatologia,Lombalgia,2025-10-28,Masculino,Urgência,SUS
4415,Gael Henrique Moura,35,CE,Fortaleza,Unidade de Saúde da Família,Clínica Geral,Enxaqueca,2025-08-07,Masculino,Exame,SulAmérica
4416,Maria Eduarda Oliveira,50,GO,Aparecida de Goiânia,Centro Médico,Cardiologia,Colesterol elevado,2026-06-21,Feminino,Urgência,Amil
4417,Pedro Henrique Novais,56,GO,Aparecida de Goiânia,UPA,Clínica Geral,Dermatite,2026-08-10,Masculino,Retorno,Amil
4418,Yasmin da Costa,64,PR,Maringá,UBS,Pediatria,Lombalgia,2024-01-20,Feminino,Exame,SUS
4419,Ágatha Andrade,32,RJ,Niterói,Hospital,Clínica Geral,Artrite,2025-08-06,Feminino,Exame,SulAmérica
4420,Sr. Eduardo Câmara,76,SC,Blumenau,UBS,Ginecologia,Dor abdominal,2026-08-03,Masculino,Urgência,SUS
4421,Maria Isis Pimenta,49,BA,Ilhéus,Hospital,Clínica Geral,Consulta de rotina,2023-09-28,Masculino,Urgência,Amil
4422,Alícia Ramos,53,SC,Joinville,Hospital,Ortopedia,Hipertensão,2026-08-07,Masculino,Urgência,Particular
4423,Rodrigo Brito,44,PR,Cascavel,Clínica Particular,Pediatria,Consulta de rotina,2024-06-19,Feminino,Exame,SulAmérica
4424,Emanuelly Gonçalves,79,SC,Blumenau,Unidade de Saúde da Família,Neurologia,Dermatite,2025-10-25,Masculino,Exame,Particular
4425,Laura Leão,4,PE,Recife,Unidade de Saúde da Família,Dermatologia,Gastrite,2025-06-30,Masculino,Urgência,SUS
4426,Rael Leão,5,PR,Cascavel,Hospital,Dermatologia,Asma,2023-11-13,Masculino,Exame,Unimed
4427,Erick da Conceição,50,RS,Caxias do Sul,Unidade de Saúde da Família,Cardiologia,Infecção urinária,2024-08-28,Feminino,Retorno,Bradesco Saúde
4428,Caio Fogaça,24,CE,Sobral,UBS,Ginecologia,Ansiedade,2025-04-02,Feminino,Exame,Unimed
4429,Joaquim Garcia,33,SP,Santos,Centro Médico,Endocrinologia,Gastrite,2026-01-24,Feminino,Consulta,Bradesco Saúde
4430,Cauã Almeida,70,MG,Juiz de Fora,Unidade de Saúde da Família,Dermatologia,Diabetes,2025-06-25,Feminino,Retorno,Amil
4431,Sophia Lopes,30,SC,Blumenau,UBS,Dermatologia,Diabetes,2025-12-24,Feminino,Retorno,Amil
4432,Ana Carolina Moraes,88,PR,Maringá,UPA,Cardiologia,Infecção urinária,2024-10-13,Masculino,Retorno,SUS
4433,Juan Azevedo,16,PR,Londrina,Centro Médico,Psiquiatria,Colesterol elevado,2024-07-30,Masculino,Consulta,Amil
4434,Cauã Cavalcanti,18,RJ,Niterói,Hospital,Dermatologia,Asma,2024-01-15,Feminino,Urgência,Unimed
4435,Otávio Marques,62,PE,Petrolina,UBS,Ginecologia,Dermatite,2023-10-24,Feminino,Consulta,SulAmérica
4436,Cauã Costa,50,CE,Sobral,Hospital,Dermatologia,Lombalgia,2024-09-26,Feminino,Retorno,Bradesco Saúde
4437,Gabriela Alves,52,RJ,Rio de Janeiro,Pronto-Socorro,Ginecologia,Alergia,2024-09-23,Feminino,Exame,SulAmérica
4438,Heloisa Mendonça,48,CE,Sobral,Unidade de Saúde da Família,Oftalmologia,Gastrite,2026-08-09,Feminino,Urgência,Amil
4439,Felipe Sales,72,PE,Recife,Centro Médico,Pediatria,Hipertensão,2023-10-02,Feminino,Retorno,Bradesco Saúde
4440,Diogo Nunes,43,PE,Caruaru,Centro Médico,Pediatria,Diabetes,2024-07-17,Feminino,Urgência,Particular
4441,Isis Azevedo,68,RS,Santa Maria,UPA,Psiquiatria,Artrite,2024-09-05,Feminino,Retorno,Amil
4442,Paulo Peixoto,95,BA,Vitória da Conquista,Pronto-Socorro,Pediatria,Infecção respiratória,2025-04-18,Masculino,Exame,Particular
4443,Clara da Cruz,89,SC,Blumenau,Hospital,Oftalmologia,Ansiedade,2024-07-03,Masculino,Exame,SulAmérica
4444,Dr. Luiz Gustavo Novaes,88,PR,Cascavel,Pronto-Socorro,Clínica Geral,Hipertensão,2024-02-01,Feminino,Exame,SUS
4445,Lavínia Novais,56,RS,Santa Maria,Clínica Particular,Psiquiatria,Hipertensão,2024-07-30,Masculino,Retorno,Particular
4446,Caroline das Neves,8,RS,Caxias do Sul,Clínica Particular,Cardiologia,Artrite,2025-04-21,Masculino,Retorno,SUS
4447,Diego Fogaça,14,SP,São Paulo,UBS,Endocrinologia,Enxaqueca,2023-12-21,Masculino,Exame,Unimed
4448,Emanuel Albuquerque,44,RS,Pelotas,Unidade de Saúde da Família,Ginecologia,Lombalgia,2024-01-28,Masculino,Urgência,Unimed
4449,Anna Liz da Luz,14,MG,Contagem,Centro Médico,Cardiologia,Enxaqueca,2024-01-30,Masculino,Exame,Bradesco Saúde
4450,Luana Barbosa,45,CE,Juazeiro do Norte,Unidade de Saúde da Família,Endocrinologia,Dor abdominal,2023-12-30,Feminino,Consulta,Amil
4451,Nathan Vieira,84,GO,Aparecida de Goiânia,Unidade de Saúde da Família,Cardiologia,Infecção urinária,2023-12-17,Masculino,Urgência,Unimed
4452,Ayla Rezende,80,PE,Petrolina,Laboratório,Ortopedia,Infecção urinária,2024-09-26,Masculino,Urgência,SulAmérica
4453,Sra. Ana Beatriz Fernandes,86,SC,Chapecó,Pronto-Socorro,Cardiologia,Alergia,2026-02-18,Masculino,Urgência,SulAmérica
4454,Murilo Sousa,89,PE,Recife,UBS,Psiquiatria,Consulta de rotina,2025-06-09,Masculino,Exame,SUS
4455,Sr. Igor da Mata,78,RS,Santa Maria,Pronto-Socorro,Neurologia,Gastrite,2023-10-15,Masculino,Retorno,Amil
4456,Sr. Lucas Gabriel Cavalcante,18,SC,Blumenau,Laboratório,Endocrinologia,Dermatite,2023-12-21,Feminino,Consulta,Amil
4457,Luiz Otávio Fogaça,25,GO,Rio Verde,Laboratório,Neurologia,Consulta de rotina,2025-04-06,Masculino,Consulta,Particular
4458,Luana Duarte,10,MG,Contagem,Hospital,Psiquiatria,Lombalgia,2026-04-11,Masculino,Consulta,SUS
4459,Josué Caldeira,21,SC,Chapecó,UBS,Pediatria,Diabetes,2025-08-28,Feminino,Consulta,Bradesco Saúde
4460,Bárbara Mendonça,46,SP,Santos,Laboratório,Pediatria,Dermatite,2026-02-27,Feminino,Urgência,Amil
4461,Gabriela Almeida,5,MG,Uberlândia,UBS,Oftalmologia,Lombalgia,2024-08-23,Feminino,Exame,SUS
4462,Lunna Pacheco,87,PR,Londrina,Centro Médico,Clínica Geral,Artrite,2024-06-11,Masculino,Urgência,SUS
4463,Sr. Lucas Aparecida,17,MG,Contagem,Centro Médico,Ortopedia,Infecção urinária,2025-07-31,Masculino,Urgência,Particular
4464,Marcelo da Conceição,83,PR,Curitiba,Unidade de Saúde da Família,Ginecologia,Lombalgia,2024-02-20,Feminino,Consulta,SulAmérica
4465,Thales Borges,8,RS,Caxias do Sul,UPA,Dermatologia,Artrite,2023-11-09,Feminino,Retorno,Unimed
4466,João Felipe Ramos,36,SP,Ribeirão Preto,Centro Médico,Clínica Geral,Colesterol elevado,2026-05-19,Masculino,Retorno,SUS
4467,Maya Albuquerque,75,SC,Florianópolis,Unidade de Saúde da Família,Clínica Geral,Infecção respiratória,2024-08-24,Feminino,Urgência,Particular
4468,Ana Clara Lopes,12,RS,Caxias do Sul,Hospital,Psiquiatria,Hipertensão,2024-06-29,Feminino,Exame,Particular
4469,Otto Ribeiro,31,SC,Joinville,Centro Médico,Ortopedia,Ansiedade,2023-12-25,Masculino,Exame,Amil
4470,Dr. Luiz Felipe Rocha,56,PR,Cascavel,Centro Médico,Ginecologia,Enxaqueca,2026-05-12,Feminino,Exame,Particular
4471,Arthur Gabriel Cunha,57,CE,Caucaia,Centro Médico,Neurologia,Dor abdominal,2026-05-28,Feminino,Urgência,Unimed
4472,Ana Júlia da Mata,37,SC,Florianópolis,Unidade de Saúde da Família,Cardiologia,Infecção respiratória,2024-08-03,Feminino,Exame,Amil
4473,Liam Nascimento,88,RJ,Petrópolis,Clínica Particular,Psiquiatria,Dor abdominal,2024-05-03,Masculino,Urgência,SUS
4474,Amanda Costa,18,CE,Fortaleza,UBS,Ginecologia,Hipertensão,2024-02-27,Masculino,Retorno,Unimed
4475,João Pedro Macedo,73,PR,Londrina,Hospital,Oftalmologia,Infecção respiratória,2026-07-06,Feminino,Urgência,Bradesco Saúde
4476,Davi Lucas Viana,58,MG,Juiz de Fora,Unidade de Saúde da Família,Ortopedia,Dor abdominal,2024-04-02,Masculino,Retorno,Bradesco Saúde
4477,Valentina Cavalcanti,29,GO,Goiânia,Unidade de Saúde da Família,Cardiologia,Asma,2023-09-14,Masculino,Retorno,Amil
4478,Ana Beatriz Aragão,73,BA,Feira de Santana,Centro Médico,Ginecologia,Alergia,2023-11-12,Masculino,Urgência,SUS
4479,Sarah Câmara,54,RJ,Rio de Janeiro,UPA,Pediatria,Hipertensão,2026-03-14,Feminino,Urgência,Bradesco Saúde
4480,Dr. Vitor Dias,1,RJ,Rio de Janeiro,Pronto-Socorro,Dermatologia,Dor abdominal,2024-03-13,Feminino,Urgência,SUS
4481,Sra. Ana Cecília Campos,38,PE,Caruaru,Pronto-Socorro,Ortopedia,Dermatite,2024-09-15,Masculino,Exame,Bradesco Saúde
4482,Luiz Felipe Brito,19,RJ,Petrópolis,UPA,Clínica Geral,Infecção urinária,2025-06-23,Masculino,Exame,SulAmérica
4483,Augusto Freitas,57,MG,Uberlândia,Laboratório,Endocrinologia,Dor abdominal,2023-08-31,Feminino,Retorno,Amil
4484,Renan Melo,81,SC,Florianópolis,Unidade de Saúde da Família,Endocrinologia,Lombalgia,2024-03-02,Feminino,Consulta,Particular
4485,Dra. Emanuella Carvalho,25,GO,Aparecida de Goiânia,Centro Médico,Ortopedia,Hipertensão,2024-10-21,Masculino,Consulta,Bradesco Saúde
4486,Eduarda Souza,86,SP,São Paulo,Laboratório,Ortopedia,Infecção urinária,2025-12-11,Masculino,Urgência,Bradesco Saúde
4487,Emilly Jesus,58,PE,Petrolina,Centro Médico,Dermatologia,Gastrite,2024-06-27,Feminino,Exame,Particular
4488,Lorena Guerra,71,CE,Caucaia,Pronto-Socorro,Neurologia,Infecção urinária,2026-08-10,Masculino,Retorno,Unimed
4489,Calebe Albuquerque,82,RS,Santa Maria,Clínica Particular,Ortopedia,Infecção respiratória,2025-03-17,Feminino,Exame,Unimed
4490,Maria Eduarda Camargo,9,PE,Caruaru,Centro Médico,Dermatologia,Asma,2024-06-07,Feminino,Retorno,Unimed
4491,Evelyn Teixeira,41,RJ,Volta Redonda,Unidade de Saúde da Família,Ortopedia,Lombalgia,2025-07-18,Masculino,Urgência,Particular
4492,Liz Cunha,73,CE,Sobral,Laboratório,Ginecologia,Asma,2025-10-22,Feminino,Exame,Unimed
4493,Lucas Gabriel Caldeira,6,PE,Recife,Clínica Particular,Ortopedia,Alergia,2025-11-14,Feminino,Retorno,SUS
4494,Marcelo Cunha,95,GO,Rio Verde,Pronto-Socorro,Endocrinologia,Enxaqueca,2023-09-13,Masculino,Consulta,Particular
4495,Dr. Theodoro Gomes,24,GO,Aparecida de Goiânia,UPA,Ginecologia,Diabetes,2024-06-24,Feminino,Urgência,Unimed
4496,Letícia Rodrigues,93,CE,Juazeiro do Norte,Clínica Particular,Neurologia,Infecção urinária,2024-10-08,Masculino,Retorno,Amil
4497,Luiz Fernando Ferreira,6,PE,Petrolina,Pronto-Socorro,Cardiologia,Enxaqueca,2026-06-09,Masculino,Exame,Unimed
4498,Maria Liz Aragão,24,PR,Curitiba,Unidade de Saúde da Família,Clínica Geral,Artrite,2025-10-06,Masculino,Retorno,Amil
4499,Eduardo Porto,76,MG,Uberlândia,UPA,Cardiologia,Hipertensão,2024-12-26,Masculino,Urgência,SulAmérica
4500,Levi da Paz,86,MG,Juiz de Fora,Clínica Particular,Psiquiatria,Infecção respiratória,2026-06-08,Masculino,Urgência,Particular
4501,Yago Teixeira,73,RJ,Petrópolis,Laboratório,Pediatria,Artrite,2026-07-04,Feminino,Consulta,Amil
4502,Francisco da Costa,26,PE,Caruaru,Hospital,Endocrinologia,Alergia,2024-03-25,Masculino,Urgência,Amil
4503,Liz Ferreira,88,PE,Petrolina,Hospital,Clínica Geral,Alergia,2024-11-30,Masculino,Urgência,Unimed
4504,José Miguel Ribeiro,51,PE,Petrolina,Laboratório,Psiquiatria,Enxaqueca,2026-03-06,Masculino,Exame,SulAmérica
4505,Joana Sales,82,SP,São José dos Campos,Pronto-Socorro,Ortopedia,Artrite,2025-10-05,Feminino,Retorno,SulAmérica
4506,Nicole Souza,68,BA,Salvador,Centro Médico,Ginecologia,Consulta de rotina,2026-05-14,Masculino,Urgência,SulAmérica
4507,Gabriela Souza,74,PE,Olinda,Unidade de Saúde da Família,Pediatria,Gastrite,2024-12-08,Feminino,Retorno,SUS
4508,Pedro Henrique Ferreira,58,MG,Juiz de Fora,UPA,Neurologia,Dor abdominal,2024-11-29,Feminino,Exame,Bradesco Saúde
4509,Luna Fogaça,61,GO,Aparecida de Goiânia,Hospital,Dermatologia,Alergia,2024-01-08,Masculino,Retorno,SulAmérica
4510,Milena Barros,82,PR,Maringá,Pronto-Socorro,Oftalmologia,Gastrite,2026-05-29,Feminino,Consulta,Particular
4511,Mateus Cavalcante,39,BA,Salvador,Laboratório,Cardiologia,Artrite,2024-08-10,Masculino,Exame,Bradesco Saúde
4512,Maria Sophia Vieira,65,PE,Olinda,Laboratório,Endocrinologia,Asma,2024-03-24,Feminino,Retorno,Unimed
4513,Sabrina Campos,3,RS,Pelotas,Clínica Particular,Psiquiatria,Lombalgia,2025-06-06,Masculino,Exame,Bradesco Saúde
4514,Dr. Davi Lucca Cunha,12,BA,Ilhéus,Clínica Particular,Dermatologia,Enxaqueca,2026-03-15,Masculino,Retorno,SulAmérica
4515,Samuel da Mata,70,PR,Curitiba,Clínica Particular,Endocrinologia,Hipertensão,2024-05-31,Masculino,Exame,Bradesco Saúde
4516,João Felipe Fonseca,61,PR,Maringá,Laboratório,Psiquiatria,Diabetes,2023-12-21,Masculino,Retorno,Amil
4517,Sr. Luiz Felipe Andrade,81,CE,Caucaia,Hospital,Cardiologia,Colesterol elevado,2025-02-08,Masculino,Retorno,Particular
4518,Dr. Yuri Mendes,28,RJ,Volta Redonda,UBS,Endocrinologia,Colesterol elevado,2024-01-17,Feminino,Retorno,Particular
4519,Beatriz Abreu,31,SP,Campinas,UBS,Ginecologia,Infecção respiratória,2026-03-20,Masculino,Consulta,SUS
4520,Luiz Otávio Pires,82,PR,Cascavel,Clínica Particular,Cardiologia,Enxaqueca,2026-08-07,Masculino,Retorno,Particular
4521,Dom Sousa,6,MG,Contagem,UPA,Ortopedia,Diabetes,2024-04-23,Feminino,Exame,SUS
4522,Leandro Gonçalves,24,SP,São Paulo,Centro Médico,Psiquiatria,Hipertensão,2023-09-23,Masculino,Consulta,SulAmérica
4523,Theo da Paz,82,CE,Sobral,Centro Médico,Oftalmologia,Ansiedade,2026-06-03,Masculino,Consulta,SulAmérica
4524,Ana Luiza Cardoso,84,SP,São Paulo,UBS,Neurologia,Gastrite,2023-09-01,Feminino,Retorno,SUS
4525,Arthur Rezende,68,RS,Pelotas,Clínica Particular,Dermatologia,Dor abdominal,2026-03-31,Feminino,Consulta,Unimed
4526,Larissa Siqueira,37,RJ,Petrópolis,Unidade de Saúde da Família,Dermatologia,Gastrite,2024-09-04,Masculino,Consulta,Amil
4527,Melissa Correia,58,SP,São José dos Campos,Hospital,Pediatria,Alergia,2024-12-22,Masculino,Retorno,Particular
4528,Srta. Juliana Costela,6,RS,Porto Alegre,Clínica Particular,Endocrinologia,Hipertensão,2023-09-18,Masculino,Urgência,SulAmérica
4529,João Gabriel Rodrigues,23,GO,Goiânia,Clínica Particular,Pediatria,Diabetes,2024-01-30,Feminino,Consulta,Particular
4530,Sarah Sampaio,23,BA,Feira de Santana,Pronto-Socorro,Cardiologia,Artrite,2025-09-11,Masculino,Retorno,SulAmérica
4531,Sra. Elisa Vargas,92,BA,Feira de Santana,Unidade de Saúde da Família,Oftalmologia,Infecção respiratória,2024-01-11,Feminino,Retorno,SulAmérica
4532,Lorena Sousa,12,SP,Campinas,Clínica Particular,Cardiologia,Diabetes,2026-05-19,Feminino,Exame,Bradesco Saúde
4533,Maria Liz da Conceição,22,BA,Vitória da Conquista,Clínica Particular,Pediatria,Ansiedade,2025-04-02,Feminino,Exame,SulAmérica
4534,Benjamim Farias,11,SP,São Paulo,Laboratório,Neurologia,Artrite,2023-11-27,Masculino,Consulta,Amil
4535,Dr. Noah Ramos,95,CE,Sobral,UPA,Psiquiatria,Hipertensão,2024-03-16,Masculino,Urgência,Particular
4536,Ravi da Mata,65,BA,Feira de Santana,Laboratório,Dermatologia,Colesterol elevado,2026-05-22,Masculino,Exame,Amil
4537,Stephany Ferreira,22,PR,Curitiba,UPA,Clínica Geral,Consulta de rotina,2023-12-11,Feminino,Consulta,Amil
4538,Maria Fernanda Barros,83,BA,Feira de Santana,Hospital,Dermatologia,Infecção urinária,2025-12-12,Masculino,Urgência,SUS
4539,Luiz Felipe Rodrigues,10,RJ,Petrópolis,Hospital,Ginecologia,Hipertensão,2023-08-21,Feminino,Urgência,Unimed
4540,Srta. Elisa Siqueira,34,SP,São José dos Campos,Centro Médico,Pediatria,Artrite,2026-05-09,Feminino,Exame,Amil
4541,Dr. Liam Moreira,30,CE,Fortaleza,Unidade de Saúde da Família,Endocrinologia,Enxaqueca,2024-05-25,Feminino,Exame,Bradesco Saúde
4542,Ana Beatriz Casa Grande,94,CE,Fortaleza,Hospital,Endocrinologia,Infecção urinária,2026-03-07,Masculino,Consulta,SulAmérica
4543,Ana Peixoto,35,CE,Sobral,Pronto-Socorro,Clínica Geral,Lombalgia,2024-01-23,Masculino,Urgência,Unimed
4544,Cecilia Nogueira,64,SP,São Paulo,UPA,Neurologia,Infecção respiratória,2024-11-16,Feminino,Exame,SUS
4545,Dra. Marcela da Mota,73,MG,Uberlândia,Hospital,Cardiologia,Dermatite,2025-08-22,Masculino,Retorno,Particular
4546,Paulo Monteiro,12,BA,Salvador,UPA,Cardiologia,Dermatite,2026-02-21,Masculino,Urgência,Particular
4547,Pietra Pimenta,50,PE,Olinda,Hospital,Cardiologia,Ansiedade,2024-11-12,Masculino,Urgência,Particular
4548,Maya Monteiro,6,MG,Juiz de Fora,Laboratório,Ginecologia,Diabetes,2026-03-08,Masculino,Exame,SulAmérica
4549,Nathan Melo,10,RS,Santa Maria,UBS,Neurologia,Hipertensão,2025-07-14,Feminino,Urgência,Bradesco Saúde
4550,Igor Nunes,73,BA,Ilhéus,Laboratório,Endocrinologia,Artrite,2025-02-22,Feminino,Retorno,SulAmérica
4551,Maria Vitória Cirino,33,RJ,Niterói,Hospital,Neurologia,Asma,2023-10-21,Masculino,Urgência,SulAmérica
4552,Joaquim Pacheco,32,RS,Porto Alegre,UBS,Psiquiatria,Hipertensão,2025-05-12,Masculino,Consulta,Unimed
4553,Vitória da Costa,64,BA,Ilhéus,Laboratório,Neurologia,Alergia,2025-02-02,Feminino,Consulta,Bradesco Saúde
4554,Sra. Nina Barros,35,BA,Feira de Santana,Laboratório,Clínica Geral,Diabetes,2025-07-05,Feminino,Consulta,Bradesco Saúde
4555,Vicente Martins,58,MG,Belo Horizonte,Laboratório,Dermatologia,Lombalgia,2024-09-14,Masculino,Exame,Amil
4556,Davi Luiz Costa,20,SP,Campinas,Clínica Particular,Endocrinologia,Hipertensão,2025-06-29,Feminino,Urgência,SUS
4557,Sarah Souza,65,RS,Santa Maria,UPA,Neurologia,Alergia,2026-02-27,Masculino,Urgência,SUS
4558,Ravi Lucca Pereira,80,MG,Belo Horizonte,Centro Médico,Psiquiatria,Infecção urinária,2024-04-28,Masculino,Urgência,Bradesco Saúde
4559,Sr. Ravi Peixoto,31,GO,Rio Verde,Centro Médico,Endocrinologia,Alergia,2023-12-08,Masculino,Exame,SUS
4560,Pietra da Luz,28,GO,Aparecida de Goiânia,Centro Médico,Neurologia,Ansiedade,2025-05-28,Masculino,Retorno,SulAmérica
4561,Caio Sá,79,RS,Porto Alegre,Clínica Particular,Psiquiatria,Artrite,2025-07-29,Feminino,Exame,SUS
4562,Maria Julia Vieira,50,GO,Anápolis,Pronto-Socorro,Endocrinologia,Enxaqueca,2023-10-10,Feminino,Retorno,SulAmérica
4563,Pedro Almeida,75,CE,Caucaia,Clínica Particular,Ginecologia,Asma,2026-04-08,Feminino,Urgência,SUS
4564,Lucca Montenegro,71,PR,Curitiba,Laboratório,Neurologia,Gastrite,2025-09-13,Masculino,Retorno,Amil
4565,Larissa Abreu,29,PR,Maringá,Clínica Particular,Dermatologia,Ansiedade,2025-02-04,Masculino,Exame,SulAmérica
4566,Leandro da Rosa,14,MG,Belo Horizonte,Laboratório,Oftalmologia,Dor abdominal,2026-03-06,Masculino,Urgência,Particular
4567,Henry Pastor,89,RJ,Petrópolis,UPA,Cardiologia,Lombalgia,2026-01-21,Feminino,Retorno,Unimed
4568,Juan Araújo,54,BA,Feira de Santana,Clínica Particular,Oftalmologia,Infecção respiratória,2023-12-24,Feminino,Retorno,SUS
4569,Alice Duarte,59,PR,Maringá,Hospital,Dermatologia,Enxaqueca,2025-08-24,Feminino,Urgência,Unimed
4570,Vitória Rodrigues,27,RJ,Petrópolis,Pronto-Socorro,Dermatologia,Ansiedade,2025-12-08,Masculino,Consulta,Particular
4571,Cecília Caldeira,44,RJ,Volta Redonda,Pronto-Socorro,Psiquiatria,Enxaqueca,2024-09-24,Feminino,Urgência,Amil
4572,Evelyn Ramos,11,RS,Caxias do Sul,Pronto-Socorro,Pediatria,Dermatite,2024-01-01,Feminino,Exame,SUS
4573,Dra. Eduarda Costa,47,SC,Florianópolis,UBS,Pediatria,Consulta de rotina,2025-12-19,Masculino,Consulta,Amil
4574,Gael Martins,83,RS,Santa Maria,UPA,Dermatologia,Infecção urinária,2026-03-08,Feminino,Urgência,SUS
4575,Maria Vitória Teixeira,23,GO,Rio Verde,Pronto-Socorro,Neurologia,Asma,2025-03-06,Masculino,Urgência,SUS
4576,Thiago Cavalcante,48,GO,Rio Verde,UBS,Ginecologia,Dor abdominal,2024-12-18,Masculino,Consulta,Amil
4577,Dom Martins,34,BA,Salvador,Centro Médico,Cardiologia,Colesterol elevado,2026-03-11,Masculino,Urgência,Amil
4578,João Guilherme Guerra,88,GO,Aparecida de Goiânia,Clínica Particular,Clínica Geral,Lombalgia,2023-10-09,Feminino,Retorno,Unimed
4579,Sr. Théo Vargas,10,BA,Feira de Santana,Hospital,Endocrinologia,Diabetes,2025-06-17,Masculino,Urgência,Amil
4580,Maria Clara Rodrigues,62,RS,Caxias do Sul,Laboratório,Pediatria,Enxaqueca,2025-01-09,Masculino,Consulta,SulAmérica
4581,Lara Mendes,81,RJ,Petrópolis,Laboratório,Clínica Geral,Gastrite,2025-06-13,Feminino,Exame,Particular
4582,Lívia Viana,77,SP,Ribeirão Preto,Laboratório,Ortopedia,Asma,2025-11-15,Feminino,Urgência,Bradesco Saúde
4583,Valentina Rocha,9,RJ,Niterói,Unidade de Saúde da Família,Psiquiatria,Asma,2023-12-11,Masculino,Exame,Unimed
4584,Maria Sophia Rezende,10,SP,Ribeirão Preto,Pronto-Socorro,Neurologia,Diabetes,2025-07-27,Feminino,Consulta,Particular
4585,Dr. Arthur Miguel Moreira,41,RJ,Niterói,Hospital,Pediatria,Asma,2024-10-29,Masculino,Consulta,Amil
4586,Stephany Sá,33,SP,São Paulo,Hospital,Pediatria,Ansiedade,2024-03-29,Feminino,Retorno,Bradesco Saúde
4587,Srta. Bárbara Cirino,66,GO,Rio Verde,Clínica Particular,Pediatria,Diabetes,2026-07-14,Masculino,Consulta,Bradesco Saúde
4588,Antony Barros,34,PE,Recife,Pronto-Socorro,Pediatria,Lombalgia,2023-08-26,Masculino,Exame,Bradesco Saúde
4589,Danilo Sousa,80,PE,Petrolina,Unidade de Saúde da Família,Endocrinologia,Ansiedade,2025-06-11,Feminino,Retorno,Particular
4590,Sabrina Moraes,37,SP,São Paulo,UBS,Dermatologia,Dermatite,2026-02-08,Feminino,Retorno,Unimed
4591,Srta. Pietra Martins,83,PE,Recife,Unidade de Saúde da Família,Ortopedia,Dermatite,2024-08-26,Feminino,Retorno,SUS
4592,Sra. Ágatha Melo,9,SC,Chapecó,Centro Médico,Psiquiatria,Lombalgia,2026-01-15,Masculino,Urgência,SulAmérica
4593,Joaquim Silveira,59,GO,Anápolis,Centro Médico,Neurologia,Asma,2025-01-08,Feminino,Retorno,Amil
4594,Hadassa Silveira,76,GO,Aparecida de Goiânia,Clínica Particular,Clínica Geral,Lombalgia,2023-11-02,Feminino,Exame,Amil
4595,Sr. Kevin Câmara,85,GO,Rio Verde,Clínica Particular,Oftalmologia,Alergia,2025-10-08,Feminino,Consulta,Amil
4596,Matteo Jesus,6,RS,Porto Alegre,Centro Médico,Psiquiatria,Dor abdominal,2025-10-11,Feminino,Consulta,Unimed
4597,Liz Viana,30,SP,Santos,Hospital,Ortopedia,Lombalgia,2024-03-26,Feminino,Consulta,SUS
4598,Luiz Felipe Rios,71,SC,Blumenau,Laboratório,Psiquiatria,Infecção urinária,2025-01-01,Feminino,Exame,SulAmérica
4599,Isaac Gonçalves,54,SP,São José dos Campos,Clínica Particular,Ginecologia,Enxaqueca,2024-08-22,Feminino,Exame,Particular
4600,Bárbara Carvalho,11,CE,Juazeiro do Norte,UPA,Cardiologia,Hipertensão,2025-09-24,Masculino,Urgência,SUS
4601,Bella Pimenta,85,PE,Olinda,UPA,Oftalmologia,Enxaqueca,2025-08-24,Feminino,Consulta,Bradesco Saúde
4602,Pedro Henrique Cavalcante,36,SP,Campinas,Centro Médico,Psiquiatria,Enxaqueca,2026-08-03,Masculino,Urgência,Bradesco Saúde
4603,Davi Lucas Fogaça,52,PR,Maringá,Centro Médico,Ortopedia,Lombalgia,2026-08-15,Masculino,Urgência,SulAmérica
4604,Evelyn Sá,59,PR,Cascavel,Centro Médico,Clínica Geral,Dermatite,2024-02-23,Feminino,Exame,SulAmérica
4605,Yasmin da Mata,59,BA,Vitória da Conquista,Clínica Particular,Neurologia,Ansiedade,2026-03-23,Feminino,Urgência,SulAmérica
4606,Davi Luiz Ribeiro,10,MG,Juiz de Fora,UPA,Pediatria,Lombalgia,2025-12-22,Feminino,Exame,Amil
4607,Vinícius Lopes,11,GO,Goiânia,Unidade de Saúde da Família,Ginecologia,Colesterol elevado,2024-04-08,Masculino,Retorno,Amil
4608,Maitê Pires,80,GO,Aparecida de Goiânia,Pronto-Socorro,Psiquiatria,Infecção urinária,2023-12-11,Feminino,Urgência,SUS
4609,Daniel Montenegro,64,PR,Cascavel,Pronto-Socorro,Psiquiatria,Ansiedade,2025-04-12,Masculino,Retorno,Particular
4610,Mateus Pacheco,35,PR,Maringá,Hospital,Neurologia,Hipertensão,2024-09-10,Masculino,Urgência,Particular
4611,Matteo Camargo,17,BA,Salvador,Pronto-Socorro,Pediatria,Gastrite,2026-07-27,Feminino,Exame,Unimed
4612,Maria Julia Monteiro,9,PR,Maringá,Clínica Particular,Psiquiatria,Dermatite,2025-10-12,Feminino,Exame,SulAmérica
4613,Joana Rocha,21,PR,Maringá,Pronto-Socorro,Oftalmologia,Diabetes,2025-10-21,Feminino,Retorno,SulAmérica
4614,Rafael Novais,3,PE,Olinda,Pronto-Socorro,Clínica Geral,Artrite,2023-11-13,Feminino,Retorno,Particular
4615,Ana Julia Moura,27,PE,Olinda,Pronto-Socorro,Oftalmologia,Diabetes,2026-06-05,Masculino,Exame,Bradesco Saúde
4616,Milena Azevedo,58,CE,Caucaia,UPA,Endocrinologia,Infecção respiratória,2025-07-28,Feminino,Urgência,Bradesco Saúde
4617,Pedro Rios,89,PR,Londrina,Hospital,Dermatologia,Diabetes,2025-02-08,Masculino,Exame,Particular
4618,Gustavo Henrique Costa,32,PE,Recife,Clínica Particular,Ortopedia,Hipertensão,2024-06-22,Feminino,Urgência,Unimed
4619,Milena Borges,32,RJ,Petrópolis,Laboratório,Oftalmologia,Hipertensão,2025-06-06,Masculino,Consulta,SulAmérica
4620,Yago Pinto,12,GO,Aparecida de Goiânia,Clínica Particular,Neurologia,Ansiedade,2024-04-30,Masculino,Retorno,SulAmérica
4621,Brayan Câmara,75,RJ,Rio de Janeiro,Clínica Particular,Oftalmologia,Alergia,2026-07-23,Feminino,Exame,Amil
4622,Emilly Lima,31,CE,Sobral,Laboratório,Ginecologia,Colesterol elevado,2024-02-06,Feminino,Exame,Unimed
4623,Apollo Rodrigues,39,BA,Vitória da Conquista,Centro Médico,Psiquiatria,Ansiedade,2026-06-05,Masculino,Retorno,Unimed
4624,Helena da Conceição,79,SC,Florianópolis,Centro Médico,Dermatologia,Dor abdominal,2026-02-07,Feminino,Consulta,Particular
4625,Isabella Freitas,49,SP,Campinas,Clínica Particular,Psiquiatria,Lombalgia,2026-08-08,Feminino,Retorno,SUS
4626,Srta. Eloah Rocha,80,SP,São José dos Campos,UPA,Ortopedia,Asma,2024-06-06,Masculino,Retorno,SulAmérica
4627,Diego Câmara,47,RJ,Niterói,UBS,Dermatologia,Infecção urinária,2024-06-04,Feminino,Urgência,SulAmérica
4628,João Vitor Teixeira,3,SP,Ribeirão Preto,UPA,Oftalmologia,Enxaqueca,2024-05-23,Masculino,Exame,SUS
4629,Aylla Correia,50,PE,Recife,Unidade de Saúde da Família,Dermatologia,Asma,2026-02-12,Masculino,Urgência,SulAmérica
4630,Luana Camargo,40,RJ,Petrópolis,Unidade de Saúde da Família,Oftalmologia,Infecção respiratória,2024-03-13,Masculino,Exame,Unimed
4631,Sr. Enzo Santos,95,SC,Joinville,Pronto-Socorro,Pediatria,Alergia,2023-10-02,Feminino,Retorno,Particular
4632,Daniela Lopes,7,MG,Juiz de Fora,Laboratório,Psiquiatria,Lombalgia,2025-04-12,Feminino,Retorno,Unimed
4633,Sra. Marcela Peixoto,21,MG,Belo Horizonte,Clínica Particular,Ginecologia,Artrite,2026-08-02,Masculino,Exame,Amil
4634,Gabrielly da Cruz,48,RJ,Niterói,UPA,Endocrinologia,Enxaqueca,2025-10-20,Masculino,Urgência,Bradesco Saúde
4635,Eloá Campos,50,BA,Salvador,Centro Médico,Psiquiatria,Consulta de rotina,2024-07-06,Masculino,Urgência,Unimed
4636,Cauã Rocha,39,PE,Caruaru,Laboratório,Dermatologia,Colesterol elevado,2024-07-22,Feminino,Retorno,SUS
4637,Yasmin Souza,4,GO,Goiânia,Pronto-Socorro,Cardiologia,Lombalgia,2024-02-19,Masculino,Urgência,SUS
4638,Alana Sales,64,SC,Chapecó,Centro Médico,Ginecologia,Enxaqueca,2024-02-29,Feminino,Consulta,Particular
4639,Antônio da Mota,63,SC,Chapecó,Centro Médico,Clínica Geral,Diabetes,2024-04-07,Feminino,Exame,Amil
4640,Arthur Miguel Guerra,87,SP,São José dos Campos,Clínica Particular,Oftalmologia,Alergia,2025-05-08,Masculino,Urgência,Particular
4641,Dr. Rodrigo Rezende,8,MG,Belo Horizonte,Pronto-Socorro,Cardiologia,Alergia,2025-07-31,Feminino,Consulta,SulAmérica
4642,Sra. Rebeca Jesus,35,CE,Caucaia,Laboratório,Clínica Geral,Infecção urinária,2024-02-07,Masculino,Consulta,Amil
4643,Yan Leão,85,RJ,Niterói,Pronto-Socorro,Clínica Geral,Asma,2024-11-02,Feminino,Retorno,SulAmérica
4644,Vitor Hugo Caldeira,35,RJ,Volta Redonda,Centro Médico,Neurologia,Lombalgia,2026-07-22,Masculino,Exame,Unimed
4645,Raquel da Cruz,92,RS,Caxias do Sul,Clínica Particular,Pediatria,Colesterol elevado,2024-10-15,Feminino,Exame,SulAmérica
4646,Danilo Araújo,12,SC,Blumenau,Centro Médico,Clínica Geral,Gastrite,2026-01-22,Feminino,Consulta,Unimed
4647,Sr. Luiz Henrique Gomes,15,BA,Ilhéus,Centro Médico,Ginecologia,Dermatite,2026-02-20,Feminino,Exame,Particular
4648,Juliana Ribeiro,72,PE,Petrolina,Pronto-Socorro,Clínica Geral,Consulta de rotina,2024-12-18,Masculino,Exame,SulAmérica
4649,Léo Pastor,33,PR,Cascavel,Laboratório,Clínica Geral,Lombalgia,2025-10-29,Feminino,Urgência,Particular
4650,João Miguel Camargo,10,PE,Recife,Clínica Particular,Ortopedia,Consulta de rotina,2025-01-09,Feminino,Exame,SUS
4651,Aurora Barbosa,34,MG,Uberlândia,Centro Médico,Cardiologia,Artrite,2024-09-30,Masculino,Urgência,Amil
4652,Maria Laura Moura,9,GO,Rio Verde,UPA,Cardiologia,Infecção respiratória,2024-12-14,Feminino,Exame,SulAmérica
4653,Luiz Gustavo Rios,75,RS,Santa Maria,Unidade de Saúde da Família,Endocrinologia,Enxaqueca,2024-02-08,Feminino,Exame,SulAmérica
4654,Ana Pacheco,74,PR,Curitiba,Laboratório,Ortopedia,Hipertensão,2025-08-31,Feminino,Retorno,Amil
4655,Sr. Vinicius Moura,91,SP,Santos,Clínica Particular,Oftalmologia,Consulta de rotina,2024-03-11,Masculino,Retorno,Unimed
4656,Laura Sá,55,GO,Goiânia,Pronto-Socorro,Pediatria,Dor abdominal,2026-03-16,Masculino,Consulta,SUS
4657,Gustavo Albuquerque,52,CE,Juazeiro do Norte,Hospital,Cardiologia,Alergia,2025-01-07,Feminino,Retorno,Particular
4658,Sabrina Abreu,74,GO,Goiânia,Laboratório,Ortopedia,Alergia,2026-01-01,Masculino,Urgência,SulAmérica
4659,Isadora Martins,50,BA,Feira de Santana,Hospital,Oftalmologia,Colesterol elevado,2023-09-17,Masculino,Retorno,SUS
4660,Lívia Abreu,25,SP,Ribeirão Preto,Centro Médico,Oftalmologia,Alergia,2025-05-20,Masculino,Urgência,Amil
4661,Antony Caldeira,51,CE,Juazeiro do Norte,Pronto-Socorro,Pediatria,Colesterol elevado,2024-09-20,Feminino,Consulta,Particular
4662,Arthur Gabriel Campos,91,RS,Porto Alegre,Hospital,Ortopedia,Dermatite,2024-01-06,Masculino,Exame,SUS
4663,Murilo Ribeiro,17,SP,Campinas,Pronto-Socorro,Endocrinologia,Infecção respiratória,2026-01-10,Feminino,Urgência,SulAmérica
4664,Lunna Sampaio,42,PE,Olinda,UPA,Ortopedia,Colesterol elevado,2024-12-10,Feminino,Exame,Particular
4665,Luiz Miguel Vasconcelos,2,RJ,Niterói,Clínica Particular,Endocrinologia,Hipertensão,2023-12-27,Feminino,Urgência,Bradesco Saúde
4666,Srta. Jade Pacheco,85,PE,Olinda,UBS,Endocrinologia,Lombalgia,2024-03-03,Masculino,Consulta,SulAmérica
4667,Dr. Ravi Lucca Pacheco,84,RJ,Rio de Janeiro,UPA,Endocrinologia,Colesterol elevado,2025-10-30,Masculino,Exame,Amil
4668,Maria Luísa Monteiro,27,GO,Goiânia,Laboratório,Oftalmologia,Gastrite,2024-09-04,Feminino,Retorno,Amil
4669,Paulo Viana,62,GO,Anápolis,UPA,Endocrinologia,Diabetes,2024-06-12,Masculino,Retorno,Amil
4670,Sr. Davi Lucas da Costa,44,BA,Vitória da Conquista,Hospital,Ortopedia,Dor abdominal,2026-06-10,Feminino,Consulta,SulAmérica
4671,Lavínia Dias,4,MG,Juiz de Fora,Clínica Particular,Neurologia,Lombalgia,2024-08-27,Masculino,Urgência,SulAmérica
4672,Henrique Abreu,85,PR,Curitiba,Clínica Particular,Pediatria,Asma,2023-10-07,Feminino,Urgência,SUS
4673,Benjamim Lima,54,CE,Juazeiro do Norte,Unidade de Saúde da Família,Cardiologia,Consulta de rotina,2026-03-26,Feminino,Consulta,SulAmérica
4674,Sr. Daniel Casa Grande,48,PR,Curitiba,Laboratório,Endocrinologia,Alergia,2025-03-24,Masculino,Exame,Particular
4675,Pietro Martins,43,MG,Contagem,UPA,Dermatologia,Dermatite,2024-10-31,Feminino,Consulta,Bradesco Saúde
4676,Samuel Moura,93,BA,Feira de Santana,Clínica Particular,Endocrinologia,Artrite,2026-04-18,Masculino,Consulta,SulAmérica
4677,Luiz Henrique Vargas,16,RJ,Petrópolis,Pronto-Socorro,Psiquiatria,Alergia,2024-07-03,Feminino,Exame,Amil
4678,Leonardo Alves,32,RS,Porto Alegre,Laboratório,Cardiologia,Gastrite,2023-09-18,Feminino,Exame,Amil
4679,Srta. Ana Carolina Cassiano,66,BA,Feira de Santana,UPA,Pediatria,Asma,2026-06-01,Feminino,Consulta,Bradesco Saúde
4680,Dra. Sophia Martins,91,BA,Vitória da Conquista,Hospital,Pediatria,Consulta de rotina,2025-06-12,Feminino,Urgência,Bradesco Saúde
4681,Dra. Maria Luísa Pires,86,RS,Caxias do Sul,Pronto-Socorro,Ginecologia,Alergia,2024-12-12,Feminino,Exame,Amil
4682,Daniel da Cruz,70,RJ,Niterói,Laboratório,Ginecologia,Infecção urinária,2024-05-17,Feminino,Consulta,SulAmérica
4683,Leonardo Andrade,12,SP,São José dos Campos,Centro Médico,Psiquiatria,Lombalgia,2025-03-29,Feminino,Exame,Bradesco Saúde
4684,Sra. Brenda Mendes,27,PR,Londrina,Centro Médico,Psiquiatria,Colesterol elevado,2026-02-22,Masculino,Exame,Particular
4685,Gustavo Henrique Ramos,12,RJ,Petrópolis,UPA,Neurologia,Hipertensão,2024-12-13,Feminino,Exame,Particular
4686,Maria Júlia Abreu,86,SC,Blumenau,Clínica Particular,Oftalmologia,Hipertensão,2025-11-25,Feminino,Consulta,Amil
4687,Maria Aragão,86,MG,Belo Horizonte,UPA,Clínica Geral,Ansiedade,2024-04-06,Masculino,Retorno,Bradesco Saúde
4688,Felipe Ramos,9,SC,Florianópolis,UPA,Clínica Geral,Colesterol elevado,2025-10-21,Feminino,Exame,Amil
4689,Lorenzo Castro,57,PE,Olinda,UPA,Clínica Geral,Dor abdominal,2024-06-10,Feminino,Retorno,Unimed
4690,Luiza da Mata,49,RS,Caxias do Sul,Centro Médico,Oftalmologia,Alergia,2026-04-26,Masculino,Exame,SulAmérica
4691,Amanda Brito,45,RJ,Rio de Janeiro,Laboratório,Ginecologia,Alergia,2024-08-21,Feminino,Retorno,Bradesco Saúde
4692,Lucas Machado,62,PE,Petrolina,Hospital,Ginecologia,Enxaqueca,2026-05-22,Feminino,Exame,SUS
4693,Igor da Costa,10,GO,Aparecida de Goiânia,Laboratório,Dermatologia,Asma,2025-08-11,Masculino,Urgência,Unimed
4694,Luara Pacheco,31,PE,Petrolina,Hospital,Ginecologia,Artrite,2025-09-03,Feminino,Consulta,Particular
4695,Guilherme Rios,28,MG,Juiz de Fora,UBS,Pediatria,Consulta de rotina,2023-10-28,Masculino,Exame,Amil
4696,Henrique Novaes,35,MG,Juiz de Fora,Unidade de Saúde da Família,Endocrinologia,Ansiedade,2024-09-18,Masculino,Consulta,Bradesco Saúde
4697,Catarina Aparecida,40,BA,Salvador,Hospital,Cardiologia,Colesterol elevado,2024-02-21,Feminino,Exame,Particular
4698,João Lucas Borges,94,BA,Ilhéus,Hospital,Clínica Geral,Hipertensão,2025-10-20,Masculino,Consulta,Particular
4699,Luiz Gustavo da Rocha,67,CE,Caucaia,Centro Médico,Dermatologia,Gastrite,2024-03-15,Feminino,Retorno,SulAmérica
4700,Emilly Abreu,37,RS,Santa Maria,Clínica Particular,Oftalmologia,Colesterol elevado,2024-11-11,Masculino,Consulta,Bradesco Saúde
4701,Maria Júlia Vieira,14,GO,Anápolis,Clínica Particular,Cardiologia,Consulta de rotina,2023-11-17,Feminino,Exame,Amil
4702,Isaque da Mota,19,RJ,Niterói,UBS,Ortopedia,Hipertensão,2023-10-23,Feminino,Urgência,SUS
4703,Sr. José Miguel Alves,84,SC,Blumenau,UPA,Ginecologia,Infecção urinária,2023-12-08,Masculino,Consulta,Particular
4704,Davi Lucca Silva,26,GO,Goiânia,Centro Médico,Psiquiatria,Enxaqueca,2026-03-20,Masculino,Urgência,SUS
4705,Alícia Gomes,9,GO,Anápolis,UPA,Ginecologia,Consulta de rotina,2024-07-24,Feminino,Consulta,SulAmérica
4706,Oliver Monteiro,32,PR,Londrina,Unidade de Saúde da Família,Oftalmologia,Alergia,2024-03-27,Feminino,Exame,Particular
4707,Vicente Cunha,94,PE,Olinda,Centro Médico,Cardiologia,Ansiedade,2024-01-23,Masculino,Urgência,Particular
4708,Elisa Martins,71,PR,Cascavel,Clínica Particular,Endocrinologia,Alergia,2024-06-13,Feminino,Urgência,SulAmérica
4709,Apollo Rios,68,PR,Curitiba,UBS,Endocrinologia,Dor abdominal,2026-03-26,Feminino,Retorno,SUS
4710,Sra. Rafaela Almeida,82,GO,Aparecida de Goiânia,Unidade de Saúde da Família,Clínica Geral,Infecção respiratória,2023-11-18,Feminino,Exame,SUS
4711,Srta. Larissa Rocha,1,SC,Joinville,Unidade de Saúde da Família,Cardiologia,Lombalgia,2025-06-07,Feminino,Consulta,Bradesco Saúde
4712,Laura Duarte,29,BA,Salvador,Clínica Particular,Cardiologia,Diabetes,2024-11-21,Feminino,Exame,Particular
4713,Apollo Campos,58,BA,Ilhéus,Laboratório,Neurologia,Alergia,2024-03-04,Masculino,Retorno,SulAmérica
4714,Sr. Davi Lucca Abreu,5,SC,Joinville,Clínica Particular,Clínica Geral,Ansiedade,2024-08-12,Masculino,Exame,Unimed
4715,Allana Pastor,5,CE,Juazeiro do Norte,Centro Médico,Endocrinologia,Consulta de rotina,2025-12-02,Masculino,Retorno,SulAmérica
4716,Sra. Ana Carolina Cunha,54,SP,Campinas,Hospital,Oftalmologia,Alergia,2024-05-04,Feminino,Exame,Particular
4717,Samuel Câmara,35,GO,Aparecida de Goiânia,Unidade de Saúde da Família,Pediatria,Gastrite,2024-07-21,Feminino,Urgência,Amil
4718,Catarina Pires,52,RJ,Niterói,Pronto-Socorro,Psiquiatria,Dermatite,2024-01-23,Feminino,Exame,Unimed
4719,Jade Borges,89,BA,Salvador,Pronto-Socorro,Ginecologia,Dor abdominal,2024-07-26,Feminino,Urgência,SUS
4720,Luiza Martins,93,BA,Ilhéus,Pronto-Socorro,Dermatologia,Infecção urinária,2025-07-18,Masculino,Urgência,SUS
4721,Maitê Campos,91,PE,Recife,UBS,Endocrinologia,Lombalgia,2025-04-11,Masculino,Consulta,Particular
4722,Elisa Teixeira,61,BA,Ilhéus,Clínica Particular,Ortopedia,Artrite,2023-09-29,Feminino,Consulta,Unimed
4723,Luiz Miguel Ribeiro,37,CE,Sobral,Laboratório,Neurologia,Hipertensão,2025-10-17,Feminino,Consulta,SulAmérica
4724,Antônio Sales,78,PE,Recife,Clínica Particular,Endocrinologia,Asma,2026-03-06,Masculino,Consulta,Bradesco Saúde
4725,Isaac Novaes,56,PR,Maringá,Centro Médico,Clínica Geral,Infecção respiratória,2025-07-12,Feminino,Urgência,Bradesco Saúde
4726,Rafael Novais,32,PE,Recife,Pronto-Socorro,Ginecologia,Gastrite,2025-01-31,Masculino,Retorno,SUS
4727,Bianca Sampaio,32,SC,Joinville,Pronto-Socorro,Psiquiatria,Ansiedade,2026-08-08,Feminino,Retorno,Unimed
4728,Benício Pimenta,7,BA,Ilhéus,Centro Médico,Cardiologia,Lombalgia,2026-06-12,Feminino,Exame,Bradesco Saúde
4729,Valentim Ferreira,25,MG,Contagem,Hospital,Ortopedia,Colesterol elevado,2023-09-24,Masculino,Urgência,SulAmérica
4730,Srta. Heloísa da Cruz,12,MG,Contagem,Laboratório,Cardiologia,Infecção urinária,2023-10-21,Feminino,Retorno,SulAmérica
4731,Davi Lucas Vasconcelos,75,SC,Chapecó,Unidade de Saúde da Família,Dermatologia,Alergia,2025-09-05,Feminino,Retorno,SUS
4732,João Aragão,27,CE,Fortaleza,Centro Médico,Dermatologia,Alergia,2025-04-03,Feminino,Retorno,Amil
4733,Dra. Lara Pires,74,SC,Florianópolis,Clínica Particular,Cardiologia,Colesterol elevado,2024-02-26,Masculino,Retorno,SulAmérica
4734,Luna Siqueira,12,GO,Anápolis,UPA,Ortopedia,Infecção respiratória,2026-05-21,Masculino,Exame,SUS
4735,Natália Abreu,88,BA,Feira de Santana,Pronto-Socorro,Cardiologia,Ansiedade,2026-01-22,Feminino,Urgência,Unimed
4736,Manuella Moura,9,BA,Vitória da Conquista,UPA,Ginecologia,Artrite,2025-02-03,Masculino,Consulta,Unimed
4737,Maya Mendonça,30,SP,São Paulo,Centro Médico,Oftalmologia,Dor abdominal,2025-05-14,Masculino,Retorno,SUS
4738,Augusto Nogueira,56,SC,Joinville,Unidade de Saúde da Família,Ortopedia,Lombalgia,2025-12-07,Feminino,Consulta,Unimed
4739,Dr. Theodoro Pires,47,CE,Sobral,Unidade de Saúde da Família,Cardiologia,Gastrite,2025-02-13,Feminino,Retorno,Particular
4740,Daniela Teixeira,95,PR,Londrina,Centro Médico,Clínica Geral,Artrite,2026-07-12,Feminino,Retorno,Bradesco Saúde
4741,Valentim Camargo,50,PE,Caruaru,Pronto-Socorro,Ortopedia,Enxaqueca,2024-02-08,Feminino,Exame,Particular
4742,Mariana Albuquerque,27,SC,Joinville,Hospital,Psiquiatria,Infecção respiratória,2024-10-31,Feminino,Exame,SUS
4743,Erick Fogaça,51,SC,Blumenau,Unidade de Saúde da Família,Ortopedia,Gastrite,2024-05-22,Masculino,Consulta,Amil
4744,Bryan Nascimento,3,PR,Londrina,Pronto-Socorro,Oftalmologia,Hipertensão,2026-08-07,Masculino,Exame,SUS
4745,João Felipe Fernandes,66,PE,Olinda,Hospital,Ortopedia,Dor abdominal,2025-12-26,Feminino,Urgência,Bradesco Saúde
4746,Vicente Borges,37,SP,São José dos Campos,Unidade de Saúde da Família,Dermatologia,Consulta de rotina,2026-08-01,Masculino,Consulta,Amil
4747,João Guilherme Cardoso,84,PR,Maringá,Clínica Particular,Clínica Geral,Dor abdominal,2024-03-16,Masculino,Consulta,SulAmérica
4748,Caleb Novais,53,RJ,Volta Redonda,Clínica Particular,Oftalmologia,Gastrite,2025-01-04,Masculino,Retorno,Bradesco Saúde
4749,Marcela Rios,41,RS,Pelotas,Pronto-Socorro,Cardiologia,Enxaqueca,2025-12-21,Masculino,Urgência,Amil
4750,Lunna Farias,20,GO,Rio Verde,UPA,Psiquiatria,Lombalgia,2025-01-31,Masculino,Consulta,SulAmérica
4751,Maria Isis Gomes,40,SP,São José dos Campos,Laboratório,Cardiologia,Hipertensão,2024-06-22,Feminino,Exame,SulAmérica
4752,Enzo Gabriel Gonçalves,24,SP,São Paulo,Laboratório,Clínica Geral,Enxaqueca,2023-08-20,Feminino,Consulta,SulAmérica
4753,Daniel Moura,34,RJ,Volta Redonda,Centro Médico,Ortopedia,Artrite,2026-01-09,Masculino,Exame,SUS
4754,Pedro Henrique Sousa,10,RS,Pelotas,Hospital,Oftalmologia,Gastrite,2025-07-10,Feminino,Urgência,Unimed
4755,Alice Sá,19,CE,Caucaia,UBS,Oftalmologia,Lombalgia,2024-11-03,Masculino,Retorno,SulAmérica
4756,Dr. Marcos Vinicius Cardoso,28,RS,Caxias do Sul,Clínica Particular,Ginecologia,Enxaqueca,2025-09-08,Feminino,Consulta,Amil
4757,Manuella Mendes,83,RJ,Rio de Janeiro,Hospital,Neurologia,Colesterol elevado,2024-08-28,Masculino,Urgência,Particular
4758,Heloísa Sá,85,MG,Uberlândia,Hospital,Ginecologia,Infecção urinária,2025-05-11,Masculino,Exame,Amil
4759,Luna Silva,33,CE,Fortaleza,Centro Médico,Ortopedia,Ansiedade,2023-12-13,Masculino,Retorno,Particular
4760,Sra. Aylla Silveira,33,CE,Fortaleza,Unidade de Saúde da Família,Psiquiatria,Colesterol elevado,2026-06-17,Feminino,Urgência,Unimed
4761,Mateus Freitas,73,RJ,Niterói,UPA,Dermatologia,Colesterol elevado,2025-02-22,Masculino,Retorno,Particular
4762,Ravi Ramos,46,MG,Belo Horizonte,UPA,Clínica Geral,Artrite,2026-07-18,Feminino,Retorno,Particular
4763,Srta. Sarah da Rosa,71,CE,Sobral,Hospital,Cardiologia,Dermatite,2026-07-30,Masculino,Exame,Bradesco Saúde
4764,Calebe Porto,43,PE,Olinda,Hospital,Ginecologia,Colesterol elevado,2024-10-29,Masculino,Exame,SulAmérica
4765,Sr. Anthony Gabriel das Neves,36,PR,Londrina,UBS,Ortopedia,Ansiedade,2025-10-24,Feminino,Retorno,Particular
4766,Antônio Siqueira,47,PR,Londrina,Hospital,Pediatria,Alergia,2024-08-08,Feminino,Exame,SUS
4767,Vitor Hugo Vasconcelos,65,PR,Londrina,Pronto-Socorro,Dermatologia,Hipertensão,2023-11-18,Masculino,Exame,SulAmérica
4768,Esther Silva,33,PE,Caruaru,Clínica Particular,Psiquiatria,Consulta de rotina,2025-03-17,Feminino,Retorno,SulAmérica
4769,Sr. João da Conceição,95,SC,Blumenau,Hospital,Ortopedia,Dor abdominal,2026-04-27,Masculino,Exame,SulAmérica
4770,Josué Correia,37,RS,Porto Alegre,Laboratório,Ortopedia,Dermatite,2023-11-07,Masculino,Consulta,Bradesco Saúde
4771,Sra. Maya Farias,43,BA,Salvador,Hospital,Dermatologia,Ansiedade,2025-11-18,Feminino,Consulta,Unimed
4772,Sr. Guilherme Barbosa,41,GO,Goiânia,UBS,Endocrinologia,Infecção respiratória,2023-10-10,Masculino,Exame,Amil
4773,Dra. Ana Luiza Rodrigues,8,MG,Belo Horizonte,Hospital,Neurologia,Enxaqueca,2025-07-08,Feminino,Urgência,Amil
4774,Sra. Laura Gomes,73,GO,Aparecida de Goiânia,UBS,Cardiologia,Alergia,2025-10-17,Masculino,Exame,Unimed
4775,Gustavo Henrique Camargo,26,SP,São Paulo,Pronto-Socorro,Ginecologia,Gastrite,2024-06-02,Feminino,Exame,Unimed
4776,Marina Ferreira,62,CE,Caucaia,Pronto-Socorro,Dermatologia,Consulta de rotina,2024-06-23,Feminino,Exame,Amil
4777,Sra. Lara Pires,18,SP,Ribeirão Preto,Clínica Particular,Oftalmologia,Gastrite,2026-04-15,Masculino,Urgência,Amil
4778,Renan da Conceição,19,RS,Porto Alegre,Hospital,Endocrinologia,Diabetes,2023-12-01,Masculino,Retorno,Amil
4779,Vitor Gabriel Gonçalves,65,SC,Joinville,UPA,Ginecologia,Dermatite,2026-03-13,Masculino,Urgência,Particular
4780,Samuel Cavalcanti,75,RS,Caxias do Sul,Clínica Particular,Ginecologia,Diabetes,2026-06-29,Feminino,Consulta,SUS
4781,Emanuel Abreu,62,PE,Caruaru,Unidade de Saúde da Família,Ginecologia,Infecção respiratória,2023-11-19,Feminino,Exame,Bradesco Saúde
4782,Srta. Emanuelly Santos,28,RS,Porto Alegre,UBS,Oftalmologia,Dor abdominal,2025-01-11,Feminino,Exame,Bradesco Saúde
4783,Ana Luiza Mendonça,41,RJ,Volta Redonda,UPA,Dermatologia,Dermatite,2024-03-21,Masculino,Retorno,Unimed
4784,Emanuella Silveira,50,PR,Cascavel,Pronto-Socorro,Pediatria,Consulta de rotina,2025-12-31,Masculino,Retorno,Particular
4785,Ana Clara Vieira,31,PR,Maringá,Centro Médico,Pediatria,Asma,2023-12-25,Feminino,Consulta,Bradesco Saúde
4786,Maria Fernanda Marques,25,SC,Blumenau,UPA,Psiquiatria,Colesterol elevado,2025-06-14,Feminino,Retorno,Unimed
4787,Dr. Leonardo Vieira,11,SP,São Paulo,Pronto-Socorro,Psiquiatria,Colesterol elevado,2024-08-21,Feminino,Urgência,Amil
4788,Vitória Gonçalves,94,BA,Vitória da Conquista,Unidade de Saúde da Família,Ortopedia,Infecção urinária,2024-10-21,Feminino,Exame,Particular
4789,Thales Moraes,74,RS,Porto Alegre,Laboratório,Neurologia,Artrite,2024-10-09,Masculino,Urgência,Unimed
4790,Benjamin Gonçalves,74,PE,Caruaru,Unidade de Saúde da Família,Neurologia,Dor abdominal,2024-09-22,Feminino,Consulta,Particular
4791,Dr. Guilherme Ribeiro,3,PR,Maringá,Centro Médico,Neurologia,Dor abdominal,2025-09-25,Feminino,Consulta,Particular
4792,Dr. José Miguel da Cruz,38,SC,Florianópolis,UBS,Neurologia,Ansiedade,2024-01-27,Feminino,Exame,Bradesco Saúde
4793,Ana Julia Ferreira,5,RS,Caxias do Sul,Unidade de Saúde da Família,Pediatria,Colesterol elevado,2025-10-13,Masculino,Exame,SulAmérica
4794,Bryan Silva,87,CE,Fortaleza,Laboratório,Psiquiatria,Consulta de rotina,2024-07-26,Masculino,Exame,Unimed
4795,Luiz Otávio Campos,24,SC,Chapecó,Clínica Particular,Oftalmologia,Dor abdominal,2026-06-09,Feminino,Consulta,Particular
4796,Clara da Mata,69,SP,Santos,Centro Médico,Neurologia,Artrite,2025-10-10,Feminino,Exame,Particular
4797,Henry Rodrigues,42,MG,Contagem,Unidade de Saúde da Família,Pediatria,Artrite,2024-10-25,Masculino,Retorno,Bradesco Saúde
4798,Isaque Rodrigues,63,RJ,Niterói,Centro Médico,Pediatria,Enxaqueca,2024-12-23,Masculino,Exame,Particular
4799,Isabelly Pimenta,13,SC,Blumenau,Centro Médico,Endocrinologia,Colesterol elevado,2024-10-10,Feminino,Urgência,SUS
4800,Beatriz Macedo,8,CE,Caucaia,Pronto-Socorro,Ortopedia,Alergia,2026-03-29,Feminino,Retorno,Particular
4801,Dr. Luiz Fernando Sampaio,48,SC,Blumenau,Laboratório,Neurologia,Hipertensão,2024-10-14,Feminino,Consulta,Amil
4802,Sophia Ferreira,33,GO,Anápolis,UBS,Dermatologia,Asma,2026-06-22,Feminino,Consulta,Particular
4803,Nathan Garcia,5,SP,Santos,Unidade de Saúde da Família,Ginecologia,Gastrite,2024-02-19,Masculino,Retorno,SUS
4804,Rael Silva,94,RJ,Rio de Janeiro,Laboratório,Dermatologia,Colesterol elevado,2024-07-09,Masculino,Exame,Bradesco Saúde
4805,Dr. Alexandre Silva,75,CE,Caucaia,Laboratório,Endocrinologia,Asma,2025-10-29,Masculino,Retorno,SulAmérica
4806,Marcelo Pimenta,40,SC,Blumenau,UPA,Neurologia,Ansiedade,2024-12-22,Masculino,Urgência,Unimed
4807,Theodoro Aragão,74,GO,Rio Verde,UPA,Ginecologia,Diabetes,2025-10-21,Feminino,Retorno,Amil
4808,Luna Câmara,36,PE,Caruaru,Unidade de Saúde da Família,Ginecologia,Artrite,2023-09-01,Feminino,Retorno,SulAmérica
4809,Yan Barros,8,CE,Fortaleza,Centro Médico,Ortopedia,Consulta de rotina,2025-01-22,Masculino,Urgência,SulAmérica
4810,Juan Silva,56,GO,Goiânia,Unidade de Saúde da Família,Neurologia,Diabetes,2023-11-09,Feminino,Retorno,SulAmérica
4811,Srta. Ana Beatriz Câmara,82,PE,Recife,UBS,Neurologia,Enxaqueca,2025-04-11,Masculino,Consulta,Unimed
4812,Maria Fernanda Leão,45,SP,Campinas,Laboratório,Clínica Geral,Hipertensão,2025-05-23,Feminino,Consulta,SUS
4813,Gael Henrique Novais,88,RJ,Volta Redonda,Laboratório,Neurologia,Alergia,2025-05-08,Feminino,Retorno,Amil
4814,Emanuelly Cardoso,15,SP,Ribeirão Preto,UPA,Neurologia,Consulta de rotina,2025-11-28,Feminino,Consulta,Amil
4815,Manuela da Mota,95,PE,Olinda,Centro Médico,Clínica Geral,Gastrite,2024-07-04,Feminino,Retorno,SulAmérica
4816,Gael Henrique Mendes,73,CE,Caucaia,Hospital,Dermatologia,Dor abdominal,2024-11-08,Masculino,Exame,SulAmérica
4817,Thomas Silveira,51,PE,Petrolina,UPA,Pediatria,Dermatite,2024-08-25,Feminino,Consulta,SUS
4818,Sra. Maria Liz Marques,32,BA,Vitória da Conquista,UBS,Oftalmologia,Infecção urinária,2026-05-10,Masculino,Consulta,Unimed
4819,Théo Pinto,54,SC,Blumenau,Pronto-Socorro,Neurologia,Infecção respiratória,2025-04-14,Feminino,Exame,Particular
4820,Ana Sophia Moura,60,RS,Santa Maria,UPA,Clínica Geral,Infecção urinária,2026-08-08,Masculino,Exame,Bradesco Saúde
4821,Davi Lucas Silva,89,SP,Ribeirão Preto,UBS,Ginecologia,Asma,2026-01-12,Feminino,Consulta,SulAmérica
4822,Anthony Lopes,9,MG,Contagem,Clínica Particular,Dermatologia,Hipertensão,2025-09-15,Feminino,Retorno,Particular
4823,Sr. Theo Melo,87,MG,Uberlândia,Hospital,Oftalmologia,Gastrite,2024-03-30,Feminino,Exame,Amil
4824,Sr. Luan Nogueira,84,BA,Vitória da Conquista,Hospital,Ginecologia,Dor abdominal,2023-12-20,Masculino,Urgência,SUS
4825,Ana Júlia Ferreira,73,RJ,Volta Redonda,Pronto-Socorro,Ortopedia,Lombalgia,2024-06-16,Masculino,Retorno,Bradesco Saúde
4826,Maria Eduarda da Cunha,60,PE,Recife,Hospital,Ginecologia,Artrite,2025-07-02,Masculino,Retorno,Bradesco Saúde
4827,Dom Martins,58,SP,Santos,Clínica Particular,Pediatria,Diabetes,2023-12-31,Masculino,Exame,Amil
4828,Alexia Borges,38,SC,Chapecó,Centro Médico,Ginecologia,Dermatite,2023-08-17,Feminino,Retorno,Amil
4829,Dra. Carolina Cardoso,16,RJ,Petrópolis,Hospital,Neurologia,Hipertensão,2026-06-02,Feminino,Urgência,Amil
4830,Antônio Ramos,21,SP,Santos,Centro Médico,Clínica Geral,Artrite,2026-03-08,Feminino,Exame,Unimed
4831,Elisa Rodrigues,17,RS,Porto Alegre,Clínica Particular,Ginecologia,Ansiedade,2024-04-01,Feminino,Retorno,Unimed
4832,Sra. Hadassa Pastor,77,SC,Chapecó,UPA,Oftalmologia,Dor abdominal,2025-08-22,Feminino,Exame,Particular
4833,Dr. Luan Nascimento,83,SP,Ribeirão Preto,UPA,Ginecologia,Infecção urinária,2025-03-31,Feminino,Consulta,Unimed
4834,Brenda Borges,76,RJ,Volta Redonda,Unidade de Saúde da Família,Ginecologia,Diabetes,2026-08-15,Masculino,Exame,Bradesco Saúde
4835,Pedro Miguel da Mota,28,RS,Pelotas,UBS,Pediatria,Alergia,2026-06-14,Masculino,Urgência,Unimed
4836,Marcos Vinicius Freitas,86,BA,Salvador,UBS,Psiquiatria,Alergia,2023-12-26,Feminino,Retorno,Particular
4837,Rebeca Novais,54,PR,Maringá,UBS,Oftalmologia,Enxaqueca,2023-11-13,Feminino,Consulta,Unimed
4838,Enzo Viana,43,MG,Contagem,Clínica Particular,Pediatria,Colesterol elevado,2024-07-10,Masculino,Retorno,SulAmérica
4839,Francisco Vasconcelos,6,RS,Santa Maria,UBS,Clínica Geral,Diabetes,2025-11-24,Feminino,Consulta,SUS
4840,Srta. Valentina Moreira,10,GO,Rio Verde,Pronto-Socorro,Clínica Geral,Colesterol elevado,2024-10-13,Feminino,Retorno,Amil
4841,Pedro Miguel das Neves,18,RS,Porto Alegre,Laboratório,Endocrinologia,Diabetes,2025-09-21,Feminino,Retorno,Particular
4842,Raquel Costela,3,SP,São José dos Campos,Centro Médico,Endocrinologia,Artrite,2024-04-09,Masculino,Urgência,SulAmérica
4843,Murilo Castro,70,SC,Florianópolis,UBS,Dermatologia,Hipertensão,2026-04-06,Masculino,Retorno,Unimed
4844,Davi da Cruz,5,SP,Santos,UBS,Clínica Geral,Lombalgia,2026-08-02,Feminino,Retorno,Unimed
4845,Aylla Cunha,76,SC,Chapecó,Hospital,Pediatria,Diabetes,2023-10-01,Masculino,Consulta,Particular
4846,Bernardo Farias,73,PE,Petrolina,Pronto-Socorro,Oftalmologia,Hipertensão,2026-01-12,Masculino,Consulta,SUS
4847,Ana Carolina Leão,58,RS,Santa Maria,Laboratório,Dermatologia,Infecção respiratória,2026-03-27,Masculino,Retorno,SulAmérica
4848,Luiza Rios,51,BA,Feira de Santana,UPA,Clínica Geral,Alergia,2025-02-09,Feminino,Urgência,Bradesco Saúde
4849,Arthur da Rosa,23,BA,Salvador,Laboratório,Clínica Geral,Dermatite,2026-01-13,Masculino,Consulta,SUS
4850,Luiza Santos,93,PR,Curitiba,Pronto-Socorro,Oftalmologia,Lombalgia,2024-12-02,Feminino,Urgência,Amil
4851,Marcela Rodrigues,51,RJ,Volta Redonda,Centro Médico,Neurologia,Dermatite,2025-12-31,Masculino,Retorno,Particular
4852,Ester da Luz,8,RS,Pelotas,Pronto-Socorro,Ortopedia,Ansiedade,2026-01-21,Feminino,Urgência,SulAmérica
4853,Brenda Mendes,35,RJ,Volta Redonda,Centro Médico,Clínica Geral,Artrite,2025-12-03,Feminino,Retorno,SulAmérica
4854,Nathan Duarte,25,GO,Anápolis,UPA,Pediatria,Dermatite,2025-08-29,Masculino,Consulta,Amil
4855,Sr. Gael Ramos,94,MG,Juiz de Fora,Unidade de Saúde da Família,Oftalmologia,Enxaqueca,2024-01-01,Masculino,Retorno,Amil
4856,Ravy Pires,86,RJ,Niterói,Centro Médico,Ginecologia,Alergia,2024-08-23,Feminino,Urgência,Bradesco Saúde
4857,Antônio Mendonça,65,PE,Recife,Hospital,Ginecologia,Dermatite,2024-03-14,Masculino,Retorno,Unimed
4858,Mathias Vargas,29,SP,São José dos Campos,Centro Médico,Dermatologia,Infecção urinária,2025-05-16,Feminino,Retorno,SulAmérica
4859,Carolina Vieira,73,CE,Juazeiro do Norte,UBS,Psiquiatria,Infecção respiratória,2024-12-23,Masculino,Exame,Bradesco Saúde
4860,Elisa Melo,49,PE,Caruaru,Clínica Particular,Pediatria,Lombalgia,2025-04-21,Feminino,Retorno,Amil
4861,Liz Rezende,18,PE,Olinda,Clínica Particular,Oftalmologia,Artrite,2025-10-06,Masculino,Consulta,SUS
4862,Davi Luiz Brito,30,CE,Juazeiro do Norte,Pronto-Socorro,Cardiologia,Artrite,2024-05-16,Masculino,Urgência,Unimed
4863,Srta. Ísis Machado,21,CE,Fortaleza,UPA,Endocrinologia,Hipertensão,2026-03-20,Masculino,Exame,Amil
4864,José Pedro Pereira,54,RJ,Rio de Janeiro,UPA,Psiquiatria,Enxaqueca,2024-07-06,Feminino,Consulta,SUS
4865,Arthur Machado,35,PE,Caruaru,Unidade de Saúde da Família,Ortopedia,Colesterol elevado,2026-03-07,Feminino,Retorno,Unimed
4866,Gabriel Porto,90,RJ,Petrópolis,Clínica Particular,Psiquiatria,Diabetes,2023-12-13,Masculino,Retorno,SUS
4867,João Rocha,68,PR,Curitiba,Laboratório,Oftalmologia,Alergia,2026-03-23,Masculino,Exame,Amil
4868,Arthur Freitas,61,CE,Juazeiro do Norte,Unidade de Saúde da Família,Pediatria,Colesterol elevado,2024-09-18,Masculino,Consulta,Particular
4869,Davi Luiz Cunha,1,SP,Santos,Clínica Particular,Endocrinologia,Enxaqueca,2024-10-09,Masculino,Exame,Bradesco Saúde
4870,Gustavo Henrique Vargas,3,MG,Contagem,UBS,Endocrinologia,Alergia,2025-06-20,Feminino,Exame,Bradesco Saúde
4871,Dra. Ana Julia Fernandes,25,BA,Feira de Santana,Pronto-Socorro,Pediatria,Infecção respiratória,2026-02-27,Feminino,Retorno,Bradesco Saúde
4872,Sophie Aparecida,18,PR,Londrina,Pronto-Socorro,Pediatria,Lombalgia,2024-02-06,Feminino,Exame,Amil
4873,Enrico Nunes,59,MG,Contagem,Pronto-Socorro,Ginecologia,Alergia,2023-08-18,Feminino,Consulta,SUS
4874,Ana Laura Novais,24,RJ,Petrópolis,UBS,Cardiologia,Ansiedade,2026-03-08,Feminino,Urgência,Amil
4875,Pedro Henrique Almeida,92,SP,Campinas,Laboratório,Ortopedia,Artrite,2024-01-31,Masculino,Exame,SulAmérica
4876,Sr. Felipe Casa Grande,70,SC,Chapecó,Pronto-Socorro,Pediatria,Colesterol elevado,2023-11-11,Masculino,Urgência,Amil
4877,Maria Eduarda Araújo,48,BA,Feira de Santana,Pronto-Socorro,Neurologia,Colesterol elevado,2023-09-14,Feminino,Consulta,Amil
4878,Lavínia Vasconcelos,88,GO,Aparecida de Goiânia,UPA,Endocrinologia,Lombalgia,2024-12-21,Masculino,Retorno,SulAmérica
4879,Lívia Brito,41,SP,Campinas,Pronto-Socorro,Oftalmologia,Diabetes,2024-08-06,Feminino,Exame,Bradesco Saúde
4880,Lucas Rodrigues,57,RS,Santa Maria,Unidade de Saúde da Família,Endocrinologia,Infecção urinária,2024-07-09,Masculino,Exame,SUS
4881,Vitória Nascimento,29,PE,Recife,Centro Médico,Psiquiatria,Asma,2025-02-24,Feminino,Urgência,Bradesco Saúde
4882,Mariah Costa,15,MG,Belo Horizonte,Centro Médico,Neurologia,Infecção respiratória,2024-10-08,Masculino,Urgência,SulAmérica
4883,Maya Ferreira,80,SP,São Paulo,Pronto-Socorro,Neurologia,Dor abdominal,2024-02-05,Feminino,Exame,Bradesco Saúde
4884,Daniel Fonseca,52,PE,Olinda,Clínica Particular,Endocrinologia,Ansiedade,2025-06-22,Feminino,Urgência,Unimed
4885,Srta. Natália Leão,87,GO,Rio Verde,Unidade de Saúde da Família,Psiquiatria,Diabetes,2026-01-01,Feminino,Retorno,SUS
4886,Fernanda Viana,71,SP,São Paulo,UBS,Clínica Geral,Colesterol elevado,2023-10-29,Masculino,Consulta,SulAmérica
4887,Ana Clara Viana,65,RS,Caxias do Sul,Laboratório,Oftalmologia,Consulta de rotina,2026-02-15,Masculino,Exame,SUS
4888,Clara Martins,42,BA,Salvador,Unidade de Saúde da Família,Ginecologia,Consulta de rotina,2025-12-06,Feminino,Consulta,Unimed
4889,Maria Cecília Guerra,73,GO,Goiânia,Laboratório,Neurologia,Diabetes,2024-11-25,Masculino,Consulta,Particular
4890,Maria Isis Jesus,66,RS,Pelotas,Unidade de Saúde da Família,Pediatria,Enxaqueca,2025-01-13,Masculino,Retorno,Amil
4891,Luan Oliveira,55,RS,Santa Maria,Centro Médico,Pediatria,Consulta de rotina,2025-07-30,Feminino,Retorno,Particular
4892,Srta. Maria Fernanda Guerra,59,BA,Salvador,UBS,Psiquiatria,Alergia,2025-10-23,Masculino,Urgência,Particular
4893,José Pedro Moura,33,MG,Uberlândia,Clínica Particular,Ortopedia,Lombalgia,2024-11-30,Masculino,Exame,Amil
4894,Yago Cirino,88,BA,Ilhéus,Unidade de Saúde da Família,Neurologia,Alergia,2025-12-13,Masculino,Urgência,SulAmérica
4895,Liam Brito,43,MG,Contagem,Unidade de Saúde da Família,Ginecologia,Hipertensão,2025-03-03,Masculino,Consulta,Particular
4896,Ana Beatriz Aragão,77,RS,Santa Maria,UBS,Dermatologia,Hipertensão,2025-07-08,Feminino,Exame,Particular
4897,Paulo Moraes,53,MG,Belo Horizonte,UBS,Psiquiatria,Consulta de rotina,2023-11-09,Masculino,Exame,Unimed
4898,Clarice Pereira,91,PE,Petrolina,Laboratório,Psiquiatria,Colesterol elevado,2024-02-08,Feminino,Urgência,Amil
4899,Daniel Ribeiro,59,MG,Belo Horizonte,UBS,Pediatria,Enxaqueca,2026-06-22,Masculino,Urgência,Amil
4900,Melissa Andrade,95,PE,Olinda,Hospital,Ortopedia,Infecção respiratória,2024-05-16,Feminino,Retorno,Amil
4901,Srta. Mariane da Paz,92,GO,Anápolis,UPA,Ginecologia,Lombalgia,2025-03-28,Feminino,Exame,Amil
4902,Letícia Oliveira,94,PR,Maringá,Hospital,Neurologia,Artrite,2023-10-15,Masculino,Consulta,SulAmérica
4903,Ana Lima,67,CE,Caucaia,Clínica Particular,Psiquiatria,Enxaqueca,2025-02-25,Feminino,Exame,Unimed
4904,Ana Beatriz Jesus,24,PE,Recife,Laboratório,Cardiologia,Enxaqueca,2025-12-07,Masculino,Exame,SulAmérica
4905,Stephany Monteiro,74,PR,Curitiba,Laboratório,Pediatria,Dermatite,2026-01-18,Feminino,Urgência,Amil
4906,Dr. Danilo Albuquerque,29,RS,Pelotas,Hospital,Psiquiatria,Lombalgia,2025-06-27,Masculino,Urgência,Amil
4907,Isaac da Paz,3,PE,Olinda,Hospital,Oftalmologia,Dor abdominal,2025-09-07,Feminino,Retorno,SulAmérica
4908,Gael Borges,46,RJ,Rio de Janeiro,UBS,Oftalmologia,Enxaqueca,2025-06-09,Masculino,Exame,Bradesco Saúde
4909,Dr. Davi Miguel Pires,39,CE,Fortaleza,UBS,Cardiologia,Dor abdominal,2023-09-16,Feminino,Retorno,SulAmérica
4910,Luiz Fernando Silva,78,CE,Caucaia,Laboratório,Ginecologia,Ansiedade,2026-01-15,Masculino,Exame,SulAmérica
4911,Luiza Fogaça,75,MG,Juiz de Fora,Laboratório,Neurologia,Alergia,2024-06-23,Feminino,Consulta,Unimed
4912,Ester Azevedo,67,BA,Vitória da Conquista,Hospital,Neurologia,Diabetes,2025-04-13,Masculino,Exame,Bradesco Saúde
4913,Alexandre da Cruz,42,GO,Goiânia,Pronto-Socorro,Endocrinologia,Infecção respiratória,2026-04-11,Feminino,Consulta,Particular
4914,Raul Jesus,28,MG,Uberlândia,UBS,Ortopedia,Infecção respiratória,2023-08-31,Feminino,Retorno,Amil
4915,Matteo Sales,3,RS,Santa Maria,UPA,Cardiologia,Dor abdominal,2025-05-07,Feminino,Urgência,Particular
4916,Marcela Campos,62,BA,Ilhéus,UBS,Pediatria,Asma,2024-02-26,Masculino,Urgência,SUS
4917,Maria Clara Novais,93,BA,Salvador,Centro Médico,Oftalmologia,Colesterol elevado,2025-06-10,Masculino,Exame,Amil
4918,Leandro Garcia,72,BA,Vitória da Conquista,UPA,Pediatria,Dor abdominal,2024-11-26,Feminino,Urgência,SUS
4919,Marcos Vinicius Pereira,72,SC,Blumenau,Unidade de Saúde da Família,Clínica Geral,Dermatite,2024-06-11,Feminino,Retorno,Particular
4920,Davi Lucca Novaes,71,MG,Uberlândia,UPA,Psiquiatria,Ansiedade,2025-11-11,Masculino,Retorno,Unimed
4921,Luana Monteiro,68,MG,Contagem,Unidade de Saúde da Família,Cardiologia,Lombalgia,2025-08-21,Masculino,Urgência,Bradesco Saúde
4922,Sra. Melina Leão,63,PE,Caruaru,UPA,Oftalmologia,Artrite,2023-10-19,Feminino,Exame,Unimed
4923,Aylla Costela,87,PE,Caruaru,Centro Médico,Ginecologia,Hipertensão,2024-08-29,Feminino,Retorno,Bradesco Saúde
4924,Gabriel Jesus,2,PR,Curitiba,UBS,Endocrinologia,Lombalgia,2024-10-01,Masculino,Consulta,Bradesco Saúde
4925,Maria Vitória Marques,52,CE,Juazeiro do Norte,Pronto-Socorro,Ginecologia,Colesterol elevado,2026-03-26,Masculino,Urgência,Bradesco Saúde
4926,Rafael da Cunha,41,RJ,Rio de Janeiro,Hospital,Cardiologia,Hipertensão,2025-10-13,Feminino,Exame,Bradesco Saúde
4927,Sra. Heloisa Pimenta,33,CE,Juazeiro do Norte,Unidade de Saúde da Família,Oftalmologia,Diabetes,2024-05-16,Masculino,Exame,Bradesco Saúde
4928,Sra. Ana Cavalcanti,49,SC,Chapecó,Clínica Particular,Oftalmologia,Colesterol elevado,2026-05-30,Feminino,Exame,Unimed
4929,Caleb Nunes,30,PR,Londrina,Pronto-Socorro,Neurologia,Alergia,2023-12-30,Feminino,Exame,SUS
4930,Ayla Nunes,74,PR,Cascavel,UPA,Pediatria,Colesterol elevado,2025-04-29,Feminino,Retorno,Bradesco Saúde
4931,Caio Pimenta,45,RJ,Rio de Janeiro,Hospital,Pediatria,Dor abdominal,2026-01-10,Feminino,Urgência,SUS
4932,Srta. Maria Clara Ribeiro,32,SC,Chapecó,Pronto-Socorro,Ginecologia,Hipertensão,2024-02-18,Feminino,Retorno,Particular
4933,Melissa da Mota,2,GO,Anápolis,Centro Médico,Clínica Geral,Enxaqueca,2025-12-05,Feminino,Retorno,Amil
4934,Vinícius Cunha,62,SP,São José dos Campos,Laboratório,Pediatria,Consulta de rotina,2025-04-29,Masculino,Urgência,Unimed
4935,Luiz Felipe Cavalcanti,58,GO,Rio Verde,Clínica Particular,Oftalmologia,Gastrite,2025-01-02,Masculino,Urgência,Bradesco Saúde
4936,Lavínia Borges,57,RJ,Rio de Janeiro,Pronto-Socorro,Neurologia,Asma,2024-04-19,Masculino,Exame,Amil
4937,Maria Sophia Ferreira,79,BA,Feira de Santana,Unidade de Saúde da Família,Endocrinologia,Artrite,2025-03-11,Feminino,Exame,Unimed
4938,Srta. Maria Liz Dias,84,SC,Blumenau,Centro Médico,Neurologia,Diabetes,2023-12-18,Masculino,Consulta,SulAmérica
4939,Davi Cardoso,34,GO,Anápolis,Pronto-Socorro,Psiquiatria,Ansiedade,2024-10-08,Feminino,Consulta,Amil
4940,Bruno Mendonça,24,PR,Maringá,Centro Médico,Neurologia,Enxaqueca,2025-07-07,Feminino,Exame,Amil
4941,Sabrina Siqueira,57,RS,Caxias do Sul,UPA,Cardiologia,Infecção respiratória,2024-06-14,Masculino,Urgência,Bradesco Saúde
4942,Isabel Ferreira,48,CE,Sobral,Laboratório,Cardiologia,Colesterol elevado,2024-05-25,Masculino,Exame,Unimed
4943,Sra. Ana Laura Santos,76,BA,Ilhéus,Clínica Particular,Pediatria,Asma,2024-05-29,Masculino,Consulta,SulAmérica
4944,Zoe das Neves,42,SP,São Paulo,Hospital,Ginecologia,Enxaqueca,2026-05-08,Feminino,Consulta,Amil
4945,Ana Carolina Caldeira,42,PR,Cascavel,Centro Médico,Dermatologia,Hipertensão,2024-03-27,Feminino,Consulta,Bradesco Saúde
4946,Dra. Eduarda Nunes,39,PR,Maringá,UPA,Dermatologia,Gastrite,2024-09-28,Masculino,Exame,Particular
4947,Sr. Nathan Sampaio,79,MG,Uberlândia,Clínica Particular,Ortopedia,Ansiedade,2026-01-13,Masculino,Exame,Unimed
4948,Ana Clara Freitas,48,PR,Londrina,Clínica Particular,Ginecologia,Consulta de rotina,2026-05-17,Feminino,Urgência,Bradesco Saúde
4949,Srta. Lorena Pires,74,SC,Florianópolis,Laboratório,Pediatria,Artrite,2024-05-20,Masculino,Consulta,Bradesco Saúde
4950,Mariane Siqueira,68,PE,Recife,Unidade de Saúde da Família,Endocrinologia,Alergia,2025-06-02,Feminino,Exame,Bradesco Saúde
4951,Eduarda Carvalho,90,SC,Joinville,Unidade de Saúde da Família,Ortopedia,Alergia,2025-02-20,Feminino,Retorno,Particular
4952,Alice Barbosa,59,GO,Rio Verde,Clínica Particular,Psiquiatria,Infecção urinária,2026-01-30,Masculino,Exame,Amil
4953,Matteo Rocha,73,PE,Recife,Unidade de Saúde da Família,Psiquiatria,Alergia,2025-03-21,Feminino,Urgência,Particular
4954,Dr. Emanuel Silva,36,SP,Santos,Centro Médico,Clínica Geral,Alergia,2025-09-17,Masculino,Exame,SUS
4955,Rhavi Cassiano,88,GO,Goiânia,UBS,Clínica Geral,Ansiedade,2024-02-20,Feminino,Retorno,SulAmérica
4956,Dr. Arthur Gabriel Barros,52,MG,Uberlândia,Centro Médico,Pediatria,Alergia,2025-04-09,Masculino,Urgência,Unimed
4957,André Silva,3,PE,Olinda,Centro Médico,Psiquiatria,Enxaqueca,2024-09-28,Masculino,Urgência,Amil
4958,Olivia Moura,9,CE,Fortaleza,Unidade de Saúde da Família,Neurologia,Lombalgia,2026-07-17,Masculino,Exame,SUS
4959,Bruno Campos,71,RS,Pelotas,UBS,Psiquiatria,Colesterol elevado,2025-11-09,Feminino,Consulta,Bradesco Saúde
4960,Júlia Leão,1,SC,Blumenau,Unidade de Saúde da Família,Ginecologia,Asma,2025-01-11,Feminino,Retorno,SulAmérica
4961,Rhavi da Cunha,47,SC,Florianópolis,Clínica Particular,Oftalmologia,Lombalgia,2024-05-14,Feminino,Retorno,Amil
4962,Luiza Câmara,80,SC,Joinville,Centro Médico,Clínica Geral,Colesterol elevado,2025-02-28,Feminino,Consulta,Unimed
4963,Lunna Costa,6,RJ,Niterói,Laboratório,Psiquiatria,Gastrite,2026-04-16,Feminino,Retorno,Particular
4964,Nathan Câmara,41,MG,Belo Horizonte,Laboratório,Endocrinologia,Dor abdominal,2025-08-07,Feminino,Consulta,SUS
4965,Isaac Farias,29,CE,Juazeiro do Norte,Unidade de Saúde da Família,Psiquiatria,Ansiedade,2026-05-12,Masculino,Consulta,Unimed
4966,André Brito,40,GO,Aparecida de Goiânia,UBS,Ortopedia,Alergia,2024-09-21,Masculino,Exame,SUS
4967,Sr. Pedro Henrique Jesus,89,SP,Ribeirão Preto,Clínica Particular,Psiquiatria,Hipertensão,2025-12-16,Feminino,Retorno,Particular
4968,Apollo Camargo,88,PE,Caruaru,Clínica Particular,Oftalmologia,Colesterol elevado,2024-06-18,Masculino,Exame,Amil
4969,Heitor da Cruz,69,MG,Uberlândia,Laboratório,Oftalmologia,Lombalgia,2025-02-01,Feminino,Consulta,Amil
4970,Ana Beatriz Machado,48,CE,Sobral,Centro Médico,Psiquiatria,Lombalgia,2024-10-16,Feminino,Retorno,SulAmérica
4971,Pedro Lucas Vargas,13,BA,Vitória da Conquista,Hospital,Ginecologia,Asma,2024-11-16,Feminino,Exame,SulAmérica
4972,Benjamin Sá,2,MG,Juiz de Fora,Pronto-Socorro,Clínica Geral,Infecção respiratória,2026-02-20,Feminino,Consulta,Particular
4973,Sr. Paulo Rezende,42,SC,Blumenau,Unidade de Saúde da Família,Pediatria,Dor abdominal,2025-01-20,Feminino,Exame,Bradesco Saúde
4974,Diego Aragão,61,RS,Pelotas,UPA,Clínica Geral,Artrite,2025-07-22,Masculino,Retorno,Unimed
4975,Emilly da Mata,37,RJ,Rio de Janeiro,UBS,Ginecologia,Hipertensão,2023-10-25,Feminino,Urgência,Bradesco Saúde
4976,Dra. Larissa Barros,52,PR,Curitiba,Laboratório,Clínica Geral,Artrite,2024-05-08,Masculino,Exame,SulAmérica
4977,Ana Beatriz da Conceição,44,RJ,Rio de Janeiro,Centro Médico,Oftalmologia,Gastrite,2026-02-25,Masculino,Retorno,SulAmérica
4978,Dra. Joana Aragão,91,RS,Porto Alegre,Pronto-Socorro,Neurologia,Infecção urinária,2026-04-04,Feminino,Consulta,Particular
4979,Dra. Maria Alice da Costa,43,SP,Santos,Pronto-Socorro,Clínica Geral,Infecção urinária,2026-02-27,Masculino,Retorno,SulAmérica
4980,Sra. Raquel Nunes,52,CE,Fortaleza,Hospital,Oftalmologia,Enxaqueca,2025-01-13,Feminino,Retorno,Unimed
4981,Nathan Sales,95,PE,Caruaru,Hospital,Ortopedia,Colesterol elevado,2025-04-22,Feminino,Retorno,Bradesco Saúde
4982,Maria Sophia da Conceição,38,PR,Cascavel,Unidade de Saúde da Família,Pediatria,Dermatite,2024-11-14,Masculino,Urgência,Unimed
4983,Fernando Guerra,63,BA,Salvador,Hospital,Endocrinologia,Asma,2025-11-08,Masculino,Retorno,Unimed
4984,Júlia Pastor,83,RJ,Petrópolis,UPA,Dermatologia,Enxaqueca,2025-03-18,Feminino,Exame,SulAmérica
4985,Yan da Cruz,6,PR,Curitiba,Hospital,Dermatologia,Lombalgia,2026-08-15,Masculino,Consulta,Unimed
4986,Maria Laura Lopes,64,SC,Chapecó,UPA,Ginecologia,Diabetes,2025-09-06,Feminino,Consulta,SulAmérica
4987,Maysa Ramos,15,GO,Rio Verde,Unidade de Saúde da Família,Clínica Geral,Consulta de rotina,2025-08-15,Feminino,Retorno,Particular
4988,Maitê Costela,76,CE,Fortaleza,UBS,Oftalmologia,Gastrite,2026-04-10,Masculino,Retorno,Particular
4989,Gustavo Henrique Araújo,49,PR,Maringá,UBS,Pediatria,Artrite,2025-03-02,Masculino,Urgência,Particular
4990,Vitor Moraes,33,RJ,Volta Redonda,Centro Médico,Dermatologia,Ansiedade,2025-03-02,Feminino,Exame,SUS
4991,Srta. Rafaela da Luz,30,BA,Ilhéus,UBS,Pediatria,Dermatite,2024-10-17,Feminino,Retorno,Amil
4992,Luiza Vieira,57,RJ,Niterói,Laboratório,Psiquiatria,Artrite,2025-02-14,Feminino,Exame,SUS
4993,Joaquim Dias,64,MG,Juiz de Fora,Pronto-Socorro,Neurologia,Enxaqueca,2025-11-15,Feminino,Consulta,Bradesco Saúde
4994,Luísa Borges,83,SP,São José dos Campos,Unidade de Saúde da Família,Cardiologia,Alergia,2024-11-03,Masculino,Retorno,Particular
4995,Caio das Neves,13,BA,Ilhéus,Laboratório,Clínica Geral,Ansiedade,2026-04-23,Feminino,Retorno,Amil
4996,Otto Azevedo,33,RJ,Petrópolis,Unidade de Saúde da Família,Cardiologia,Ansiedade,2024-04-08,Feminino,Urgência,Particular
4997,Melina Vargas,14,RS,Pelotas,Centro Médico,Pediatria,Gastrite,2024-12-29,Feminino,Urgência,Unimed
4998,Pietra Costa,77,SC,Joinville,Laboratório,Psiquiatria,Enxaqueca,2025-09-14,Feminino,Urgência,Particular
4999,Rafaela Aragão,29,GO,Goiânia,Unidade de Saúde da Família,Endocrinologia,Hipertensão,2026-04-30,Feminino,Exame,Amil
5000,Maria Sophia Teixeira,78,MG,Belo Horizonte,Clínica Particular,Endocrinologia,Colesterol elevado,2025-11-23,Masculino,Exame,SUS
